[2026-05-05 20:41:51] error: Error: Invalid or expired token
    at authenticate (C:\Users\Mohamed Hany\Desktop\ادارة المهام\backend\src\middleware\auth.ts:49:12)
    at Layer.handle [as handle_request] (C:\Users\Mohamed Hany\Desktop\ادارة المهام\backend\node_modules\express\lib\router\layer.js:95:5)
    at trim_prefix (C:\Users\Mohamed Hany\Desktop\ادارة المهام\backend\node_modules\express\lib\router\index.js:328:13)
    at C:\Users\Mohamed Hany\Desktop\ادارة المهام\backend\node_modules\express\lib\router\index.js:286:9
    at Function.process_params (C:\Users\Mohamed Hany\Desktop\ادارة المهام\backend\node_modules\express\lib\router\index.js:346:12)
    at next (C:\Users\Mohamed Hany\Desktop\ادارة المهام\backend\node_modules\express\lib\router\index.js:280:10)
    at Function.handle (C:\Users\Mohamed Hany\Desktop\ادارة المهام\backend\node_modules\express\lib\router\index.js:175:3)
    at router (C:\Users\Mohamed Hany\Desktop\ادارة المهام\backend\node_modules\express\lib\router\index.js:47:12)
    at Layer.handle [as handle_request] (C:\Users\Mohamed Hany\Desktop\ادارة المهام\backend\node_modules\express\lib\router\layer.js:95:5)
    at trim_prefix (C:\Users\Mohamed Hany\Desktop\ادارة المهام\backend\node_modules\express\lib\router\index.js:328:13)
[2026-05-05 20:41:51] error: Error: Invalid or expired token
    at authenticate (C:\Users\Mohamed Hany\Desktop\ادارة المهام\backend\src\middleware\auth.ts:49:12)
    at Layer.handle [as handle_request] (C:\Users\Mohamed Hany\Desktop\ادارة المهام\backend\node_modules\express\lib\router\layer.js:95:5)
    at trim_prefix (C:\Users\Mohamed Hany\Desktop\ادارة المهام\backend\node_modules\express\lib\router\index.js:328:13)
    at C:\Users\Mohamed Hany\Desktop\ادارة المهام\backend\node_modules\express\lib\router\index.js:286:9
    at Function.process_params (C:\Users\Mohamed Hany\Desktop\ادارة المهام\backend\node_modules\express\lib\router\index.js:346:12)
    at next (C:\Users\Mohamed Hany\Desktop\ادارة المهام\backend\node_modules\express\lib\router\index.js:280:10)
    at Function.handle (C:\Users\Mohamed Hany\Desktop\ادارة المهام\backend\node_modules\express\lib\router\index.js:175:3)
    at router (C:\Users\Mohamed Hany\Desktop\ادارة المهام\backend\node_modules\express\lib\router\index.js:47:12)
    at Layer.handle [as handle_request] (C:\Users\Mohamed Hany\Desktop\ادارة المهام\backend\node_modules\express\lib\router\layer.js:95:5)
    at trim_prefix (C:\Users\Mohamed Hany\Desktop\ادارة المهام\backend\node_modules\express\lib\router\index.js:328:13)
[2026-05-05 20:57:09] error: Error: Invalid or expired token
    at authenticate (C:\Users\Mohamed Hany\Desktop\ادارة المهام\backend\src\middleware\auth.ts:49:12)
    at Layer.handle [as handle_request] (C:\Users\Mohamed Hany\Desktop\ادارة المهام\backend\node_modules\express\lib\router\layer.js:95:5)
    at next (C:\Users\Mohamed Hany\Desktop\ادارة المهام\backend\node_modules\express\lib\router\route.js:149:13)
    at Route.dispatch (C:\Users\Mohamed Hany\Desktop\ادارة المهام\backend\node_modules\express\lib\router\route.js:119:3)
    at Layer.handle [as handle_request] (C:\Users\Mohamed Hany\Desktop\ادارة المهام\backend\node_modules\express\lib\router\layer.js:95:5)
    at C:\Users\Mohamed Hany\Desktop\ادارة المهام\backend\node_modules\express\lib\router\index.js:284:15
    at Function.process_params (C:\Users\Mohamed Hany\Desktop\ادارة المهام\backend\node_modules\express\lib\router\index.js:346:12)
    at next (C:\Users\Mohamed Hany\Desktop\ادارة المهام\backend\node_modules\express\lib\router\index.js:280:10)
    at Function.handle (C:\Users\Mohamed Hany\Desktop\ادارة المهام\backend\node_modules\express\lib\router\index.js:175:3)
    at router (C:\Users\Mohamed Hany\Desktop\ادارة المهام\backend\node_modules\express\lib\router\index.js:47:12)
[2026-05-05 21:13:46] error: Error: Invalid or expired token
    at authenticate (C:\Users\Mohamed Hany\Desktop\ادارة المهام\backend\src\middleware\auth.ts:49:12)
    at Layer.handle [as handle_request] (C:\Users\Mohamed Hany\Desktop\ادارة المهام\backend\node_modules\express\lib\router\layer.js:95:5)
    at trim_prefix (C:\Users\Mohamed Hany\Desktop\ادارة المهام\backend\node_modules\express\lib\router\index.js:328:13)
    at C:\Users\Mohamed Hany\Desktop\ادارة المهام\backend\node_modules\express\lib\router\index.js:286:9
    at Function.process_params (C:\Users\Mohamed Hany\Desktop\ادارة المهام\backend\node_modules\express\lib\router\index.js:346:12)
    at next (C:\Users\Mohamed Hany\Desktop\ادارة المهام\backend\node_modules\express\lib\router\index.js:280:10)
    at Function.handle (C:\Users\Mohamed Hany\Desktop\ادارة المهام\backend\node_modules\express\lib\router\index.js:175:3)
    at router (C:\Users\Mohamed Hany\Desktop\ادارة المهام\backend\node_modules\express\lib\router\index.js:47:12)
    at Layer.handle [as handle_request] (C:\Users\Mohamed Hany\Desktop\ادارة المهام\backend\node_modules\express\lib\router\layer.js:95:5)
    at trim_prefix (C:\Users\Mohamed Hany\Desktop\ادارة المهام\backend\node_modules\express\lib\router\index.js:328:13)
[2026-05-05 21:20:11] error: Error: No token provided
    at authenticate (C:\Users\Mohamed Hany\Desktop\ادارة المهام\backend\src\middleware\auth.ts:24:13)
    at Layer.handle [as handle_request] (C:\Users\Mohamed Hany\Desktop\ادارة المهام\backend\node_modules\express\lib\router\layer.js:95:5)
    at trim_prefix (C:\Users\Mohamed Hany\Desktop\ادارة المهام\backend\node_modules\express\lib\router\index.js:328:13)
    at C:\Users\Mohamed Hany\Desktop\ادارة المهام\backend\node_modules\express\lib\router\index.js:286:9
    at Function.process_params (C:\Users\Mohamed Hany\Desktop\ادارة المهام\backend\node_modules\express\lib\router\index.js:346:12)
    at next (C:\Users\Mohamed Hany\Desktop\ادارة المهام\backend\node_modules\express\lib\router\index.js:280:10)
    at Function.handle (C:\Users\Mohamed Hany\Desktop\ادارة المهام\backend\node_modules\express\lib\router\index.js:175:3)
    at router (C:\Users\Mohamed Hany\Desktop\ادارة المهام\backend\node_modules\express\lib\router\index.js:47:12)
    at Layer.handle [as handle_request] (C:\Users\Mohamed Hany\Desktop\ادارة المهام\backend\node_modules\express\lib\router\layer.js:95:5)
    at trim_prefix (C:\Users\Mohamed Hany\Desktop\ادارة المهام\backend\node_modules\express\lib\router\index.js:328:13)
[2026-05-05 21:20:11] error: Error: No token provided
    at authenticate (C:\Users\Mohamed Hany\Desktop\ادارة المهام\backend\src\middleware\auth.ts:24:13)
    at Layer.handle [as handle_request] (C:\Users\Mohamed Hany\Desktop\ادارة المهام\backend\node_modules\express\lib\router\layer.js:95:5)
    at trim_prefix (C:\Users\Mohamed Hany\Desktop\ادارة المهام\backend\node_modules\express\lib\router\index.js:328:13)
    at C:\Users\Mohamed Hany\Desktop\ادارة المهام\backend\node_modules\express\lib\router\index.js:286:9
    at Function.process_params (C:\Users\Mohamed Hany\Desktop\ادارة المهام\backend\node_modules\express\lib\router\index.js:346:12)
    at next (C:\Users\Mohamed Hany\Desktop\ادارة المهام\backend\node_modules\express\lib\router\index.js:280:10)
    at Function.handle (C:\Users\Mohamed Hany\Desktop\ادارة المهام\backend\node_modules\express\lib\router\index.js:175:3)
    at router (C:\Users\Mohamed Hany\Desktop\ادارة المهام\backend\node_modules\express\lib\router\index.js:47:12)
    at Layer.handle [as handle_request] (C:\Users\Mohamed Hany\Desktop\ادارة المهام\backend\node_modules\express\lib\router\layer.js:95:5)
    at trim_prefix (C:\Users\Mohamed Hany\Desktop\ادارة المهام\backend\node_modules\express\lib\router\index.js:328:13)
[2026-05-05 21:20:19] error: Error: No token provided
    at authenticate (C:\Users\Mohamed Hany\Desktop\ادارة المهام\backend\src\middleware\auth.ts:24:13)
    at Layer.handle [as handle_request] (C:\Users\Mohamed Hany\Desktop\ادارة المهام\backend\node_modules\express\lib\router\layer.js:95:5)
    at trim_prefix (C:\Users\Mohamed Hany\Desktop\ادارة المهام\backend\node_modules\express\lib\router\index.js:328:13)
    at C:\Users\Mohamed Hany\Desktop\ادارة المهام\backend\node_modules\express\lib\router\index.js:286:9
    at Function.process_params (C:\Users\Mohamed Hany\Desktop\ادارة المهام\backend\node_modules\express\lib\router\index.js:346:12)
    at next (C:\Users\Mohamed Hany\Desktop\ادارة المهام\backend\node_modules\express\lib\router\index.js:280:10)
    at Function.handle (C:\Users\Mohamed Hany\Desktop\ادارة المهام\backend\node_modules\express\lib\router\index.js:175:3)
    at router (C:\Users\Mohamed Hany\Desktop\ادارة المهام\backend\node_modules\express\lib\router\index.js:47:12)
    at Layer.handle [as handle_request] (C:\Users\Mohamed Hany\Desktop\ادارة المهام\backend\node_modules\express\lib\router\layer.js:95:5)
    at trim_prefix (C:\Users\Mohamed Hany\Desktop\ادارة المهام\backend\node_modules\express\lib\router\index.js:328:13)
[2026-05-05 21:20:24] error: Error: No token provided
    at authenticate (C:\Users\Mohamed Hany\Desktop\ادارة المهام\backend\src\middleware\auth.ts:24:13)
    at Layer.handle [as handle_request] (C:\Users\Mohamed Hany\Desktop\ادارة المهام\backend\node_modules\express\lib\router\layer.js:95:5)
    at next (C:\Users\Mohamed Hany\Desktop\ادارة المهام\backend\node_modules\express\lib\router\route.js:149:13)
    at Route.dispatch (C:\Users\Mohamed Hany\Desktop\ادارة المهام\backend\node_modules\express\lib\router\route.js:119:3)
    at Layer.handle [as handle_request] (C:\Users\Mohamed Hany\Desktop\ادارة المهام\backend\node_modules\express\lib\router\layer.js:95:5)
    at C:\Users\Mohamed Hany\Desktop\ادارة المهام\backend\node_modules\express\lib\router\index.js:284:15
    at Function.process_params (C:\Users\Mohamed Hany\Desktop\ادارة المهام\backend\node_modules\express\lib\router\index.js:346:12)
    at next (C:\Users\Mohamed Hany\Desktop\ادارة المهام\backend\node_modules\express\lib\router\index.js:280:10)
    at Function.handle (C:\Users\Mohamed Hany\Desktop\ادارة المهام\backend\node_modules\express\lib\router\index.js:175:3)
    at router (C:\Users\Mohamed Hany\Desktop\ادارة المهام\backend\node_modules\express\lib\router\index.js:47:12)
[2026-05-05 21:20:28] error: Error: No token provided
    at authenticate (C:\Users\Mohamed Hany\Desktop\ادارة المهام\backend\src\middleware\auth.ts:24:13)
    at Layer.handle [as handle_request] (C:\Users\Mohamed Hany\Desktop\ادارة المهام\backend\node_modules\express\lib\router\layer.js:95:5)
    at trim_prefix (C:\Users\Mohamed Hany\Desktop\ادارة المهام\backend\node_modules\express\lib\router\index.js:328:13)
    at C:\Users\Mohamed Hany\Desktop\ادارة المهام\backend\node_modules\express\lib\router\index.js:286:9
    at Function.process_params (C:\Users\Mohamed Hany\Desktop\ادارة المهام\backend\node_modules\express\lib\router\index.js:346:12)
    at next (C:\Users\Mohamed Hany\Desktop\ادارة المهام\backend\node_modules\express\lib\router\index.js:280:10)
    at Function.handle (C:\Users\Mohamed Hany\Desktop\ادارة المهام\backend\node_modules\express\lib\router\index.js:175:3)
    at router (C:\Users\Mohamed Hany\Desktop\ادارة المهام\backend\node_modules\express\lib\router\index.js:47:12)
    at Layer.handle [as handle_request] (C:\Users\Mohamed Hany\Desktop\ادارة المهام\backend\node_modules\express\lib\router\layer.js:95:5)
    at trim_prefix (C:\Users\Mohamed Hany\Desktop\ادارة المهام\backend\node_modules\express\lib\router\index.js:328:13)
[2026-05-05 21:20:29] error: Error: No token provided
    at authenticate (C:\Users\Mohamed Hany\Desktop\ادارة المهام\backend\src\middleware\auth.ts:24:13)
    at Layer.handle [as handle_request] (C:\Users\Mohamed Hany\Desktop\ادارة المهام\backend\node_modules\express\lib\router\layer.js:95:5)
    at trim_prefix (C:\Users\Mohamed Hany\Desktop\ادارة المهام\backend\node_modules\express\lib\router\index.js:328:13)
    at C:\Users\Mohamed Hany\Desktop\ادارة المهام\backend\node_modules\express\lib\router\index.js:286:9
    at Function.process_params (C:\Users\Mohamed Hany\Desktop\ادارة المهام\backend\node_modules\express\lib\router\index.js:346:12)
    at next (C:\Users\Mohamed Hany\Desktop\ادارة المهام\backend\node_modules\express\lib\router\index.js:280:10)
    at Function.handle (C:\Users\Mohamed Hany\Desktop\ادارة المهام\backend\node_modules\express\lib\router\index.js:175:3)
    at router (C:\Users\Mohamed Hany\Desktop\ادارة المهام\backend\node_modules\express\lib\router\index.js:47:12)
    at Layer.handle [as handle_request] (C:\Users\Mohamed Hany\Desktop\ادارة المهام\backend\node_modules\express\lib\router\layer.js:95:5)
    at trim_prefix (C:\Users\Mohamed Hany\Desktop\ادارة المهام\backend\node_modules\express\lib\router\index.js:328:13)
[2026-05-05 21:20:29] error: Error: No token provided
    at authenticate (C:\Users\Mohamed Hany\Desktop\ادارة المهام\backend\src\middleware\auth.ts:24:13)
    at Layer.handle [as handle_request] (C:\Users\Mohamed Hany\Desktop\ادارة المهام\backend\node_modules\express\lib\router\layer.js:95:5)
    at trim_prefix (C:\Users\Mohamed Hany\Desktop\ادارة المهام\backend\node_modules\express\lib\router\index.js:328:13)
    at C:\Users\Mohamed Hany\Desktop\ادارة المهام\backend\node_modules\express\lib\router\index.js:286:9
    at Function.process_params (C:\Users\Mohamed Hany\Desktop\ادارة المهام\backend\node_modules\express\lib\router\index.js:346:12)
    at next (C:\Users\Mohamed Hany\Desktop\ادارة المهام\backend\node_modules\express\lib\router\index.js:280:10)
    at Function.handle (C:\Users\Mohamed Hany\Desktop\ادارة المهام\backend\node_modules\express\lib\router\index.js:175:3)
    at router (C:\Users\Mohamed Hany\Desktop\ادارة المهام\backend\node_modules\express\lib\router\index.js:47:12)
    at Layer.handle [as handle_request] (C:\Users\Mohamed Hany\Desktop\ادارة المهام\backend\node_modules\express\lib\router\layer.js:95:5)
    at trim_prefix (C:\Users\Mohamed Hany\Desktop\ادارة المهام\backend\node_modules\express\lib\router\index.js:328:13)
[2026-05-05 21:20:33] error: Error: No token provided
    at authenticate (C:\Users\Mohamed Hany\Desktop\ادارة المهام\backend\src\middleware\auth.ts:24:13)
    at Layer.handle [as handle_request] (C:\Users\Mohamed Hany\Desktop\ادارة المهام\backend\node_modules\express\lib\router\layer.js:95:5)
    at trim_prefix (C:\Users\Mohamed Hany\Desktop\ادارة المهام\backend\node_modules\express\lib\router\index.js:328:13)
    at C:\Users\Mohamed Hany\Desktop\ادارة المهام\backend\node_modules\express\lib\router\index.js:286:9
    at Function.process_params (C:\Users\Mohamed Hany\Desktop\ادارة المهام\backend\node_modules\express\lib\router\index.js:346:12)
    at next (C:\Users\Mohamed Hany\Desktop\ادارة المهام\backend\node_modules\express\lib\router\index.js:280:10)
    at Function.handle (C:\Users\Mohamed Hany\Desktop\ادارة المهام\backend\node_modules\express\lib\router\index.js:175:3)
    at router (C:\Users\Mohamed Hany\Desktop\ادارة المهام\backend\node_modules\express\lib\router\index.js:47:12)
    at Layer.handle [as handle_request] (C:\Users\Mohamed Hany\Desktop\ادارة المهام\backend\node_modules\express\lib\router\layer.js:95:5)
    at trim_prefix (C:\Users\Mohamed Hany\Desktop\ادارة المهام\backend\node_modules\express\lib\router\index.js:328:13)
[2026-05-05 21:20:34] error: Error: No token provided
    at authenticate (C:\Users\Mohamed Hany\Desktop\ادارة المهام\backend\src\middleware\auth.ts:24:13)
    at Layer.handle [as handle_request] (C:\Users\Mohamed Hany\Desktop\ادارة المهام\backend\node_modules\express\lib\router\layer.js:95:5)
    at trim_prefix (C:\Users\Mohamed Hany\Desktop\ادارة المهام\backend\node_modules\express\lib\router\index.js:328:13)
    at C:\Users\Mohamed Hany\Desktop\ادارة المهام\backend\node_modules\express\lib\router\index.js:286:9
    at Function.process_params (C:\Users\Mohamed Hany\Desktop\ادارة المهام\backend\node_modules\express\lib\router\index.js:346:12)
    at next (C:\Users\Mohamed Hany\Desktop\ادارة المهام\backend\node_modules\express\lib\router\index.js:280:10)
    at Function.handle (C:\Users\Mohamed Hany\Desktop\ادارة المهام\backend\node_modules\express\lib\router\index.js:175:3)
    at router (C:\Users\Mohamed Hany\Desktop\ادارة المهام\backend\node_modules\express\lib\router\index.js:47:12)
    at Layer.handle [as handle_request] (C:\Users\Mohamed Hany\Desktop\ادارة المهام\backend\node_modules\express\lib\router\layer.js:95:5)
    at trim_prefix (C:\Users\Mohamed Hany\Desktop\ادارة المهام\backend\node_modules\express\lib\router\index.js:328:13)
[2026-05-05 21:20:39] error: Error: No token provided
    at authenticate (C:\Users\Mohamed Hany\Desktop\ادارة المهام\backend\src\middleware\auth.ts:24:13)
    at Layer.handle [as handle_request] (C:\Users\Mohamed Hany\Desktop\ادارة المهام\backend\node_modules\express\lib\router\layer.js:95:5)
    at trim_prefix (C:\Users\Mohamed Hany\Desktop\ادارة المهام\backend\node_modules\express\lib\router\index.js:328:13)
    at C:\Users\Mohamed Hany\Desktop\ادارة المهام\backend\node_modules\express\lib\router\index.js:286:9
    at Function.process_params (C:\Users\Mohamed Hany\Desktop\ادارة المهام\backend\node_modules\express\lib\router\index.js:346:12)
    at next (C:\Users\Mohamed Hany\Desktop\ادارة المهام\backend\node_modules\express\lib\router\index.js:280:10)
    at Function.handle (C:\Users\Mohamed Hany\Desktop\ادارة المهام\backend\node_modules\express\lib\router\index.js:175:3)
    at router (C:\Users\Mohamed Hany\Desktop\ادارة المهام\backend\node_modules\express\lib\router\index.js:47:12)
    at Layer.handle [as handle_request] (C:\Users\Mohamed Hany\Desktop\ادارة المهام\backend\node_modules\express\lib\router\layer.js:95:5)
    at trim_prefix (C:\Users\Mohamed Hany\Desktop\ادارة المهام\backend\node_modules\express\lib\router\index.js:328:13)
[2026-05-05 21:20:40] error: Error: No token provided
    at authenticate (C:\Users\Mohamed Hany\Desktop\ادارة المهام\backend\src\middleware\auth.ts:24:13)
    at Layer.handle [as handle_request] (C:\Users\Mohamed Hany\Desktop\ادارة المهام\backend\node_modules\express\lib\router\layer.js:95:5)
    at trim_prefix (C:\Users\Mohamed Hany\Desktop\ادارة المهام\backend\node_modules\express\lib\router\index.js:328:13)
    at C:\Users\Mohamed Hany\Desktop\ادارة المهام\backend\node_modules\express\lib\router\index.js:286:9
    at Function.process_params (C:\Users\Mohamed Hany\Desktop\ادارة المهام\backend\node_modules\express\lib\router\index.js:346:12)
    at next (C:\Users\Mohamed Hany\Desktop\ادارة المهام\backend\node_modules\express\lib\router\index.js:280:10)
    at Function.handle (C:\Users\Mohamed Hany\Desktop\ادارة المهام\backend\node_modules\express\lib\router\index.js:175:3)
    at router (C:\Users\Mohamed Hany\Desktop\ادارة المهام\backend\node_modules\express\lib\router\index.js:47:12)
    at Layer.handle [as handle_request] (C:\Users\Mohamed Hany\Desktop\ادارة المهام\backend\node_modules\express\lib\router\layer.js:95:5)
    at trim_prefix (C:\Users\Mohamed Hany\Desktop\ادارة المهام\backend\node_modules\express\lib\router\index.js:328:13)
[2026-05-05 21:20:40] error: Error: No token provided
    at authenticate (C:\Users\Mohamed Hany\Desktop\ادارة المهام\backend\src\middleware\auth.ts:24:13)
    at Layer.handle [as handle_request] (C:\Users\Mohamed Hany\Desktop\ادارة المهام\backend\node_modules\express\lib\router\layer.js:95:5)
    at trim_prefix (C:\Users\Mohamed Hany\Desktop\ادارة المهام\backend\node_modules\express\lib\router\index.js:328:13)
    at C:\Users\Mohamed Hany\Desktop\ادارة المهام\backend\node_modules\express\lib\router\index.js:286:9
    at Function.process_params (C:\Users\Mohamed Hany\Desktop\ادارة المهام\backend\node_modules\express\lib\router\index.js:346:12)
    at next (C:\Users\Mohamed Hany\Desktop\ادارة المهام\backend\node_modules\express\lib\router\index.js:280:10)
    at Function.handle (C:\Users\Mohamed Hany\Desktop\ادارة المهام\backend\node_modules\express\lib\router\index.js:175:3)
    at router (C:\Users\Mohamed Hany\Desktop\ادارة المهام\backend\node_modules\express\lib\router\index.js:47:12)
    at Layer.handle [as handle_request] (C:\Users\Mohamed Hany\Desktop\ادارة المهام\backend\node_modules\express\lib\router\layer.js:95:5)
    at trim_prefix (C:\Users\Mohamed Hany\Desktop\ادارة المهام\backend\node_modules\express\lib\router\index.js:328:13)
[2026-05-05 21:21:01] error: Error: No token provided
    at authenticate (C:\Users\Mohamed Hany\Desktop\ادارة المهام\backend\src\middleware\auth.ts:24:13)
    at Layer.handle [as handle_request] (C:\Users\Mohamed Hany\Desktop\ادارة المهام\backend\node_modules\express\lib\router\layer.js:95:5)
    at trim_prefix (C:\Users\Mohamed Hany\Desktop\ادارة المهام\backend\node_modules\express\lib\router\index.js:328:13)
    at C:\Users\Mohamed Hany\Desktop\ادارة المهام\backend\node_modules\express\lib\router\index.js:286:9
    at Function.process_params (C:\Users\Mohamed Hany\Desktop\ادارة المهام\backend\node_modules\express\lib\router\index.js:346:12)
    at next (C:\Users\Mohamed Hany\Desktop\ادارة المهام\backend\node_modules\express\lib\router\index.js:280:10)
    at Function.handle (C:\Users\Mohamed Hany\Desktop\ادارة المهام\backend\node_modules\express\lib\router\index.js:175:3)
    at router (C:\Users\Mohamed Hany\Desktop\ادارة المهام\backend\node_modules\express\lib\router\index.js:47:12)
    at Layer.handle [as handle_request] (C:\Users\Mohamed Hany\Desktop\ادارة المهام\backend\node_modules\express\lib\router\layer.js:95:5)
    at trim_prefix (C:\Users\Mohamed Hany\Desktop\ادارة المهام\backend\node_modules\express\lib\router\index.js:328:13)
[2026-05-05 21:21:12] error: Error: No token provided
    at authenticate (C:\Users\Mohamed Hany\Desktop\ادارة المهام\backend\src\middleware\auth.ts:24:13)
    at Layer.handle [as handle_request] (C:\Users\Mohamed Hany\Desktop\ادارة المهام\backend\node_modules\express\lib\router\layer.js:95:5)
    at next (C:\Users\Mohamed Hany\Desktop\ادارة المهام\backend\node_modules\express\lib\router\route.js:149:13)
    at Route.dispatch (C:\Users\Mohamed Hany\Desktop\ادارة المهام\backend\node_modules\express\lib\router\route.js:119:3)
    at Layer.handle [as handle_request] (C:\Users\Mohamed Hany\Desktop\ادارة المهام\backend\node_modules\express\lib\router\layer.js:95:5)
    at C:\Users\Mohamed Hany\Desktop\ادارة المهام\backend\node_modules\express\lib\router\index.js:284:15
    at Function.process_params (C:\Users\Mohamed Hany\Desktop\ادارة المهام\backend\node_modules\express\lib\router\index.js:346:12)
    at next (C:\Users\Mohamed Hany\Desktop\ادارة المهام\backend\node_modules\express\lib\router\index.js:280:10)
    at Function.handle (C:\Users\Mohamed Hany\Desktop\ادارة المهام\backend\node_modules\express\lib\router\index.js:175:3)
    at router (C:\Users\Mohamed Hany\Desktop\ادارة المهام\backend\node_modules\express\lib\router\index.js:47:12)
[2026-05-05 21:26:49] error: Error: كلمة المرور الحالية غير صحيحة / Current password incorrect
    at Object.changePassword (C:\Users\Mohamed Hany\Desktop\ادارة المهام\backend\src\modules\auth\auth.service.ts:124:23)
    at async changePassword (C:\Users\Mohamed Hany\Desktop\ادارة المهام\backend\src\modules\auth\auth.controller.ts:40:22)
[2026-05-05 21:28:04] error: Error: Forbidden: insufficient permissions
    at C:\Users\Mohamed Hany\Desktop\ادارة المهام\backend\src\middleware\auth.ts:72:19
    at Layer.handle [as handle_request] (C:\Users\Mohamed Hany\Desktop\ادارة المهام\backend\node_modules\express\lib\router\layer.js:95:5)
    at next (C:\Users\Mohamed Hany\Desktop\ادارة المهام\backend\node_modules\express\lib\router\route.js:149:13)
    at Route.dispatch (C:\Users\Mohamed Hany\Desktop\ادارة المهام\backend\node_modules\express\lib\router\route.js:119:3)
    at Layer.handle [as handle_request] (C:\Users\Mohamed Hany\Desktop\ادارة المهام\backend\node_modules\express\lib\router\layer.js:95:5)
    at C:\Users\Mohamed Hany\Desktop\ادارة المهام\backend\node_modules\express\lib\router\index.js:284:15
    at Function.process_params (C:\Users\Mohamed Hany\Desktop\ادارة المهام\backend\node_modules\express\lib\router\index.js:346:12)
    at next (C:\Users\Mohamed Hany\Desktop\ادارة المهام\backend\node_modules\express\lib\router\index.js:280:10)
    at authenticate (C:\Users\Mohamed Hany\Desktop\ادارة المهام\backend\src\middleware\auth.ts:46:5)
[2026-05-05 21:28:08] error: Error: Forbidden: insufficient permissions
    at C:\Users\Mohamed Hany\Desktop\ادارة المهام\backend\src\middleware\auth.ts:72:19
    at Layer.handle [as handle_request] (C:\Users\Mohamed Hany\Desktop\ادارة المهام\backend\node_modules\express\lib\router\layer.js:95:5)
    at next (C:\Users\Mohamed Hany\Desktop\ادارة المهام\backend\node_modules\express\lib\router\route.js:149:13)
    at Route.dispatch (C:\Users\Mohamed Hany\Desktop\ادارة المهام\backend\node_modules\express\lib\router\route.js:119:3)
    at Layer.handle [as handle_request] (C:\Users\Mohamed Hany\Desktop\ادارة المهام\backend\node_modules\express\lib\router\layer.js:95:5)
    at C:\Users\Mohamed Hany\Desktop\ادارة المهام\backend\node_modules\express\lib\router\index.js:284:15
    at Function.process_params (C:\Users\Mohamed Hany\Desktop\ادارة المهام\backend\node_modules\express\lib\router\index.js:346:12)
    at next (C:\Users\Mohamed Hany\Desktop\ادارة المهام\backend\node_modules\express\lib\router\index.js:280:10)
    at authenticate (C:\Users\Mohamed Hany\Desktop\ادارة المهام\backend\src\middleware\auth.ts:46:5)
[2026-05-05 21:28:14] error: Error: Forbidden: insufficient permissions
    at C:\Users\Mohamed Hany\Desktop\ادارة المهام\backend\src\middleware\auth.ts:72:19
    at Layer.handle [as handle_request] (C:\Users\Mohamed Hany\Desktop\ادارة المهام\backend\node_modules\express\lib\router\layer.js:95:5)
    at next (C:\Users\Mohamed Hany\Desktop\ادارة المهام\backend\node_modules\express\lib\router\route.js:149:13)
    at Route.dispatch (C:\Users\Mohamed Hany\Desktop\ادارة المهام\backend\node_modules\express\lib\router\route.js:119:3)
    at Layer.handle [as handle_request] (C:\Users\Mohamed Hany\Desktop\ادارة المهام\backend\node_modules\express\lib\router\layer.js:95:5)
    at C:\Users\Mohamed Hany\Desktop\ادارة المهام\backend\node_modules\express\lib\router\index.js:284:15
    at Function.process_params (C:\Users\Mohamed Hany\Desktop\ادارة المهام\backend\node_modules\express\lib\router\index.js:346:12)
    at next (C:\Users\Mohamed Hany\Desktop\ادارة المهام\backend\node_modules\express\lib\router\index.js:280:10)
    at authenticate (C:\Users\Mohamed Hany\Desktop\ادارة المهام\backend\src\middleware\auth.ts:46:5)
[2026-05-05 21:28:51] error: Prisma error: 
Invalid `prisma.user.update()` invocation in
C:\Users\Mohamed Hany\Desktop\ادارة المهام\backend\src\modules\users\user.service.ts:105:36

  102   phone: string; departmentId: number; roleId: number;
  103   managerId: number; isActive: boolean; profilePhoto: string; preferredLang: string;
  104 }>) {
→ 105   const user = await prisma.user.update({
          where: {
            id: 5
          },
          data: {
            id: 5,
            ~~
            employeeCode: "EMP-2026-9051",
            fullName: "mohamud mohamed",
            fullNameAr: "محمود محمد",
            username: "بندق",
            email: "mh.abdel1997@gmail.com",
            phone: null,
            departmentId: 3,
            roleId: 4,
            managerId: 1,
            isActive: true,
            isFirstLogin: true,
            failedLoginCount: 0,
            lockedUntil: null,
            profilePhoto: null,
            preferredLang: "ar",
            createdAt: "2026-05-05T18:16:35.806Z",
            updatedAt: "2026-05-05T18:16:35.806Z",
            lastLoginAt: null,
            role: {
              id: 4,
              name: "SUPERVISOR",
              nameAr: "مشرف",
              level: 4
            },
            department: {
              id: 3,
              name: "Finance",
              nameAr: "المالية",
              code: "DEP-FIN",
              parentId: null,
              managerId: null,
              isActive: true,
              createdAt: "2026-05-05T17:12:39.899Z",
              updatedAt: "2026-05-05T17:12:39.899Z"
            },
            manager: null,
            subordinates: [],
            tasksAssigned: [
              {
                id: 2,
                taskCode: "TSK-2026-23294",
                title: "تحليل اوراق الدفع الاهلى الكويتى",
                titleAr: "تحليل اوراق الدفع الاهلى الكويتى",
                description: "تحليل اوراق الدفع الاهلى الكويتى",
                categoryId: 3,
                priority: "URGENT",
                status: "NEW",
                assignedToId: 5,
                createdById: 1,
                startDate: "2026-05-04T21:00:00.000Z",
                dueDate: null,
                completedDate: null,
                progressPercent: 0,
                createdAt: "2026-05-05T18:18:38.945Z",
                updatedAt: "2026-05-05T18:18:38.945Z",
                category: {
                  id: 3,
                  name: "Finance",
                  nameAr: "مالية",
                  color: "#F18F01",
                  icon: "attach_money"
                }
              }
            ],
        ?   passwordHash?: String | StringFieldUpdateOperationsInput,
        ?   managedDepts?: DepartmentUpdateManyWithoutManagerNestedInput,
        ?   tasksCreated?: TaskUpdateManyWithoutCreatedByNestedInput,
        ?   taskComments?: TaskCommentUpdateManyWithoutUserNestedInput,
        ?   statusChanges?: TaskStatusHistoryUpdateManyWithoutChangedByNestedInput,
        ?   notifications?: NotificationUpdateManyWithoutReceiverUserNestedInput,
        ?   sentNotifications?: NotificationUpdateManyWithoutSenderUserNestedInput,
        ?   auditLogs?: AuditLogUpdateManyWithoutUserNestedInput,
        ?   transferHistory?: EmployeeTransferUpdateManyWithoutUserNestedInput
          },
          include: {
            role: true,
            department: true
          }
        })

Unknown argument `id`. Available options are marked with ?.
[2026-05-05 21:28:51] error: PrismaClientValidationError: 
Invalid `prisma.user.update()` invocation in
C:\Users\Mohamed Hany\Desktop\ادارة المهام\backend\src\modules\users\user.service.ts:105:36

  102   phone: string; departmentId: number; roleId: number;
  103   managerId: number; isActive: boolean; profilePhoto: string; preferredLang: string;
  104 }>) {
→ 105   const user = await prisma.user.update({
          where: {
            id: 5
          },
          data: {
            id: 5,
            ~~
            employeeCode: "EMP-2026-9051",
            fullName: "mohamud mohamed",
            fullNameAr: "محمود محمد",
            username: "بندق",
            email: "mh.abdel1997@gmail.com",
            phone: null,
            departmentId: 3,
            roleId: 4,
            managerId: 1,
            isActive: true,
            isFirstLogin: true,
            failedLoginCount: 0,
            lockedUntil: null,
            profilePhoto: null,
            preferredLang: "ar",
            createdAt: "2026-05-05T18:16:35.806Z",
            updatedAt: "2026-05-05T18:16:35.806Z",
            lastLoginAt: null,
            role: {
              id: 4,
              name: "SUPERVISOR",
              nameAr: "مشرف",
              level: 4
            },
            department: {
              id: 3,
              name: "Finance",
              nameAr: "المالية",
              code: "DEP-FIN",
              parentId: null,
              managerId: null,
              isActive: true,
              createdAt: "2026-05-05T17:12:39.899Z",
              updatedAt: "2026-05-05T17:12:39.899Z"
            },
            manager: null,
            subordinates: [],
            tasksAssigned: [
              {
                id: 2,
                taskCode: "TSK-2026-23294",
                title: "تحليل اوراق الدفع الاهلى الكويتى",
                titleAr: "تحليل اوراق الدفع الاهلى الكويتى",
                description: "تحليل اوراق الدفع الاهلى الكويتى",
                categoryId: 3,
                priority: "URGENT",
                status: "NEW",
                assignedToId: 5,
                createdById: 1,
                startDate: "2026-05-04T21:00:00.000Z",
                dueDate: null,
                completedDate: null,
                progressPercent: 0,
                createdAt: "2026-05-05T18:18:38.945Z",
                updatedAt: "2026-05-05T18:18:38.945Z",
                category: {
                  id: 3,
                  name: "Finance",
                  nameAr: "مالية",
                  color: "#F18F01",
                  icon: "attach_money"
                }
              }
            ],
        ?   passwordHash?: String | StringFieldUpdateOperationsInput,
        ?   managedDepts?: DepartmentUpdateManyWithoutManagerNestedInput,
        ?   tasksCreated?: TaskUpdateManyWithoutCreatedByNestedInput,
        ?   taskComments?: TaskCommentUpdateManyWithoutUserNestedInput,
        ?   statusChanges?: TaskStatusHistoryUpdateManyWithoutChangedByNestedInput,
        ?   notifications?: NotificationUpdateManyWithoutReceiverUserNestedInput,
        ?   sentNotifications?: NotificationUpdateManyWithoutSenderUserNestedInput,
        ?   auditLogs?: AuditLogUpdateManyWithoutUserNestedInput,
        ?   transferHistory?: EmployeeTransferUpdateManyWithoutUserNestedInput
          },
          include: {
            role: true,
            department: true
          }
        })

Unknown argument `id`. Available options are marked with ?.
    at throwValidationException (C:\Users\Mohamed Hany\Desktop\ادارة المهام\backend\node_modules\@prisma\client\src\runtime\core\errorRendering\throwValidationException.ts:45:9)
    at ei.handleRequestError (C:\Users\Mohamed Hany\Desktop\ادارة المهام\backend\node_modules\@prisma\client\src\runtime\RequestHandler.ts:202:7)
    at ei.handleAndLogRequestError (C:\Users\Mohamed Hany\Desktop\ادارة المهام\backend\node_modules\@prisma\client\src\runtime\RequestHandler.ts:174:12)
    at ei.request (C:\Users\Mohamed Hany\Desktop\ادارة المهام\backend\node_modules\@prisma\client\src\runtime\RequestHandler.ts:143:12)
    at async a (C:\Users\Mohamed Hany\Desktop\ادارة المهام\backend\node_modules\@prisma\client\src\runtime\getPrismaClient.ts:833:24)
    at async Object.update (C:\Users\Mohamed Hany\Desktop\ادارة المهام\backend\src\modules\users\user.service.ts:105:18)
    at async update (C:\Users\Mohamed Hany\Desktop\ادارة المهام\backend\src\modules\users\user.controller.ts:47:20)
[2026-05-05 21:29:48] error: Error: No token provided
    at authenticate (C:\Users\Mohamed Hany\Desktop\ادارة المهام\backend\src\middleware\auth.ts:24:13)
    at Layer.handle [as handle_request] (C:\Users\Mohamed Hany\Desktop\ادارة المهام\backend\node_modules\express\lib\router\layer.js:95:5)
    at trim_prefix (C:\Users\Mohamed Hany\Desktop\ادارة المهام\backend\node_modules\express\lib\router\index.js:328:13)
    at C:\Users\Mohamed Hany\Desktop\ادارة المهام\backend\node_modules\express\lib\router\index.js:286:9
    at Function.process_params (C:\Users\Mohamed Hany\Desktop\ادارة المهام\backend\node_modules\express\lib\router\index.js:346:12)
    at next (C:\Users\Mohamed Hany\Desktop\ادارة المهام\backend\node_modules\express\lib\router\index.js:280:10)
    at Function.handle (C:\Users\Mohamed Hany\Desktop\ادارة المهام\backend\node_modules\express\lib\router\index.js:175:3)
    at router (C:\Users\Mohamed Hany\Desktop\ادارة المهام\backend\node_modules\express\lib\router\index.js:47:12)
    at Layer.handle [as handle_request] (C:\Users\Mohamed Hany\Desktop\ادارة المهام\backend\node_modules\express\lib\router\layer.js:95:5)
    at trim_prefix (C:\Users\Mohamed Hany\Desktop\ادارة المهام\backend\node_modules\express\lib\router\index.js:328:13)
[2026-05-05 21:29:56] error: Error: No token provided
    at authenticate (C:\Users\Mohamed Hany\Desktop\ادارة المهام\backend\src\middleware\auth.ts:24:13)
    at Layer.handle [as handle_request] (C:\Users\Mohamed Hany\Desktop\ادارة المهام\backend\node_modules\express\lib\router\layer.js:95:5)
    at trim_prefix (C:\Users\Mohamed Hany\Desktop\ادارة المهام\backend\node_modules\express\lib\router\index.js:328:13)
    at C:\Users\Mohamed Hany\Desktop\ادارة المهام\backend\node_modules\express\lib\router\index.js:286:9
    at Function.process_params (C:\Users\Mohamed Hany\Desktop\ادارة المهام\backend\node_modules\express\lib\router\index.js:346:12)
    at next (C:\Users\Mohamed Hany\Desktop\ادارة المهام\backend\node_modules\express\lib\router\index.js:280:10)
    at Function.handle (C:\Users\Mohamed Hany\Desktop\ادارة المهام\backend\node_modules\express\lib\router\index.js:175:3)
    at router (C:\Users\Mohamed Hany\Desktop\ادارة المهام\backend\node_modules\express\lib\router\index.js:47:12)
    at Layer.handle [as handle_request] (C:\Users\Mohamed Hany\Desktop\ادارة المهام\backend\node_modules\express\lib\router\layer.js:95:5)
    at trim_prefix (C:\Users\Mohamed Hany\Desktop\ادارة المهام\backend\node_modules\express\lib\router\index.js:328:13)
[2026-05-05 21:58:05] error: Error: Invalid or expired token
    at authenticate (C:\Users\Mohamed Hany\Desktop\ادارة المهام\backend\src\middleware\auth.ts:49:12)
    at Layer.handle [as handle_request] (C:\Users\Mohamed Hany\Desktop\ادارة المهام\backend\node_modules\express\lib\router\layer.js:95:5)
    at trim_prefix (C:\Users\Mohamed Hany\Desktop\ادارة المهام\backend\node_modules\express\lib\router\index.js:328:13)
    at C:\Users\Mohamed Hany\Desktop\ادارة المهام\backend\node_modules\express\lib\router\index.js:286:9
    at Function.process_params (C:\Users\Mohamed Hany\Desktop\ادارة المهام\backend\node_modules\express\lib\router\index.js:346:12)
    at next (C:\Users\Mohamed Hany\Desktop\ادارة المهام\backend\node_modules\express\lib\router\index.js:280:10)
    at Function.handle (C:\Users\Mohamed Hany\Desktop\ادارة المهام\backend\node_modules\express\lib\router\index.js:175:3)
    at router (C:\Users\Mohamed Hany\Desktop\ادارة المهام\backend\node_modules\express\lib\router\index.js:47:12)
    at Layer.handle [as handle_request] (C:\Users\Mohamed Hany\Desktop\ادارة المهام\backend\node_modules\express\lib\router\layer.js:95:5)
    at trim_prefix (C:\Users\Mohamed Hany\Desktop\ادارة المهام\backend\node_modules\express\lib\router\index.js:328:13)
[2026-05-05 22:01:23] error: Error: Invalid or expired token
    at authenticate (C:\Users\Mohamed Hany\Desktop\ادارة المهام\backend\src\middleware\auth.ts:49:12)
    at Layer.handle [as handle_request] (C:\Users\Mohamed Hany\Desktop\ادارة المهام\backend\node_modules\express\lib\router\layer.js:95:5)
    at trim_prefix (C:\Users\Mohamed Hany\Desktop\ادارة المهام\backend\node_modules\express\lib\router\index.js:328:13)
    at C:\Users\Mohamed Hany\Desktop\ادارة المهام\backend\node_modules\express\lib\router\index.js:286:9
    at Function.process_params (C:\Users\Mohamed Hany\Desktop\ادارة المهام\backend\node_modules\express\lib\router\index.js:346:12)
    at next (C:\Users\Mohamed Hany\Desktop\ادارة المهام\backend\node_modules\express\lib\router\index.js:280:10)
    at Function.handle (C:\Users\Mohamed Hany\Desktop\ادارة المهام\backend\node_modules\express\lib\router\index.js:175:3)
    at router (C:\Users\Mohamed Hany\Desktop\ادارة المهام\backend\node_modules\express\lib\router\index.js:47:12)
    at Layer.handle [as handle_request] (C:\Users\Mohamed Hany\Desktop\ادارة المهام\backend\node_modules\express\lib\router\layer.js:95:5)
    at trim_prefix (C:\Users\Mohamed Hany\Desktop\ادارة المهام\backend\node_modules\express\lib\router\index.js:328:13)
[2026-05-05 22:07:01] error: Prisma error: 
Invalid `prisma.user.delete()` invocation in
C:\Users\Mohamed Hany\Desktop\ادارة المهام\backend\src\modules\users\user.service.ts:171:31

  168 await prisma.notification.deleteMany({ where: { OR: [{ receiverId: id }, { senderId: id }] } });
  169 
  170 // Delete user
→ 171 await prisma.user.delete(
Foreign key constraint violated on the foreign key
[2026-05-05 22:07:01] error: Error: Cannot delete this user because they are linked to tasks, comments, or other records. Deactivate them instead.
    at Object.delete (C:\Users\Mohamed Hany\Desktop\ادارة المهام\backend\src\modules\users\user.service.ts:175:15)
    at async delete (C:\Users\Mohamed Hany\Desktop\ادارة المهام\backend\src\modules\users\user.controller.ts:86:20)
[2026-05-05 22:46:50] error: Error: Invalid or expired token
    at authenticate (C:\Users\Mohamed Hany\Desktop\ادارة المهام\backend\src\middleware\auth.ts:49:12)
    at Layer.handle [as handle_request] (C:\Users\Mohamed Hany\Desktop\ادارة المهام\backend\node_modules\express\lib\router\layer.js:95:5)
    at trim_prefix (C:\Users\Mohamed Hany\Desktop\ادارة المهام\backend\node_modules\express\lib\router\index.js:328:13)
    at C:\Users\Mohamed Hany\Desktop\ادارة المهام\backend\node_modules\express\lib\router\index.js:286:9
    at Function.process_params (C:\Users\Mohamed Hany\Desktop\ادارة المهام\backend\node_modules\express\lib\router\index.js:346:12)
    at next (C:\Users\Mohamed Hany\Desktop\ادارة المهام\backend\node_modules\express\lib\router\index.js:280:10)
    at Function.handle (C:\Users\Mohamed Hany\Desktop\ادارة المهام\backend\node_modules\express\lib\router\index.js:175:3)
    at router (C:\Users\Mohamed Hany\Desktop\ادارة المهام\backend\node_modules\express\lib\router\index.js:47:12)
    at Layer.handle [as handle_request] (C:\Users\Mohamed Hany\Desktop\ادارة المهام\backend\node_modules\express\lib\router\layer.js:95:5)
    at trim_prefix (C:\Users\Mohamed Hany\Desktop\ادارة المهام\backend\node_modules\express\lib\router\index.js:328:13)
[2026-05-05 22:46:50] error: Error: Invalid or expired token
    at authenticate (C:\Users\Mohamed Hany\Desktop\ادارة المهام\backend\src\middleware\auth.ts:49:12)
    at Layer.handle [as handle_request] (C:\Users\Mohamed Hany\Desktop\ادارة المهام\backend\node_modules\express\lib\router\layer.js:95:5)
    at trim_prefix (C:\Users\Mohamed Hany\Desktop\ادارة المهام\backend\node_modules\express\lib\router\index.js:328:13)
    at C:\Users\Mohamed Hany\Desktop\ادارة المهام\backend\node_modules\express\lib\router\index.js:286:9
    at Function.process_params (C:\Users\Mohamed Hany\Desktop\ادارة المهام\backend\node_modules\express\lib\router\index.js:346:12)
    at next (C:\Users\Mohamed Hany\Desktop\ادارة المهام\backend\node_modules\express\lib\router\index.js:280:10)
    at Function.handle (C:\Users\Mohamed Hany\Desktop\ادارة المهام\backend\node_modules\express\lib\router\index.js:175:3)
    at router (C:\Users\Mohamed Hany\Desktop\ادارة المهام\backend\node_modules\express\lib\router\index.js:47:12)
    at Layer.handle [as handle_request] (C:\Users\Mohamed Hany\Desktop\ادارة المهام\backend\node_modules\express\lib\router\layer.js:95:5)
    at trim_prefix (C:\Users\Mohamed Hany\Desktop\ادارة المهام\backend\node_modules\express\lib\router\index.js:328:13)
[2026-05-05 23:05:04] error: Error: Invalid or expired token
    at authenticate (C:\Users\Mohamed Hany\Desktop\ادارة المهام\backend\src\middleware\auth.ts:49:12)
    at Layer.handle [as handle_request] (C:\Users\Mohamed Hany\Desktop\ادارة المهام\backend\node_modules\express\lib\router\layer.js:95:5)
    at trim_prefix (C:\Users\Mohamed Hany\Desktop\ادارة المهام\backend\node_modules\express\lib\router\index.js:328:13)
    at C:\Users\Mohamed Hany\Desktop\ادارة المهام\backend\node_modules\express\lib\router\index.js:286:9
    at Function.process_params (C:\Users\Mohamed Hany\Desktop\ادارة المهام\backend\node_modules\express\lib\router\index.js:346:12)
    at next (C:\Users\Mohamed Hany\Desktop\ادارة المهام\backend\node_modules\express\lib\router\index.js:280:10)
    at Function.handle (C:\Users\Mohamed Hany\Desktop\ادارة المهام\backend\node_modules\express\lib\router\index.js:175:3)
    at router (C:\Users\Mohamed Hany\Desktop\ادارة المهام\backend\node_modules\express\lib\router\index.js:47:12)
    at Layer.handle [as handle_request] (C:\Users\Mohamed Hany\Desktop\ادارة المهام\backend\node_modules\express\lib\router\layer.js:95:5)
    at trim_prefix (C:\Users\Mohamed Hany\Desktop\ادارة المهام\backend\node_modules\express\lib\router\index.js:328:13)
[2026-05-05 23:05:04] error: Error: Invalid or expired token
    at authenticate (C:\Users\Mohamed Hany\Desktop\ادارة المهام\backend\src\middleware\auth.ts:49:12)
    at Layer.handle [as handle_request] (C:\Users\Mohamed Hany\Desktop\ادارة المهام\backend\node_modules\express\lib\router\layer.js:95:5)
    at trim_prefix (C:\Users\Mohamed Hany\Desktop\ادارة المهام\backend\node_modules\express\lib\router\index.js:328:13)
    at C:\Users\Mohamed Hany\Desktop\ادارة المهام\backend\node_modules\express\lib\router\index.js:286:9
    at Function.process_params (C:\Users\Mohamed Hany\Desktop\ادارة المهام\backend\node_modules\express\lib\router\index.js:346:12)
    at next (C:\Users\Mohamed Hany\Desktop\ادارة المهام\backend\node_modules\express\lib\router\index.js:280:10)
    at Function.handle (C:\Users\Mohamed Hany\Desktop\ادارة المهام\backend\node_modules\express\lib\router\index.js:175:3)
    at router (C:\Users\Mohamed Hany\Desktop\ادارة المهام\backend\node_modules\express\lib\router\index.js:47:12)
    at Layer.handle [as handle_request] (C:\Users\Mohamed Hany\Desktop\ادارة المهام\backend\node_modules\express\lib\router\layer.js:95:5)
    at trim_prefix (C:\Users\Mohamed Hany\Desktop\ادارة المهام\backend\node_modules\express\lib\router\index.js:328:13)
[2026-05-05 23:05:04] error: Error: Invalid or expired token
    at authenticate (C:\Users\Mohamed Hany\Desktop\ادارة المهام\backend\src\middleware\auth.ts:49:12)
    at Layer.handle [as handle_request] (C:\Users\Mohamed Hany\Desktop\ادارة المهام\backend\node_modules\express\lib\router\layer.js:95:5)
    at trim_prefix (C:\Users\Mohamed Hany\Desktop\ادارة المهام\backend\node_modules\express\lib\router\index.js:328:13)
    at C:\Users\Mohamed Hany\Desktop\ادارة المهام\backend\node_modules\express\lib\router\index.js:286:9
    at Function.process_params (C:\Users\Mohamed Hany\Desktop\ادارة المهام\backend\node_modules\express\lib\router\index.js:346:12)
    at next (C:\Users\Mohamed Hany\Desktop\ادارة المهام\backend\node_modules\express\lib\router\index.js:280:10)
    at Function.handle (C:\Users\Mohamed Hany\Desktop\ادارة المهام\backend\node_modules\express\lib\router\index.js:175:3)
    at router (C:\Users\Mohamed Hany\Desktop\ادارة المهام\backend\node_modules\express\lib\router\index.js:47:12)
    at Layer.handle [as handle_request] (C:\Users\Mohamed Hany\Desktop\ادارة المهام\backend\node_modules\express\lib\router\layer.js:95:5)
    at trim_prefix (C:\Users\Mohamed Hany\Desktop\ادارة المهام\backend\node_modules\express\lib\router\index.js:328:13)
[2026-05-05 23:22:22] error: Error: Invalid or expired token
    at authenticate (C:\Users\Mohamed Hany\Desktop\ادارة المهام\backend\src\middleware\auth.ts:49:12)
    at Layer.handle [as handle_request] (C:\Users\Mohamed Hany\Desktop\ادارة المهام\backend\node_modules\express\lib\router\layer.js:95:5)
    at trim_prefix (C:\Users\Mohamed Hany\Desktop\ادارة المهام\backend\node_modules\express\lib\router\index.js:328:13)
    at C:\Users\Mohamed Hany\Desktop\ادارة المهام\backend\node_modules\express\lib\router\index.js:286:9
    at Function.process_params (C:\Users\Mohamed Hany\Desktop\ادارة المهام\backend\node_modules\express\lib\router\index.js:346:12)
    at next (C:\Users\Mohamed Hany\Desktop\ادارة المهام\backend\node_modules\express\lib\router\index.js:280:10)
    at Function.handle (C:\Users\Mohamed Hany\Desktop\ادارة المهام\backend\node_modules\express\lib\router\index.js:175:3)
    at router (C:\Users\Mohamed Hany\Desktop\ادارة المهام\backend\node_modules\express\lib\router\index.js:47:12)
    at Layer.handle [as handle_request] (C:\Users\Mohamed Hany\Desktop\ادارة المهام\backend\node_modules\express\lib\router\layer.js:95:5)
    at trim_prefix (C:\Users\Mohamed Hany\Desktop\ادارة المهام\backend\node_modules\express\lib\router\index.js:328:13)
    at C:\Users\Mohamed Hany\Desktop\ادارة المهام\backend\node_modules\express\lib\router\index.js:286:9
    at Function.process_params (C:\Users\Mohamed Hany\Desktop\ادارة المهام\backend\node_modules\express\lib\router\index.js:346:12)
    at next (C:\Users\Mohamed Hany\Desktop\ادارة المهام\backend\node_modules\express\lib\router\index.js:280:10)
    at requestLogger (C:\Users\Mohamed Hany\Desktop\ادارة المهام\backend\src\middleware\requestLogger.ts:6:3)
    at Layer.handle [as handle_request] (C:\Users\Mohamed Hany\Desktop\ادارة المهام\backend\node_modules\express\lib\router\layer.js:95:5)
    at trim_prefix (C:\Users\Mohamed Hany\Desktop\ادارة المهام\backend\node_modules\express\lib\router\index.js:328:13)
    at C:\Users\Mohamed Hany\Desktop\ادارة المهام\backend\node_modules\express\lib\router\index.js:286:9
    at Function.process_params (C:\Users\Mohamed Hany\Desktop\ادارة المهام\backend\node_modules\express\lib\router\index.js:346:12)
    at next (C:\Users\Mohamed Hany\Desktop\ادارة المهام\backend\node_modules\express\lib\router\index.js:280:10)
    at urlencodedParser (C:\Users\Mohamed Hany\Desktop\ادارة المهام\backend\node_modules\body-parser\lib\types\urlencoded.js:91:7)
    at Layer.handle [as handle_request] (C:\Users\Mohamed Hany\Desktop\ادارة المهام\backend\node_modules\express\lib\router\layer.js:95:5)
    at trim_prefix (C:\Users\Mohamed Hany\Desktop\ادارة المهام\backend\node_modules\express\lib\router\index.js:328:13)
[2026-05-10 18:42:48] error: Error: Invalid or expired token
    at authenticate (C:\Users\Mohamed Hany\Desktop\ادارة المهام\backend\src\middleware\auth.ts:51:12)
    at Layer.handle [as handle_request] (C:\Users\Mohamed Hany\Desktop\ادارة المهام\backend\node_modules\express\lib\router\layer.js:95:5)
    at trim_prefix (C:\Users\Mohamed Hany\Desktop\ادارة المهام\backend\node_modules\express\lib\router\index.js:328:13)
    at C:\Users\Mohamed Hany\Desktop\ادارة المهام\backend\node_modules\express\lib\router\index.js:286:9
    at Function.process_params (C:\Users\Mohamed Hany\Desktop\ادارة المهام\backend\node_modules\express\lib\router\index.js:346:12)
    at next (C:\Users\Mohamed Hany\Desktop\ادارة المهام\backend\node_modules\express\lib\router\index.js:280:10)
    at Function.handle (C:\Users\Mohamed Hany\Desktop\ادارة المهام\backend\node_modules\express\lib\router\index.js:175:3)
    at router (C:\Users\Mohamed Hany\Desktop\ادارة المهام\backend\node_modules\express\lib\router\index.js:47:12)
    at Layer.handle [as handle_request] (C:\Users\Mohamed Hany\Desktop\ادارة المهام\backend\node_modules\express\lib\router\layer.js:95:5)
    at trim_prefix (C:\Users\Mohamed Hany\Desktop\ادارة المهام\backend\node_modules\express\lib\router\index.js:328:13)
    at C:\Users\Mohamed Hany\Desktop\ادارة المهام\backend\node_modules\express\lib\router\index.js:286:9
    at Function.process_params (C:\Users\Mohamed Hany\Desktop\ادارة المهام\backend\node_modules\express\lib\router\index.js:346:12)
    at next (C:\Users\Mohamed Hany\Desktop\ادارة المهام\backend\node_modules\express\lib\router\index.js:280:10)
    at requestLogger (C:\Users\Mohamed Hany\Desktop\ادارة المهام\backend\src\middleware\requestLogger.ts:6:3)
    at Layer.handle [as handle_request] (C:\Users\Mohamed Hany\Desktop\ادارة المهام\backend\node_modules\express\lib\router\layer.js:95:5)
    at trim_prefix (C:\Users\Mohamed Hany\Desktop\ادارة المهام\backend\node_modules\express\lib\router\index.js:328:13)
    at C:\Users\Mohamed Hany\Desktop\ادارة المهام\backend\node_modules\express\lib\router\index.js:286:9
    at Function.process_params (C:\Users\Mohamed Hany\Desktop\ادارة المهام\backend\node_modules\express\lib\router\index.js:346:12)
    at next (C:\Users\Mohamed Hany\Desktop\ادارة المهام\backend\node_modules\express\lib\router\index.js:280:10)
    at urlencodedParser (C:\Users\Mohamed Hany\Desktop\ادارة المهام\backend\node_modules\body-parser\lib\types\urlencoded.js:91:7)
    at Layer.handle [as handle_request] (C:\Users\Mohamed Hany\Desktop\ادارة المهام\backend\node_modules\express\lib\router\layer.js:95:5)
    at trim_prefix (C:\Users\Mohamed Hany\Desktop\ادارة المهام\backend\node_modules\express\lib\router\index.js:328:13)
[2026-05-10 18:42:48] error: Error: Invalid or expired token
    at authenticate (C:\Users\Mohamed Hany\Desktop\ادارة المهام\backend\src\middleware\auth.ts:51:12)
    at Layer.handle [as handle_request] (C:\Users\Mohamed Hany\Desktop\ادارة المهام\backend\node_modules\express\lib\router\layer.js:95:5)
    at trim_prefix (C:\Users\Mohamed Hany\Desktop\ادارة المهام\backend\node_modules\express\lib\router\index.js:328:13)
    at C:\Users\Mohamed Hany\Desktop\ادارة المهام\backend\node_modules\express\lib\router\index.js:286:9
    at Function.process_params (C:\Users\Mohamed Hany\Desktop\ادارة المهام\backend\node_modules\express\lib\router\index.js:346:12)
    at next (C:\Users\Mohamed Hany\Desktop\ادارة المهام\backend\node_modules\express\lib\router\index.js:280:10)
    at Function.handle (C:\Users\Mohamed Hany\Desktop\ادارة المهام\backend\node_modules\express\lib\router\index.js:175:3)
    at router (C:\Users\Mohamed Hany\Desktop\ادارة المهام\backend\node_modules\express\lib\router\index.js:47:12)
    at Layer.handle [as handle_request] (C:\Users\Mohamed Hany\Desktop\ادارة المهام\backend\node_modules\express\lib\router\layer.js:95:5)
    at trim_prefix (C:\Users\Mohamed Hany\Desktop\ادارة المهام\backend\node_modules\express\lib\router\index.js:328:13)
    at C:\Users\Mohamed Hany\Desktop\ادارة المهام\backend\node_modules\express\lib\router\index.js:286:9
    at Function.process_params (C:\Users\Mohamed Hany\Desktop\ادارة المهام\backend\node_modules\express\lib\router\index.js:346:12)
    at next (C:\Users\Mohamed Hany\Desktop\ادارة المهام\backend\node_modules\express\lib\router\index.js:280:10)
    at requestLogger (C:\Users\Mohamed Hany\Desktop\ادارة المهام\backend\src\middleware\requestLogger.ts:6:3)
    at Layer.handle [as handle_request] (C:\Users\Mohamed Hany\Desktop\ادارة المهام\backend\node_modules\express\lib\router\layer.js:95:5)
    at trim_prefix (C:\Users\Mohamed Hany\Desktop\ادارة المهام\backend\node_modules\express\lib\router\index.js:328:13)
    at C:\Users\Mohamed Hany\Desktop\ادارة المهام\backend\node_modules\express\lib\router\index.js:286:9
    at Function.process_params (C:\Users\Mohamed Hany\Desktop\ادارة المهام\backend\node_modules\express\lib\router\index.js:346:12)
    at next (C:\Users\Mohamed Hany\Desktop\ادارة المهام\backend\node_modules\express\lib\router\index.js:280:10)
    at urlencodedParser (C:\Users\Mohamed Hany\Desktop\ادارة المهام\backend\node_modules\body-parser\lib\types\urlencoded.js:91:7)
    at Layer.handle [as handle_request] (C:\Users\Mohamed Hany\Desktop\ادارة المهام\backend\node_modules\express\lib\router\layer.js:95:5)
    at trim_prefix (C:\Users\Mohamed Hany\Desktop\ادارة المهام\backend\node_modules\express\lib\router\index.js:328:13)
[2026-05-10 18:42:48] error: Error: Invalid or expired token
    at authenticate (C:\Users\Mohamed Hany\Desktop\ادارة المهام\backend\src\middleware\auth.ts:51:12)
    at Layer.handle [as handle_request] (C:\Users\Mohamed Hany\Desktop\ادارة المهام\backend\node_modules\express\lib\router\layer.js:95:5)
    at trim_prefix (C:\Users\Mohamed Hany\Desktop\ادارة المهام\backend\node_modules\express\lib\router\index.js:328:13)
    at C:\Users\Mohamed Hany\Desktop\ادارة المهام\backend\node_modules\express\lib\router\index.js:286:9
    at Function.process_params (C:\Users\Mohamed Hany\Desktop\ادارة المهام\backend\node_modules\express\lib\router\index.js:346:12)
    at next (C:\Users\Mohamed Hany\Desktop\ادارة المهام\backend\node_modules\express\lib\router\index.js:280:10)
    at Function.handle (C:\Users\Mohamed Hany\Desktop\ادارة المهام\backend\node_modules\express\lib\router\index.js:175:3)
    at router (C:\Users\Mohamed Hany\Desktop\ادارة المهام\backend\node_modules\express\lib\router\index.js:47:12)
    at Layer.handle [as handle_request] (C:\Users\Mohamed Hany\Desktop\ادارة المهام\backend\node_modules\express\lib\router\layer.js:95:5)
    at trim_prefix (C:\Users\Mohamed Hany\Desktop\ادارة المهام\backend\node_modules\express\lib\router\index.js:328:13)
    at C:\Users\Mohamed Hany\Desktop\ادارة المهام\backend\node_modules\express\lib\router\index.js:286:9
    at Function.process_params (C:\Users\Mohamed Hany\Desktop\ادارة المهام\backend\node_modules\express\lib\router\index.js:346:12)
    at next (C:\Users\Mohamed Hany\Desktop\ادارة المهام\backend\node_modules\express\lib\router\index.js:280:10)
    at requestLogger (C:\Users\Mohamed Hany\Desktop\ادارة المهام\backend\src\middleware\requestLogger.ts:6:3)
    at Layer.handle [as handle_request] (C:\Users\Mohamed Hany\Desktop\ادارة المهام\backend\node_modules\express\lib\router\layer.js:95:5)
    at trim_prefix (C:\Users\Mohamed Hany\Desktop\ادارة المهام\backend\node_modules\express\lib\router\index.js:328:13)
    at C:\Users\Mohamed Hany\Desktop\ادارة المهام\backend\node_modules\express\lib\router\index.js:286:9
    at Function.process_params (C:\Users\Mohamed Hany\Desktop\ادارة المهام\backend\node_modules\express\lib\router\index.js:346:12)
    at next (C:\Users\Mohamed Hany\Desktop\ادارة المهام\backend\node_modules\express\lib\router\index.js:280:10)
    at urlencodedParser (C:\Users\Mohamed Hany\Desktop\ادارة المهام\backend\node_modules\body-parser\lib\types\urlencoded.js:91:7)
    at Layer.handle [as handle_request] (C:\Users\Mohamed Hany\Desktop\ادارة المهام\backend\node_modules\express\lib\router\layer.js:95:5)
    at trim_prefix (C:\Users\Mohamed Hany\Desktop\ادارة المهام\backend\node_modules\express\lib\router\index.js:328:13)
[2026-05-10 18:42:48] error: Error: Invalid or expired token
    at authenticate (C:\Users\Mohamed Hany\Desktop\ادارة المهام\backend\src\middleware\auth.ts:51:12)
    at Layer.handle [as handle_request] (C:\Users\Mohamed Hany\Desktop\ادارة المهام\backend\node_modules\express\lib\router\layer.js:95:5)
    at trim_prefix (C:\Users\Mohamed Hany\Desktop\ادارة المهام\backend\node_modules\express\lib\router\index.js:328:13)
    at C:\Users\Mohamed Hany\Desktop\ادارة المهام\backend\node_modules\express\lib\router\index.js:286:9
    at Function.process_params (C:\Users\Mohamed Hany\Desktop\ادارة المهام\backend\node_modules\express\lib\router\index.js:346:12)
    at next (C:\Users\Mohamed Hany\Desktop\ادارة المهام\backend\node_modules\express\lib\router\index.js:280:10)
    at Function.handle (C:\Users\Mohamed Hany\Desktop\ادارة المهام\backend\node_modules\express\lib\router\index.js:175:3)
    at router (C:\Users\Mohamed Hany\Desktop\ادارة المهام\backend\node_modules\express\lib\router\index.js:47:12)
    at Layer.handle [as handle_request] (C:\Users\Mohamed Hany\Desktop\ادارة المهام\backend\node_modules\express\lib\router\layer.js:95:5)
    at trim_prefix (C:\Users\Mohamed Hany\Desktop\ادارة المهام\backend\node_modules\express\lib\router\index.js:328:13)
    at C:\Users\Mohamed Hany\Desktop\ادارة المهام\backend\node_modules\express\lib\router\index.js:286:9
    at Function.process_params (C:\Users\Mohamed Hany\Desktop\ادارة المهام\backend\node_modules\express\lib\router\index.js:346:12)
    at next (C:\Users\Mohamed Hany\Desktop\ادارة المهام\backend\node_modules\express\lib\router\index.js:280:10)
    at requestLogger (C:\Users\Mohamed Hany\Desktop\ادارة المهام\backend\src\middleware\requestLogger.ts:6:3)
    at Layer.handle [as handle_request] (C:\Users\Mohamed Hany\Desktop\ادارة المهام\backend\node_modules\express\lib\router\layer.js:95:5)
    at trim_prefix (C:\Users\Mohamed Hany\Desktop\ادارة المهام\backend\node_modules\express\lib\router\index.js:328:13)
    at C:\Users\Mohamed Hany\Desktop\ادارة المهام\backend\node_modules\express\lib\router\index.js:286:9
    at Function.process_params (C:\Users\Mohamed Hany\Desktop\ادارة المهام\backend\node_modules\express\lib\router\index.js:346:12)
    at next (C:\Users\Mohamed Hany\Desktop\ادارة المهام\backend\node_modules\express\lib\router\index.js:280:10)
    at urlencodedParser (C:\Users\Mohamed Hany\Desktop\ادارة المهام\backend\node_modules\body-parser\lib\types\urlencoded.js:91:7)
    at Layer.handle [as handle_request] (C:\Users\Mohamed Hany\Desktop\ادارة المهام\backend\node_modules\express\lib\router\layer.js:95:5)
    at trim_prefix (C:\Users\Mohamed Hany\Desktop\ادارة المهام\backend\node_modules\express\lib\router\index.js:328:13)
[2026-05-10 18:42:48] error: Error: Invalid or expired token
    at authenticate (C:\Users\Mohamed Hany\Desktop\ادارة المهام\backend\src\middleware\auth.ts:51:12)
    at Layer.handle [as handle_request] (C:\Users\Mohamed Hany\Desktop\ادارة المهام\backend\node_modules\express\lib\router\layer.js:95:5)
    at trim_prefix (C:\Users\Mohamed Hany\Desktop\ادارة المهام\backend\node_modules\express\lib\router\index.js:328:13)
    at C:\Users\Mohamed Hany\Desktop\ادارة المهام\backend\node_modules\express\lib\router\index.js:286:9
    at Function.process_params (C:\Users\Mohamed Hany\Desktop\ادارة المهام\backend\node_modules\express\lib\router\index.js:346:12)
    at next (C:\Users\Mohamed Hany\Desktop\ادارة المهام\backend\node_modules\express\lib\router\index.js:280:10)
    at Function.handle (C:\Users\Mohamed Hany\Desktop\ادارة المهام\backend\node_modules\express\lib\router\index.js:175:3)
    at router (C:\Users\Mohamed Hany\Desktop\ادارة المهام\backend\node_modules\express\lib\router\index.js:47:12)
    at Layer.handle [as handle_request] (C:\Users\Mohamed Hany\Desktop\ادارة المهام\backend\node_modules\express\lib\router\layer.js:95:5)
    at trim_prefix (C:\Users\Mohamed Hany\Desktop\ادارة المهام\backend\node_modules\express\lib\router\index.js:328:13)
    at C:\Users\Mohamed Hany\Desktop\ادارة المهام\backend\node_modules\express\lib\router\index.js:286:9
    at Function.process_params (C:\Users\Mohamed Hany\Desktop\ادارة المهام\backend\node_modules\express\lib\router\index.js:346:12)
    at next (C:\Users\Mohamed Hany\Desktop\ادارة المهام\backend\node_modules\express\lib\router\index.js:280:10)
    at requestLogger (C:\Users\Mohamed Hany\Desktop\ادارة المهام\backend\src\middleware\requestLogger.ts:6:3)
    at Layer.handle [as handle_request] (C:\Users\Mohamed Hany\Desktop\ادارة المهام\backend\node_modules\express\lib\router\layer.js:95:5)
    at trim_prefix (C:\Users\Mohamed Hany\Desktop\ادارة المهام\backend\node_modules\express\lib\router\index.js:328:13)
    at C:\Users\Mohamed Hany\Desktop\ادارة المهام\backend\node_modules\express\lib\router\index.js:286:9
    at Function.process_params (C:\Users\Mohamed Hany\Desktop\ادارة المهام\backend\node_modules\express\lib\router\index.js:346:12)
    at next (C:\Users\Mohamed Hany\Desktop\ادارة المهام\backend\node_modules\express\lib\router\index.js:280:10)
    at urlencodedParser (C:\Users\Mohamed Hany\Desktop\ادارة المهام\backend\node_modules\body-parser\lib\types\urlencoded.js:91:7)
    at Layer.handle [as handle_request] (C:\Users\Mohamed Hany\Desktop\ادارة المهام\backend\node_modules\express\lib\router\layer.js:95:5)
    at trim_prefix (C:\Users\Mohamed Hany\Desktop\ادارة المهام\backend\node_modules\express\lib\router\index.js:328:13)
[2026-05-10 18:57:58] error: Error: Invalid or expired token
    at authenticate (C:\Users\Mohamed Hany\Desktop\ادارة المهام\backend\src\middleware\auth.ts:51:12)
    at Layer.handle [as handle_request] (C:\Users\Mohamed Hany\Desktop\ادارة المهام\backend\node_modules\express\lib\router\layer.js:95:5)
    at trim_prefix (C:\Users\Mohamed Hany\Desktop\ادارة المهام\backend\node_modules\express\lib\router\index.js:328:13)
    at C:\Users\Mohamed Hany\Desktop\ادارة المهام\backend\node_modules\express\lib\router\index.js:286:9
    at Function.process_params (C:\Users\Mohamed Hany\Desktop\ادارة المهام\backend\node_modules\express\lib\router\index.js:346:12)
    at next (C:\Users\Mohamed Hany\Desktop\ادارة المهام\backend\node_modules\express\lib\router\index.js:280:10)
    at Function.handle (C:\Users\Mohamed Hany\Desktop\ادارة المهام\backend\node_modules\express\lib\router\index.js:175:3)
    at router (C:\Users\Mohamed Hany\Desktop\ادارة المهام\backend\node_modules\express\lib\router\index.js:47:12)
    at Layer.handle [as handle_request] (C:\Users\Mohamed Hany\Desktop\ادارة المهام\backend\node_modules\express\lib\router\layer.js:95:5)
    at trim_prefix (C:\Users\Mohamed Hany\Desktop\ادارة المهام\backend\node_modules\express\lib\router\index.js:328:13)
    at C:\Users\Mohamed Hany\Desktop\ادارة المهام\backend\node_modules\express\lib\router\index.js:286:9
    at Function.process_params (C:\Users\Mohamed Hany\Desktop\ادارة المهام\backend\node_modules\express\lib\router\index.js:346:12)
    at next (C:\Users\Mohamed Hany\Desktop\ادارة المهام\backend\node_modules\express\lib\router\index.js:280:10)
    at requestLogger (C:\Users\Mohamed Hany\Desktop\ادارة المهام\backend\src\middleware\requestLogger.ts:6:3)
    at Layer.handle [as handle_request] (C:\Users\Mohamed Hany\Desktop\ادارة المهام\backend\node_modules\express\lib\router\layer.js:95:5)
    at trim_prefix (C:\Users\Mohamed Hany\Desktop\ادارة المهام\backend\node_modules\express\lib\router\index.js:328:13)
    at C:\Users\Mohamed Hany\Desktop\ادارة المهام\backend\node_modules\express\lib\router\index.js:286:9
    at Function.process_params (C:\Users\Mohamed Hany\Desktop\ادارة المهام\backend\node_modules\express\lib\router\index.js:346:12)
    at next (C:\Users\Mohamed Hany\Desktop\ادارة المهام\backend\node_modules\express\lib\router\index.js:280:10)
    at urlencodedParser (C:\Users\Mohamed Hany\Desktop\ادارة المهام\backend\node_modules\body-parser\lib\types\urlencoded.js:91:7)
    at Layer.handle [as handle_request] (C:\Users\Mohamed Hany\Desktop\ادارة المهام\backend\node_modules\express\lib\router\layer.js:95:5)
    at trim_prefix (C:\Users\Mohamed Hany\Desktop\ادارة المهام\backend\node_modules\express\lib\router\index.js:328:13)
[2026-05-10 18:57:59] error: Error: Invalid or expired token
    at authenticate (C:\Users\Mohamed Hany\Desktop\ادارة المهام\backend\src\middleware\auth.ts:51:12)
    at Layer.handle [as handle_request] (C:\Users\Mohamed Hany\Desktop\ادارة المهام\backend\node_modules\express\lib\router\layer.js:95:5)
    at trim_prefix (C:\Users\Mohamed Hany\Desktop\ادارة المهام\backend\node_modules\express\lib\router\index.js:328:13)
    at C:\Users\Mohamed Hany\Desktop\ادارة المهام\backend\node_modules\express\lib\router\index.js:286:9
    at Function.process_params (C:\Users\Mohamed Hany\Desktop\ادارة المهام\backend\node_modules\express\lib\router\index.js:346:12)
    at next (C:\Users\Mohamed Hany\Desktop\ادارة المهام\backend\node_modules\express\lib\router\index.js:280:10)
    at Function.handle (C:\Users\Mohamed Hany\Desktop\ادارة المهام\backend\node_modules\express\lib\router\index.js:175:3)
    at router (C:\Users\Mohamed Hany\Desktop\ادارة المهام\backend\node_modules\express\lib\router\index.js:47:12)
    at Layer.handle [as handle_request] (C:\Users\Mohamed Hany\Desktop\ادارة المهام\backend\node_modules\express\lib\router\layer.js:95:5)
    at trim_prefix (C:\Users\Mohamed Hany\Desktop\ادارة المهام\backend\node_modules\express\lib\router\index.js:328:13)
    at C:\Users\Mohamed Hany\Desktop\ادارة المهام\backend\node_modules\express\lib\router\index.js:286:9
    at Function.process_params (C:\Users\Mohamed Hany\Desktop\ادارة المهام\backend\node_modules\express\lib\router\index.js:346:12)
    at next (C:\Users\Mohamed Hany\Desktop\ادارة المهام\backend\node_modules\express\lib\router\index.js:280:10)
    at requestLogger (C:\Users\Mohamed Hany\Desktop\ادارة المهام\backend\src\middleware\requestLogger.ts:6:3)
    at Layer.handle [as handle_request] (C:\Users\Mohamed Hany\Desktop\ادارة المهام\backend\node_modules\express\lib\router\layer.js:95:5)
    at trim_prefix (C:\Users\Mohamed Hany\Desktop\ادارة المهام\backend\node_modules\express\lib\router\index.js:328:13)
    at C:\Users\Mohamed Hany\Desktop\ادارة المهام\backend\node_modules\express\lib\router\index.js:286:9
    at Function.process_params (C:\Users\Mohamed Hany\Desktop\ادارة المهام\backend\node_modules\express\lib\router\index.js:346:12)
    at next (C:\Users\Mohamed Hany\Desktop\ادارة المهام\backend\node_modules\express\lib\router\index.js:280:10)
    at urlencodedParser (C:\Users\Mohamed Hany\Desktop\ادارة المهام\backend\node_modules\body-parser\lib\types\urlencoded.js:91:7)
    at Layer.handle [as handle_request] (C:\Users\Mohamed Hany\Desktop\ادارة المهام\backend\node_modules\express\lib\router\layer.js:95:5)
    at trim_prefix (C:\Users\Mohamed Hany\Desktop\ادارة المهام\backend\node_modules\express\lib\router\index.js:328:13)
[2026-05-10 18:57:59] error: Error: Invalid or expired token
    at authenticate (C:\Users\Mohamed Hany\Desktop\ادارة المهام\backend\src\middleware\auth.ts:51:12)
    at Layer.handle [as handle_request] (C:\Users\Mohamed Hany\Desktop\ادارة المهام\backend\node_modules\express\lib\router\layer.js:95:5)
    at trim_prefix (C:\Users\Mohamed Hany\Desktop\ادارة المهام\backend\node_modules\express\lib\router\index.js:328:13)
    at C:\Users\Mohamed Hany\Desktop\ادارة المهام\backend\node_modules\express\lib\router\index.js:286:9
    at Function.process_params (C:\Users\Mohamed Hany\Desktop\ادارة المهام\backend\node_modules\express\lib\router\index.js:346:12)
    at next (C:\Users\Mohamed Hany\Desktop\ادارة المهام\backend\node_modules\express\lib\router\index.js:280:10)
    at Function.handle (C:\Users\Mohamed Hany\Desktop\ادارة المهام\backend\node_modules\express\lib\router\index.js:175:3)
    at router (C:\Users\Mohamed Hany\Desktop\ادارة المهام\backend\node_modules\express\lib\router\index.js:47:12)
    at Layer.handle [as handle_request] (C:\Users\Mohamed Hany\Desktop\ادارة المهام\backend\node_modules\express\lib\router\layer.js:95:5)
    at trim_prefix (C:\Users\Mohamed Hany\Desktop\ادارة المهام\backend\node_modules\express\lib\router\index.js:328:13)
    at C:\Users\Mohamed Hany\Desktop\ادارة المهام\backend\node_modules\express\lib\router\index.js:286:9
    at Function.process_params (C:\Users\Mohamed Hany\Desktop\ادارة المهام\backend\node_modules\express\lib\router\index.js:346:12)
    at next (C:\Users\Mohamed Hany\Desktop\ادارة المهام\backend\node_modules\express\lib\router\index.js:280:10)
    at requestLogger (C:\Users\Mohamed Hany\Desktop\ادارة المهام\backend\src\middleware\requestLogger.ts:6:3)
    at Layer.handle [as handle_request] (C:\Users\Mohamed Hany\Desktop\ادارة المهام\backend\node_modules\express\lib\router\layer.js:95:5)
    at trim_prefix (C:\Users\Mohamed Hany\Desktop\ادارة المهام\backend\node_modules\express\lib\router\index.js:328:13)
    at C:\Users\Mohamed Hany\Desktop\ادارة المهام\backend\node_modules\express\lib\router\index.js:286:9
    at Function.process_params (C:\Users\Mohamed Hany\Desktop\ادارة المهام\backend\node_modules\express\lib\router\index.js:346:12)
    at next (C:\Users\Mohamed Hany\Desktop\ادارة المهام\backend\node_modules\express\lib\router\index.js:280:10)
    at urlencodedParser (C:\Users\Mohamed Hany\Desktop\ادارة المهام\backend\node_modules\body-parser\lib\types\urlencoded.js:91:7)
    at Layer.handle [as handle_request] (C:\Users\Mohamed Hany\Desktop\ادارة المهام\backend\node_modules\express\lib\router\layer.js:95:5)
    at trim_prefix (C:\Users\Mohamed Hany\Desktop\ادارة المهام\backend\node_modules\express\lib\router\index.js:328:13)
[2026-05-10 18:57:59] error: Error: Invalid or expired token
    at authenticate (C:\Users\Mohamed Hany\Desktop\ادارة المهام\backend\src\middleware\auth.ts:51:12)
    at Layer.handle [as handle_request] (C:\Users\Mohamed Hany\Desktop\ادارة المهام\backend\node_modules\express\lib\router\layer.js:95:5)
    at trim_prefix (C:\Users\Mohamed Hany\Desktop\ادارة المهام\backend\node_modules\express\lib\router\index.js:328:13)
    at C:\Users\Mohamed Hany\Desktop\ادارة المهام\backend\node_modules\express\lib\router\index.js:286:9
    at Function.process_params (C:\Users\Mohamed Hany\Desktop\ادارة المهام\backend\node_modules\express\lib\router\index.js:346:12)
    at next (C:\Users\Mohamed Hany\Desktop\ادارة المهام\backend\node_modules\express\lib\router\index.js:280:10)
    at Function.handle (C:\Users\Mohamed Hany\Desktop\ادارة المهام\backend\node_modules\express\lib\router\index.js:175:3)
    at router (C:\Users\Mohamed Hany\Desktop\ادارة المهام\backend\node_modules\express\lib\router\index.js:47:12)
    at Layer.handle [as handle_request] (C:\Users\Mohamed Hany\Desktop\ادارة المهام\backend\node_modules\express\lib\router\layer.js:95:5)
    at trim_prefix (C:\Users\Mohamed Hany\Desktop\ادارة المهام\backend\node_modules\express\lib\router\index.js:328:13)
    at C:\Users\Mohamed Hany\Desktop\ادارة المهام\backend\node_modules\express\lib\router\index.js:286:9
    at Function.process_params (C:\Users\Mohamed Hany\Desktop\ادارة المهام\backend\node_modules\express\lib\router\index.js:346:12)
    at next (C:\Users\Mohamed Hany\Desktop\ادارة المهام\backend\node_modules\express\lib\router\index.js:280:10)
    at requestLogger (C:\Users\Mohamed Hany\Desktop\ادارة المهام\backend\src\middleware\requestLogger.ts:6:3)
    at Layer.handle [as handle_request] (C:\Users\Mohamed Hany\Desktop\ادارة المهام\backend\node_modules\express\lib\router\layer.js:95:5)
    at trim_prefix (C:\Users\Mohamed Hany\Desktop\ادارة المهام\backend\node_modules\express\lib\router\index.js:328:13)
    at C:\Users\Mohamed Hany\Desktop\ادارة المهام\backend\node_modules\express\lib\router\index.js:286:9
    at Function.process_params (C:\Users\Mohamed Hany\Desktop\ادارة المهام\backend\node_modules\express\lib\router\index.js:346:12)
    at next (C:\Users\Mohamed Hany\Desktop\ادارة المهام\backend\node_modules\express\lib\router\index.js:280:10)
    at urlencodedParser (C:\Users\Mohamed Hany\Desktop\ادارة المهام\backend\node_modules\body-parser\lib\types\urlencoded.js:91:7)
    at Layer.handle [as handle_request] (C:\Users\Mohamed Hany\Desktop\ادارة المهام\backend\node_modules\express\lib\router\layer.js:95:5)
    at trim_prefix (C:\Users\Mohamed Hany\Desktop\ادارة المهام\backend\node_modules\express\lib\router\index.js:328:13)
[2026-05-10 18:57:59] error: Error: Invalid or expired token
    at authenticate (C:\Users\Mohamed Hany\Desktop\ادارة المهام\backend\src\middleware\auth.ts:51:12)
    at Layer.handle [as handle_request] (C:\Users\Mohamed Hany\Desktop\ادارة المهام\backend\node_modules\express\lib\router\layer.js:95:5)
    at trim_prefix (C:\Users\Mohamed Hany\Desktop\ادارة المهام\backend\node_modules\express\lib\router\index.js:328:13)
    at C:\Users\Mohamed Hany\Desktop\ادارة المهام\backend\node_modules\express\lib\router\index.js:286:9
    at Function.process_params (C:\Users\Mohamed Hany\Desktop\ادارة المهام\backend\node_modules\express\lib\router\index.js:346:12)
    at next (C:\Users\Mohamed Hany\Desktop\ادارة المهام\backend\node_modules\express\lib\router\index.js:280:10)
    at Function.handle (C:\Users\Mohamed Hany\Desktop\ادارة المهام\backend\node_modules\express\lib\router\index.js:175:3)
    at router (C:\Users\Mohamed Hany\Desktop\ادارة المهام\backend\node_modules\express\lib\router\index.js:47:12)
    at Layer.handle [as handle_request] (C:\Users\Mohamed Hany\Desktop\ادارة المهام\backend\node_modules\express\lib\router\layer.js:95:5)
    at trim_prefix (C:\Users\Mohamed Hany\Desktop\ادارة المهام\backend\node_modules\express\lib\router\index.js:328:13)
    at C:\Users\Mohamed Hany\Desktop\ادارة المهام\backend\node_modules\express\lib\router\index.js:286:9
    at Function.process_params (C:\Users\Mohamed Hany\Desktop\ادارة المهام\backend\node_modules\express\lib\router\index.js:346:12)
    at next (C:\Users\Mohamed Hany\Desktop\ادارة المهام\backend\node_modules\express\lib\router\index.js:280:10)
    at requestLogger (C:\Users\Mohamed Hany\Desktop\ادارة المهام\backend\src\middleware\requestLogger.ts:6:3)
    at Layer.handle [as handle_request] (C:\Users\Mohamed Hany\Desktop\ادارة المهام\backend\node_modules\express\lib\router\layer.js:95:5)
    at trim_prefix (C:\Users\Mohamed Hany\Desktop\ادارة المهام\backend\node_modules\express\lib\router\index.js:328:13)
    at C:\Users\Mohamed Hany\Desktop\ادارة المهام\backend\node_modules\express\lib\router\index.js:286:9
    at Function.process_params (C:\Users\Mohamed Hany\Desktop\ادارة المهام\backend\node_modules\express\lib\router\index.js:346:12)
    at next (C:\Users\Mohamed Hany\Desktop\ادارة المهام\backend\node_modules\express\lib\router\index.js:280:10)
    at urlencodedParser (C:\Users\Mohamed Hany\Desktop\ادارة المهام\backend\node_modules\body-parser\lib\types\urlencoded.js:91:7)
    at Layer.handle [as handle_request] (C:\Users\Mohamed Hany\Desktop\ادارة المهام\backend\node_modules\express\lib\router\layer.js:95:5)
    at trim_prefix (C:\Users\Mohamed Hany\Desktop\ادارة المهام\backend\node_modules\express\lib\router\index.js:328:13)
[2026-05-10 18:57:59] error: Error: Invalid or expired token
    at authenticate (C:\Users\Mohamed Hany\Desktop\ادارة المهام\backend\src\middleware\auth.ts:51:12)
    at Layer.handle [as handle_request] (C:\Users\Mohamed Hany\Desktop\ادارة المهام\backend\node_modules\express\lib\router\layer.js:95:5)
    at trim_prefix (C:\Users\Mohamed Hany\Desktop\ادارة المهام\backend\node_modules\express\lib\router\index.js:328:13)
    at C:\Users\Mohamed Hany\Desktop\ادارة المهام\backend\node_modules\express\lib\router\index.js:286:9
    at Function.process_params (C:\Users\Mohamed Hany\Desktop\ادارة المهام\backend\node_modules\express\lib\router\index.js:346:12)
    at next (C:\Users\Mohamed Hany\Desktop\ادارة المهام\backend\node_modules\express\lib\router\index.js:280:10)
    at Function.handle (C:\Users\Mohamed Hany\Desktop\ادارة المهام\backend\node_modules\express\lib\router\index.js:175:3)
    at router (C:\Users\Mohamed Hany\Desktop\ادارة المهام\backend\node_modules\express\lib\router\index.js:47:12)
    at Layer.handle [as handle_request] (C:\Users\Mohamed Hany\Desktop\ادارة المهام\backend\node_modules\express\lib\router\layer.js:95:5)
    at trim_prefix (C:\Users\Mohamed Hany\Desktop\ادارة المهام\backend\node_modules\express\lib\router\index.js:328:13)
    at C:\Users\Mohamed Hany\Desktop\ادارة المهام\backend\node_modules\express\lib\router\index.js:286:9
    at Function.process_params (C:\Users\Mohamed Hany\Desktop\ادارة المهام\backend\node_modules\express\lib\router\index.js:346:12)
    at next (C:\Users\Mohamed Hany\Desktop\ادارة المهام\backend\node_modules\express\lib\router\index.js:280:10)
    at requestLogger (C:\Users\Mohamed Hany\Desktop\ادارة المهام\backend\src\middleware\requestLogger.ts:6:3)
    at Layer.handle [as handle_request] (C:\Users\Mohamed Hany\Desktop\ادارة المهام\backend\node_modules\express\lib\router\layer.js:95:5)
    at trim_prefix (C:\Users\Mohamed Hany\Desktop\ادارة المهام\backend\node_modules\express\lib\router\index.js:328:13)
    at C:\Users\Mohamed Hany\Desktop\ادارة المهام\backend\node_modules\express\lib\router\index.js:286:9
    at Function.process_params (C:\Users\Mohamed Hany\Desktop\ادارة المهام\backend\node_modules\express\lib\router\index.js:346:12)
    at next (C:\Users\Mohamed Hany\Desktop\ادارة المهام\backend\node_modules\express\lib\router\index.js:280:10)
    at urlencodedParser (C:\Users\Mohamed Hany\Desktop\ادارة المهام\backend\node_modules\body-parser\lib\types\urlencoded.js:91:7)
    at Layer.handle [as handle_request] (C:\Users\Mohamed Hany\Desktop\ادارة المهام\backend\node_modules\express\lib\router\layer.js:95:5)
    at trim_prefix (C:\Users\Mohamed Hany\Desktop\ادارة المهام\backend\node_modules\express\lib\router\index.js:328:13)
[2026-05-10 19:14:28] error: Error: Invalid or expired token
    at authenticate (C:\Users\Mohamed Hany\Desktop\ادارة المهام\backend\src\middleware\auth.ts:51:12)
    at Layer.handle [as handle_request] (C:\Users\Mohamed Hany\Desktop\ادارة المهام\backend\node_modules\express\lib\router\layer.js:95:5)
    at trim_prefix (C:\Users\Mohamed Hany\Desktop\ادارة المهام\backend\node_modules\express\lib\router\index.js:328:13)
    at C:\Users\Mohamed Hany\Desktop\ادارة المهام\backend\node_modules\express\lib\router\index.js:286:9
    at Function.process_params (C:\Users\Mohamed Hany\Desktop\ادارة المهام\backend\node_modules\express\lib\router\index.js:346:12)
    at next (C:\Users\Mohamed Hany\Desktop\ادارة المهام\backend\node_modules\express\lib\router\index.js:280:10)
    at Function.handle (C:\Users\Mohamed Hany\Desktop\ادارة المهام\backend\node_modules\express\lib\router\index.js:175:3)
    at router (C:\Users\Mohamed Hany\Desktop\ادارة المهام\backend\node_modules\express\lib\router\index.js:47:12)
    at Layer.handle [as handle_request] (C:\Users\Mohamed Hany\Desktop\ادارة المهام\backend\node_modules\express\lib\router\layer.js:95:5)
    at trim_prefix (C:\Users\Mohamed Hany\Desktop\ادارة المهام\backend\node_modules\express\lib\router\index.js:328:13)
    at C:\Users\Mohamed Hany\Desktop\ادارة المهام\backend\node_modules\express\lib\router\index.js:286:9
    at Function.process_params (C:\Users\Mohamed Hany\Desktop\ادارة المهام\backend\node_modules\express\lib\router\index.js:346:12)
    at next (C:\Users\Mohamed Hany\Desktop\ادارة المهام\backend\node_modules\express\lib\router\index.js:280:10)
    at requestLogger (C:\Users\Mohamed Hany\Desktop\ادارة المهام\backend\src\middleware\requestLogger.ts:6:3)
    at Layer.handle [as handle_request] (C:\Users\Mohamed Hany\Desktop\ادارة المهام\backend\node_modules\express\lib\router\layer.js:95:5)
    at trim_prefix (C:\Users\Mohamed Hany\Desktop\ادارة المهام\backend\node_modules\express\lib\router\index.js:328:13)
    at C:\Users\Mohamed Hany\Desktop\ادارة المهام\backend\node_modules\express\lib\router\index.js:286:9
    at Function.process_params (C:\Users\Mohamed Hany\Desktop\ادارة المهام\backend\node_modules\express\lib\router\index.js:346:12)
    at next (C:\Users\Mohamed Hany\Desktop\ادارة المهام\backend\node_modules\express\lib\router\index.js:280:10)
    at urlencodedParser (C:\Users\Mohamed Hany\Desktop\ادارة المهام\backend\node_modules\body-parser\lib\types\urlencoded.js:91:7)
    at Layer.handle [as handle_request] (C:\Users\Mohamed Hany\Desktop\ادارة المهام\backend\node_modules\express\lib\router\layer.js:95:5)
    at trim_prefix (C:\Users\Mohamed Hany\Desktop\ادارة المهام\backend\node_modules\express\lib\router\index.js:328:13)
[2026-05-10 19:40:04] error: Error: Invalid or expired token
    at authenticate (C:\Users\Mohamed Hany\Desktop\ادارة المهام\backend\src\middleware\auth.ts:51:12)
    at Layer.handle [as handle_request] (C:\Users\Mohamed Hany\Desktop\ادارة المهام\backend\node_modules\express\lib\router\layer.js:95:5)
    at trim_prefix (C:\Users\Mohamed Hany\Desktop\ادارة المهام\backend\node_modules\express\lib\router\index.js:328:13)
    at C:\Users\Mohamed Hany\Desktop\ادارة المهام\backend\node_modules\express\lib\router\index.js:286:9
    at Function.process_params (C:\Users\Mohamed Hany\Desktop\ادارة المهام\backend\node_modules\express\lib\router\index.js:346:12)
    at next (C:\Users\Mohamed Hany\Desktop\ادارة المهام\backend\node_modules\express\lib\router\index.js:280:10)
    at Function.handle (C:\Users\Mohamed Hany\Desktop\ادارة المهام\backend\node_modules\express\lib\router\index.js:175:3)
    at router (C:\Users\Mohamed Hany\Desktop\ادارة المهام\backend\node_modules\express\lib\router\index.js:47:12)
    at Layer.handle [as handle_request] (C:\Users\Mohamed Hany\Desktop\ادارة المهام\backend\node_modules\express\lib\router\layer.js:95:5)
    at trim_prefix (C:\Users\Mohamed Hany\Desktop\ادارة المهام\backend\node_modules\express\lib\router\index.js:328:13)
    at C:\Users\Mohamed Hany\Desktop\ادارة المهام\backend\node_modules\express\lib\router\index.js:286:9
    at Function.process_params (C:\Users\Mohamed Hany\Desktop\ادارة المهام\backend\node_modules\express\lib\router\index.js:346:12)
    at next (C:\Users\Mohamed Hany\Desktop\ادارة المهام\backend\node_modules\express\lib\router\index.js:280:10)
    at requestLogger (C:\Users\Mohamed Hany\Desktop\ادارة المهام\backend\src\middleware\requestLogger.ts:6:3)
    at Layer.handle [as handle_request] (C:\Users\Mohamed Hany\Desktop\ادارة المهام\backend\node_modules\express\lib\router\layer.js:95:5)
    at trim_prefix (C:\Users\Mohamed Hany\Desktop\ادارة المهام\backend\node_modules\express\lib\router\index.js:328:13)
    at C:\Users\Mohamed Hany\Desktop\ادارة المهام\backend\node_modules\express\lib\router\index.js:286:9
    at Function.process_params (C:\Users\Mohamed Hany\Desktop\ادارة المهام\backend\node_modules\express\lib\router\index.js:346:12)
    at next (C:\Users\Mohamed Hany\Desktop\ادارة المهام\backend\node_modules\express\lib\router\index.js:280:10)
    at urlencodedParser (C:\Users\Mohamed Hany\Desktop\ادارة المهام\backend\node_modules\body-parser\lib\types\urlencoded.js:91:7)
    at Layer.handle [as handle_request] (C:\Users\Mohamed Hany\Desktop\ادارة المهام\backend\node_modules\express\lib\router\layer.js:95:5)
    at trim_prefix (C:\Users\Mohamed Hany\Desktop\ادارة المهام\backend\node_modules\express\lib\router\index.js:328:13)
[2026-05-10 19:40:04] error: Error: Invalid or expired token
    at authenticate (C:\Users\Mohamed Hany\Desktop\ادارة المهام\backend\src\middleware\auth.ts:51:12)
    at Layer.handle [as handle_request] (C:\Users\Mohamed Hany\Desktop\ادارة المهام\backend\node_modules\express\lib\router\layer.js:95:5)
    at trim_prefix (C:\Users\Mohamed Hany\Desktop\ادارة المهام\backend\node_modules\express\lib\router\index.js:328:13)
    at C:\Users\Mohamed Hany\Desktop\ادارة المهام\backend\node_modules\express\lib\router\index.js:286:9
    at Function.process_params (C:\Users\Mohamed Hany\Desktop\ادارة المهام\backend\node_modules\express\lib\router\index.js:346:12)
    at next (C:\Users\Mohamed Hany\Desktop\ادارة المهام\backend\node_modules\express\lib\router\index.js:280:10)
    at Function.handle (C:\Users\Mohamed Hany\Desktop\ادارة المهام\backend\node_modules\express\lib\router\index.js:175:3)
    at router (C:\Users\Mohamed Hany\Desktop\ادارة المهام\backend\node_modules\express\lib\router\index.js:47:12)
    at Layer.handle [as handle_request] (C:\Users\Mohamed Hany\Desktop\ادارة المهام\backend\node_modules\express\lib\router\layer.js:95:5)
    at trim_prefix (C:\Users\Mohamed Hany\Desktop\ادارة المهام\backend\node_modules\express\lib\router\index.js:328:13)
    at C:\Users\Mohamed Hany\Desktop\ادارة المهام\backend\node_modules\express\lib\router\index.js:286:9
    at Function.process_params (C:\Users\Mohamed Hany\Desktop\ادارة المهام\backend\node_modules\express\lib\router\index.js:346:12)
    at next (C:\Users\Mohamed Hany\Desktop\ادارة المهام\backend\node_modules\express\lib\router\index.js:280:10)
    at requestLogger (C:\Users\Mohamed Hany\Desktop\ادارة المهام\backend\src\middleware\requestLogger.ts:6:3)
    at Layer.handle [as handle_request] (C:\Users\Mohamed Hany\Desktop\ادارة المهام\backend\node_modules\express\lib\router\layer.js:95:5)
    at trim_prefix (C:\Users\Mohamed Hany\Desktop\ادارة المهام\backend\node_modules\express\lib\router\index.js:328:13)
    at C:\Users\Mohamed Hany\Desktop\ادارة المهام\backend\node_modules\express\lib\router\index.js:286:9
    at Function.process_params (C:\Users\Mohamed Hany\Desktop\ادارة المهام\backend\node_modules\express\lib\router\index.js:346:12)
    at next (C:\Users\Mohamed Hany\Desktop\ادارة المهام\backend\node_modules\express\lib\router\index.js:280:10)
    at urlencodedParser (C:\Users\Mohamed Hany\Desktop\ادارة المهام\backend\node_modules\body-parser\lib\types\urlencoded.js:91:7)
    at Layer.handle [as handle_request] (C:\Users\Mohamed Hany\Desktop\ادارة المهام\backend\node_modules\express\lib\router\layer.js:95:5)
    at trim_prefix (C:\Users\Mohamed Hany\Desktop\ادارة المهام\backend\node_modules\express\lib\router\index.js:328:13)
[2026-05-10 19:40:04] error: Error: Invalid or expired token
    at authenticate (C:\Users\Mohamed Hany\Desktop\ادارة المهام\backend\src\middleware\auth.ts:51:12)
    at Layer.handle [as handle_request] (C:\Users\Mohamed Hany\Desktop\ادارة المهام\backend\node_modules\express\lib\router\layer.js:95:5)
    at trim_prefix (C:\Users\Mohamed Hany\Desktop\ادارة المهام\backend\node_modules\express\lib\router\index.js:328:13)
    at C:\Users\Mohamed Hany\Desktop\ادارة المهام\backend\node_modules\express\lib\router\index.js:286:9
    at Function.process_params (C:\Users\Mohamed Hany\Desktop\ادارة المهام\backend\node_modules\express\lib\router\index.js:346:12)
    at next (C:\Users\Mohamed Hany\Desktop\ادارة المهام\backend\node_modules\express\lib\router\index.js:280:10)
    at Function.handle (C:\Users\Mohamed Hany\Desktop\ادارة المهام\backend\node_modules\express\lib\router\index.js:175:3)
    at router (C:\Users\Mohamed Hany\Desktop\ادارة المهام\backend\node_modules\express\lib\router\index.js:47:12)
    at Layer.handle [as handle_request] (C:\Users\Mohamed Hany\Desktop\ادارة المهام\backend\node_modules\express\lib\router\layer.js:95:5)
    at trim_prefix (C:\Users\Mohamed Hany\Desktop\ادارة المهام\backend\node_modules\express\lib\router\index.js:328:13)
    at C:\Users\Mohamed Hany\Desktop\ادارة المهام\backend\node_modules\express\lib\router\index.js:286:9
    at Function.process_params (C:\Users\Mohamed Hany\Desktop\ادارة المهام\backend\node_modules\express\lib\router\index.js:346:12)
    at next (C:\Users\Mohamed Hany\Desktop\ادارة المهام\backend\node_modules\express\lib\router\index.js:280:10)
    at requestLogger (C:\Users\Mohamed Hany\Desktop\ادارة المهام\backend\src\middleware\requestLogger.ts:6:3)
    at Layer.handle [as handle_request] (C:\Users\Mohamed Hany\Desktop\ادارة المهام\backend\node_modules\express\lib\router\layer.js:95:5)
    at trim_prefix (C:\Users\Mohamed Hany\Desktop\ادارة المهام\backend\node_modules\express\lib\router\index.js:328:13)
    at C:\Users\Mohamed Hany\Desktop\ادارة المهام\backend\node_modules\express\lib\router\index.js:286:9
    at Function.process_params (C:\Users\Mohamed Hany\Desktop\ادارة المهام\backend\node_modules\express\lib\router\index.js:346:12)
    at next (C:\Users\Mohamed Hany\Desktop\ادارة المهام\backend\node_modules\express\lib\router\index.js:280:10)
    at urlencodedParser (C:\Users\Mohamed Hany\Desktop\ادارة المهام\backend\node_modules\body-parser\lib\types\urlencoded.js:91:7)
    at Layer.handle [as handle_request] (C:\Users\Mohamed Hany\Desktop\ادارة المهام\backend\node_modules\express\lib\router\layer.js:95:5)
    at trim_prefix (C:\Users\Mohamed Hany\Desktop\ادارة المهام\backend\node_modules\express\lib\router\index.js:328:13)
[2026-05-10 19:40:04] error: Error: Invalid or expired token
    at authenticate (C:\Users\Mohamed Hany\Desktop\ادارة المهام\backend\src\middleware\auth.ts:51:12)
    at Layer.handle [as handle_request] (C:\Users\Mohamed Hany\Desktop\ادارة المهام\backend\node_modules\express\lib\router\layer.js:95:5)
    at trim_prefix (C:\Users\Mohamed Hany\Desktop\ادارة المهام\backend\node_modules\express\lib\router\index.js:328:13)
    at C:\Users\Mohamed Hany\Desktop\ادارة المهام\backend\node_modules\express\lib\router\index.js:286:9
    at Function.process_params (C:\Users\Mohamed Hany\Desktop\ادارة المهام\backend\node_modules\express\lib\router\index.js:346:12)
    at next (C:\Users\Mohamed Hany\Desktop\ادارة المهام\backend\node_modules\express\lib\router\index.js:280:10)
    at Function.handle (C:\Users\Mohamed Hany\Desktop\ادارة المهام\backend\node_modules\express\lib\router\index.js:175:3)
    at router (C:\Users\Mohamed Hany\Desktop\ادارة المهام\backend\node_modules\express\lib\router\index.js:47:12)
    at Layer.handle [as handle_request] (C:\Users\Mohamed Hany\Desktop\ادارة المهام\backend\node_modules\express\lib\router\layer.js:95:5)
    at trim_prefix (C:\Users\Mohamed Hany\Desktop\ادارة المهام\backend\node_modules\express\lib\router\index.js:328:13)
    at C:\Users\Mohamed Hany\Desktop\ادارة المهام\backend\node_modules\express\lib\router\index.js:286:9
    at Function.process_params (C:\Users\Mohamed Hany\Desktop\ادارة المهام\backend\node_modules\express\lib\router\index.js:346:12)
    at next (C:\Users\Mohamed Hany\Desktop\ادارة المهام\backend\node_modules\express\lib\router\index.js:280:10)
    at requestLogger (C:\Users\Mohamed Hany\Desktop\ادارة المهام\backend\src\middleware\requestLogger.ts:6:3)
    at Layer.handle [as handle_request] (C:\Users\Mohamed Hany\Desktop\ادارة المهام\backend\node_modules\express\lib\router\layer.js:95:5)
    at trim_prefix (C:\Users\Mohamed Hany\Desktop\ادارة المهام\backend\node_modules\express\lib\router\index.js:328:13)
    at C:\Users\Mohamed Hany\Desktop\ادارة المهام\backend\node_modules\express\lib\router\index.js:286:9
    at Function.process_params (C:\Users\Mohamed Hany\Desktop\ادارة المهام\backend\node_modules\express\lib\router\index.js:346:12)
    at next (C:\Users\Mohamed Hany\Desktop\ادارة المهام\backend\node_modules\express\lib\router\index.js:280:10)
    at urlencodedParser (C:\Users\Mohamed Hany\Desktop\ادارة المهام\backend\node_modules\body-parser\lib\types\urlencoded.js:91:7)
    at Layer.handle [as handle_request] (C:\Users\Mohamed Hany\Desktop\ادارة المهام\backend\node_modules\express\lib\router\layer.js:95:5)
    at trim_prefix (C:\Users\Mohamed Hany\Desktop\ادارة المهام\backend\node_modules\express\lib\router\index.js:328:13)
[2026-05-10 19:40:04] error: Error: Invalid or expired token
    at authenticate (C:\Users\Mohamed Hany\Desktop\ادارة المهام\backend\src\middleware\auth.ts:51:12)
    at Layer.handle [as handle_request] (C:\Users\Mohamed Hany\Desktop\ادارة المهام\backend\node_modules\express\lib\router\layer.js:95:5)
    at trim_prefix (C:\Users\Mohamed Hany\Desktop\ادارة المهام\backend\node_modules\express\lib\router\index.js:328:13)
    at C:\Users\Mohamed Hany\Desktop\ادارة المهام\backend\node_modules\express\lib\router\index.js:286:9
    at Function.process_params (C:\Users\Mohamed Hany\Desktop\ادارة المهام\backend\node_modules\express\lib\router\index.js:346:12)
    at next (C:\Users\Mohamed Hany\Desktop\ادارة المهام\backend\node_modules\express\lib\router\index.js:280:10)
    at Function.handle (C:\Users\Mohamed Hany\Desktop\ادارة المهام\backend\node_modules\express\lib\router\index.js:175:3)
    at router (C:\Users\Mohamed Hany\Desktop\ادارة المهام\backend\node_modules\express\lib\router\index.js:47:12)
    at Layer.handle [as handle_request] (C:\Users\Mohamed Hany\Desktop\ادارة المهام\backend\node_modules\express\lib\router\layer.js:95:5)
    at trim_prefix (C:\Users\Mohamed Hany\Desktop\ادارة المهام\backend\node_modules\express\lib\router\index.js:328:13)
    at C:\Users\Mohamed Hany\Desktop\ادارة المهام\backend\node_modules\express\lib\router\index.js:286:9
    at Function.process_params (C:\Users\Mohamed Hany\Desktop\ادارة المهام\backend\node_modules\express\lib\router\index.js:346:12)
    at next (C:\Users\Mohamed Hany\Desktop\ادارة المهام\backend\node_modules\express\lib\router\index.js:280:10)
    at requestLogger (C:\Users\Mohamed Hany\Desktop\ادارة المهام\backend\src\middleware\requestLogger.ts:6:3)
    at Layer.handle [as handle_request] (C:\Users\Mohamed Hany\Desktop\ادارة المهام\backend\node_modules\express\lib\router\layer.js:95:5)
    at trim_prefix (C:\Users\Mohamed Hany\Desktop\ادارة المهام\backend\node_modules\express\lib\router\index.js:328:13)
    at C:\Users\Mohamed Hany\Desktop\ادارة المهام\backend\node_modules\express\lib\router\index.js:286:9
    at Function.process_params (C:\Users\Mohamed Hany\Desktop\ادارة المهام\backend\node_modules\express\lib\router\index.js:346:12)
    at next (C:\Users\Mohamed Hany\Desktop\ادارة المهام\backend\node_modules\express\lib\router\index.js:280:10)
    at urlencodedParser (C:\Users\Mohamed Hany\Desktop\ادارة المهام\backend\node_modules\body-parser\lib\types\urlencoded.js:91:7)
    at Layer.handle [as handle_request] (C:\Users\Mohamed Hany\Desktop\ادارة المهام\backend\node_modules\express\lib\router\layer.js:95:5)
    at trim_prefix (C:\Users\Mohamed Hany\Desktop\ادارة المهام\backend\node_modules\express\lib\router\index.js:328:13)
[2026-05-10 19:40:04] error: Error: Invalid or expired token
    at authenticate (C:\Users\Mohamed Hany\Desktop\ادارة المهام\backend\src\middleware\auth.ts:51:12)
    at Layer.handle [as handle_request] (C:\Users\Mohamed Hany\Desktop\ادارة المهام\backend\node_modules\express\lib\router\layer.js:95:5)
    at trim_prefix (C:\Users\Mohamed Hany\Desktop\ادارة المهام\backend\node_modules\express\lib\router\index.js:328:13)
    at C:\Users\Mohamed Hany\Desktop\ادارة المهام\backend\node_modules\express\lib\router\index.js:286:9
    at Function.process_params (C:\Users\Mohamed Hany\Desktop\ادارة المهام\backend\node_modules\express\lib\router\index.js:346:12)
    at next (C:\Users\Mohamed Hany\Desktop\ادارة المهام\backend\node_modules\express\lib\router\index.js:280:10)
    at Function.handle (C:\Users\Mohamed Hany\Desktop\ادارة المهام\backend\node_modules\express\lib\router\index.js:175:3)
    at router (C:\Users\Mohamed Hany\Desktop\ادارة المهام\backend\node_modules\express\lib\router\index.js:47:12)
    at Layer.handle [as handle_request] (C:\Users\Mohamed Hany\Desktop\ادارة المهام\backend\node_modules\express\lib\router\layer.js:95:5)
    at trim_prefix (C:\Users\Mohamed Hany\Desktop\ادارة المهام\backend\node_modules\express\lib\router\index.js:328:13)
    at C:\Users\Mohamed Hany\Desktop\ادارة المهام\backend\node_modules\express\lib\router\index.js:286:9
    at Function.process_params (C:\Users\Mohamed Hany\Desktop\ادارة المهام\backend\node_modules\express\lib\router\index.js:346:12)
    at next (C:\Users\Mohamed Hany\Desktop\ادارة المهام\backend\node_modules\express\lib\router\index.js:280:10)
    at requestLogger (C:\Users\Mohamed Hany\Desktop\ادارة المهام\backend\src\middleware\requestLogger.ts:6:3)
    at Layer.handle [as handle_request] (C:\Users\Mohamed Hany\Desktop\ادارة المهام\backend\node_modules\express\lib\router\layer.js:95:5)
    at trim_prefix (C:\Users\Mohamed Hany\Desktop\ادارة المهام\backend\node_modules\express\lib\router\index.js:328:13)
    at C:\Users\Mohamed Hany\Desktop\ادارة المهام\backend\node_modules\express\lib\router\index.js:286:9
    at Function.process_params (C:\Users\Mohamed Hany\Desktop\ادارة المهام\backend\node_modules\express\lib\router\index.js:346:12)
    at next (C:\Users\Mohamed Hany\Desktop\ادارة المهام\backend\node_modules\express\lib\router\index.js:280:10)
    at urlencodedParser (C:\Users\Mohamed Hany\Desktop\ادارة المهام\backend\node_modules\body-parser\lib\types\urlencoded.js:91:7)
    at Layer.handle [as handle_request] (C:\Users\Mohamed Hany\Desktop\ادارة المهام\backend\node_modules\express\lib\router\layer.js:95:5)
    at trim_prefix (C:\Users\Mohamed Hany\Desktop\ادارة المهام\backend\node_modules\express\lib\router\index.js:328:13)
[2026-05-10 19:40:04] error: Error: Invalid or expired token
    at authenticate (C:\Users\Mohamed Hany\Desktop\ادارة المهام\backend\src\middleware\auth.ts:51:12)
    at Layer.handle [as handle_request] (C:\Users\Mohamed Hany\Desktop\ادارة المهام\backend\node_modules\express\lib\router\layer.js:95:5)
    at trim_prefix (C:\Users\Mohamed Hany\Desktop\ادارة المهام\backend\node_modules\express\lib\router\index.js:328:13)
    at C:\Users\Mohamed Hany\Desktop\ادارة المهام\backend\node_modules\express\lib\router\index.js:286:9
    at Function.process_params (C:\Users\Mohamed Hany\Desktop\ادارة المهام\backend\node_modules\express\lib\router\index.js:346:12)
    at next (C:\Users\Mohamed Hany\Desktop\ادارة المهام\backend\node_modules\express\lib\router\index.js:280:10)
    at Function.handle (C:\Users\Mohamed Hany\Desktop\ادارة المهام\backend\node_modules\express\lib\router\index.js:175:3)
    at router (C:\Users\Mohamed Hany\Desktop\ادارة المهام\backend\node_modules\express\lib\router\index.js:47:12)
    at Layer.handle [as handle_request] (C:\Users\Mohamed Hany\Desktop\ادارة المهام\backend\node_modules\express\lib\router\layer.js:95:5)
    at trim_prefix (C:\Users\Mohamed Hany\Desktop\ادارة المهام\backend\node_modules\express\lib\router\index.js:328:13)
    at C:\Users\Mohamed Hany\Desktop\ادارة المهام\backend\node_modules\express\lib\router\index.js:286:9
    at Function.process_params (C:\Users\Mohamed Hany\Desktop\ادارة المهام\backend\node_modules\express\lib\router\index.js:346:12)
    at next (C:\Users\Mohamed Hany\Desktop\ادارة المهام\backend\node_modules\express\lib\router\index.js:280:10)
    at requestLogger (C:\Users\Mohamed Hany\Desktop\ادارة المهام\backend\src\middleware\requestLogger.ts:6:3)
    at Layer.handle [as handle_request] (C:\Users\Mohamed Hany\Desktop\ادارة المهام\backend\node_modules\express\lib\router\layer.js:95:5)
    at trim_prefix (C:\Users\Mohamed Hany\Desktop\ادارة المهام\backend\node_modules\express\lib\router\index.js:328:13)
    at C:\Users\Mohamed Hany\Desktop\ادارة المهام\backend\node_modules\express\lib\router\index.js:286:9
    at Function.process_params (C:\Users\Mohamed Hany\Desktop\ادارة المهام\backend\node_modules\express\lib\router\index.js:346:12)
    at next (C:\Users\Mohamed Hany\Desktop\ادارة المهام\backend\node_modules\express\lib\router\index.js:280:10)
    at urlencodedParser (C:\Users\Mohamed Hany\Desktop\ادارة المهام\backend\node_modules\body-parser\lib\types\urlencoded.js:91:7)
    at Layer.handle [as handle_request] (C:\Users\Mohamed Hany\Desktop\ادارة المهام\backend\node_modules\express\lib\router\layer.js:95:5)
    at trim_prefix (C:\Users\Mohamed Hany\Desktop\ادارة المهام\backend\node_modules\express\lib\router\index.js:328:13)
[2026-05-10 19:40:04] error: Error: Invalid or expired token
    at authenticate (C:\Users\Mohamed Hany\Desktop\ادارة المهام\backend\src\middleware\auth.ts:51:12)
    at Layer.handle [as handle_request] (C:\Users\Mohamed Hany\Desktop\ادارة المهام\backend\node_modules\express\lib\router\layer.js:95:5)
    at trim_prefix (C:\Users\Mohamed Hany\Desktop\ادارة المهام\backend\node_modules\express\lib\router\index.js:328:13)
    at C:\Users\Mohamed Hany\Desktop\ادارة المهام\backend\node_modules\express\lib\router\index.js:286:9
    at Function.process_params (C:\Users\Mohamed Hany\Desktop\ادارة المهام\backend\node_modules\express\lib\router\index.js:346:12)
    at next (C:\Users\Mohamed Hany\Desktop\ادارة المهام\backend\node_modules\express\lib\router\index.js:280:10)
    at Function.handle (C:\Users\Mohamed Hany\Desktop\ادارة المهام\backend\node_modules\express\lib\router\index.js:175:3)
    at router (C:\Users\Mohamed Hany\Desktop\ادارة المهام\backend\node_modules\express\lib\router\index.js:47:12)
    at Layer.handle [as handle_request] (C:\Users\Mohamed Hany\Desktop\ادارة المهام\backend\node_modules\express\lib\router\layer.js:95:5)
    at trim_prefix (C:\Users\Mohamed Hany\Desktop\ادارة المهام\backend\node_modules\express\lib\router\index.js:328:13)
    at C:\Users\Mohamed Hany\Desktop\ادارة المهام\backend\node_modules\express\lib\router\index.js:286:9
    at Function.process_params (C:\Users\Mohamed Hany\Desktop\ادارة المهام\backend\node_modules\express\lib\router\index.js:346:12)
    at next (C:\Users\Mohamed Hany\Desktop\ادارة المهام\backend\node_modules\express\lib\router\index.js:280:10)
    at requestLogger (C:\Users\Mohamed Hany\Desktop\ادارة المهام\backend\src\middleware\requestLogger.ts:6:3)
    at Layer.handle [as handle_request] (C:\Users\Mohamed Hany\Desktop\ادارة المهام\backend\node_modules\express\lib\router\layer.js:95:5)
    at trim_prefix (C:\Users\Mohamed Hany\Desktop\ادارة المهام\backend\node_modules\express\lib\router\index.js:328:13)
    at C:\Users\Mohamed Hany\Desktop\ادارة المهام\backend\node_modules\express\lib\router\index.js:286:9
    at Function.process_params (C:\Users\Mohamed Hany\Desktop\ادارة المهام\backend\node_modules\express\lib\router\index.js:346:12)
    at next (C:\Users\Mohamed Hany\Desktop\ادارة المهام\backend\node_modules\express\lib\router\index.js:280:10)
    at urlencodedParser (C:\Users\Mohamed Hany\Desktop\ادارة المهام\backend\node_modules\body-parser\lib\types\urlencoded.js:91:7)
    at Layer.handle [as handle_request] (C:\Users\Mohamed Hany\Desktop\ادارة المهام\backend\node_modules\express\lib\router\layer.js:95:5)
    at trim_prefix (C:\Users\Mohamed Hany\Desktop\ادارة المهام\backend\node_modules\express\lib\router\index.js:328:13)
[2026-05-10 19:40:07] error: Prisma error: 
Invalid `prisma.user.findUnique()` invocation in
C:\Users\Mohamed Hany\Desktop\ادارة المهام\backend\src\modules\users\user.service.ts:39:36

  36 },
  37 
  38 async getById(id: number) {
→ 39   const user = await prisma.user.findUnique({
         where: {
       +   id: Int
         },
         include: {
           role: true,
           department: true,
           manager: {
             select: {
               id: true,
               fullName: true,
               fullNameAr: true,
               employeeCode: true
             }
           },
           subordinates: {
             select: {
               id: true,
               fullName: true,
               fullNameAr: true,
               employeeCode: true
             }
           },
           tasksAssigned: {
             where: {
               status: {
                 not: "COMPLETED"
               }
             },
             include: {
               category: true
             },
             take: 10
           }
         }
       })

Argument `id` is missing.
[2026-05-10 19:40:07] error: PrismaClientValidationError: 
Invalid `prisma.user.findUnique()` invocation in
C:\Users\Mohamed Hany\Desktop\ادارة المهام\backend\src\modules\users\user.service.ts:39:36

  36 },
  37 
  38 async getById(id: number) {
→ 39   const user = await prisma.user.findUnique({
         where: {
       +   id: Int
         },
         include: {
           role: true,
           department: true,
           manager: {
             select: {
               id: true,
               fullName: true,
               fullNameAr: true,
               employeeCode: true
             }
           },
           subordinates: {
             select: {
               id: true,
               fullName: true,
               fullNameAr: true,
               employeeCode: true
             }
           },
           tasksAssigned: {
             where: {
               status: {
                 not: "COMPLETED"
               }
             },
             include: {
               category: true
             },
             take: 10
           }
         }
       })

Argument `id` is missing.
    at throwValidationException (C:\Users\Mohamed Hany\Desktop\ادارة المهام\backend\node_modules\@prisma\client\src\runtime\core\errorRendering\throwValidationException.ts:45:9)
    at ei.handleRequestError (C:\Users\Mohamed Hany\Desktop\ادارة المهام\backend\node_modules\@prisma\client\src\runtime\RequestHandler.ts:202:7)
    at ei.handleAndLogRequestError (C:\Users\Mohamed Hany\Desktop\ادارة المهام\backend\node_modules\@prisma\client\src\runtime\RequestHandler.ts:174:12)
    at ei.request (C:\Users\Mohamed Hany\Desktop\ادارة المهام\backend\node_modules\@prisma\client\src\runtime\RequestHandler.ts:143:12)
    at async a (C:\Users\Mohamed Hany\Desktop\ادارة المهام\backend\node_modules\@prisma\client\src\runtime\getPrismaClient.ts:833:24)
    at async Object.getById (C:\Users\Mohamed Hany\Desktop\ادارة المهام\backend\src\modules\users\user.service.ts:39:18)
    at async getById (C:\Users\Mohamed Hany\Desktop\ادارة المهام\backend\src\modules\users\user.controller.ts:33:20)
[2026-05-10 20:16:29] error: Error: Invalid or expired token
    at authenticate (C:\Users\Mohamed Hany\Desktop\ادارة المهام\backend\src\middleware\auth.ts:51:12)
    at Layer.handle [as handle_request] (C:\Users\Mohamed Hany\Desktop\ادارة المهام\backend\node_modules\express\lib\router\layer.js:95:5)
    at trim_prefix (C:\Users\Mohamed Hany\Desktop\ادارة المهام\backend\node_modules\express\lib\router\index.js:328:13)
    at C:\Users\Mohamed Hany\Desktop\ادارة المهام\backend\node_modules\express\lib\router\index.js:286:9
    at Function.process_params (C:\Users\Mohamed Hany\Desktop\ادارة المهام\backend\node_modules\express\lib\router\index.js:346:12)
    at next (C:\Users\Mohamed Hany\Desktop\ادارة المهام\backend\node_modules\express\lib\router\index.js:280:10)
    at Function.handle (C:\Users\Mohamed Hany\Desktop\ادارة المهام\backend\node_modules\express\lib\router\index.js:175:3)
    at router (C:\Users\Mohamed Hany\Desktop\ادارة المهام\backend\node_modules\express\lib\router\index.js:47:12)
    at Layer.handle [as handle_request] (C:\Users\Mohamed Hany\Desktop\ادارة المهام\backend\node_modules\express\lib\router\layer.js:95:5)
    at trim_prefix (C:\Users\Mohamed Hany\Desktop\ادارة المهام\backend\node_modules\express\lib\router\index.js:328:13)
    at C:\Users\Mohamed Hany\Desktop\ادارة المهام\backend\node_modules\express\lib\router\index.js:286:9
    at Function.process_params (C:\Users\Mohamed Hany\Desktop\ادارة المهام\backend\node_modules\express\lib\router\index.js:346:12)
    at next (C:\Users\Mohamed Hany\Desktop\ادارة المهام\backend\node_modules\express\lib\router\index.js:280:10)
    at requestLogger (C:\Users\Mohamed Hany\Desktop\ادارة المهام\backend\src\middleware\requestLogger.ts:6:3)
    at Layer.handle [as handle_request] (C:\Users\Mohamed Hany\Desktop\ادارة المهام\backend\node_modules\express\lib\router\layer.js:95:5)
    at trim_prefix (C:\Users\Mohamed Hany\Desktop\ادارة المهام\backend\node_modules\express\lib\router\index.js:328:13)
    at C:\Users\Mohamed Hany\Desktop\ادارة المهام\backend\node_modules\express\lib\router\index.js:286:9
    at Function.process_params (C:\Users\Mohamed Hany\Desktop\ادارة المهام\backend\node_modules\express\lib\router\index.js:346:12)
    at next (C:\Users\Mohamed Hany\Desktop\ادارة المهام\backend\node_modules\express\lib\router\index.js:280:10)
    at urlencodedParser (C:\Users\Mohamed Hany\Desktop\ادارة المهام\backend\node_modules\body-parser\lib\types\urlencoded.js:91:7)
    at Layer.handle [as handle_request] (C:\Users\Mohamed Hany\Desktop\ادارة المهام\backend\node_modules\express\lib\router\layer.js:95:5)
    at trim_prefix (C:\Users\Mohamed Hany\Desktop\ادارة المهام\backend\node_modules\express\lib\router\index.js:328:13)
[2026-05-10 20:16:29] error: Error: Invalid or expired token
    at authenticate (C:\Users\Mohamed Hany\Desktop\ادارة المهام\backend\src\middleware\auth.ts:51:12)
    at Layer.handle [as handle_request] (C:\Users\Mohamed Hany\Desktop\ادارة المهام\backend\node_modules\express\lib\router\layer.js:95:5)
    at trim_prefix (C:\Users\Mohamed Hany\Desktop\ادارة المهام\backend\node_modules\express\lib\router\index.js:328:13)
    at C:\Users\Mohamed Hany\Desktop\ادارة المهام\backend\node_modules\express\lib\router\index.js:286:9
    at Function.process_params (C:\Users\Mohamed Hany\Desktop\ادارة المهام\backend\node_modules\express\lib\router\index.js:346:12)
    at next (C:\Users\Mohamed Hany\Desktop\ادارة المهام\backend\node_modules\express\lib\router\index.js:280:10)
    at Function.handle (C:\Users\Mohamed Hany\Desktop\ادارة المهام\backend\node_modules\express\lib\router\index.js:175:3)
    at router (C:\Users\Mohamed Hany\Desktop\ادارة المهام\backend\node_modules\express\lib\router\index.js:47:12)
    at Layer.handle [as handle_request] (C:\Users\Mohamed Hany\Desktop\ادارة المهام\backend\node_modules\express\lib\router\layer.js:95:5)
    at trim_prefix (C:\Users\Mohamed Hany\Desktop\ادارة المهام\backend\node_modules\express\lib\router\index.js:328:13)
    at C:\Users\Mohamed Hany\Desktop\ادارة المهام\backend\node_modules\express\lib\router\index.js:286:9
    at Function.process_params (C:\Users\Mohamed Hany\Desktop\ادارة المهام\backend\node_modules\express\lib\router\index.js:346:12)
    at next (C:\Users\Mohamed Hany\Desktop\ادارة المهام\backend\node_modules\express\lib\router\index.js:280:10)
    at requestLogger (C:\Users\Mohamed Hany\Desktop\ادارة المهام\backend\src\middleware\requestLogger.ts:6:3)
    at Layer.handle [as handle_request] (C:\Users\Mohamed Hany\Desktop\ادارة المهام\backend\node_modules\express\lib\router\layer.js:95:5)
    at trim_prefix (C:\Users\Mohamed Hany\Desktop\ادارة المهام\backend\node_modules\express\lib\router\index.js:328:13)
    at C:\Users\Mohamed Hany\Desktop\ادارة المهام\backend\node_modules\express\lib\router\index.js:286:9
    at Function.process_params (C:\Users\Mohamed Hany\Desktop\ادارة المهام\backend\node_modules\express\lib\router\index.js:346:12)
    at next (C:\Users\Mohamed Hany\Desktop\ادارة المهام\backend\node_modules\express\lib\router\index.js:280:10)
    at urlencodedParser (C:\Users\Mohamed Hany\Desktop\ادارة المهام\backend\node_modules\body-parser\lib\types\urlencoded.js:91:7)
    at Layer.handle [as handle_request] (C:\Users\Mohamed Hany\Desktop\ادارة المهام\backend\node_modules\express\lib\router\layer.js:95:5)
    at trim_prefix (C:\Users\Mohamed Hany\Desktop\ادارة المهام\backend\node_modules\express\lib\router\index.js:328:13)
[2026-05-10 20:16:29] error: Error: Invalid or expired token
    at authenticate (C:\Users\Mohamed Hany\Desktop\ادارة المهام\backend\src\middleware\auth.ts:51:12)
    at Layer.handle [as handle_request] (C:\Users\Mohamed Hany\Desktop\ادارة المهام\backend\node_modules\express\lib\router\layer.js:95:5)
    at trim_prefix (C:\Users\Mohamed Hany\Desktop\ادارة المهام\backend\node_modules\express\lib\router\index.js:328:13)
    at C:\Users\Mohamed Hany\Desktop\ادارة المهام\backend\node_modules\express\lib\router\index.js:286:9
    at Function.process_params (C:\Users\Mohamed Hany\Desktop\ادارة المهام\backend\node_modules\express\lib\router\index.js:346:12)
    at next (C:\Users\Mohamed Hany\Desktop\ادارة المهام\backend\node_modules\express\lib\router\index.js:280:10)
    at Function.handle (C:\Users\Mohamed Hany\Desktop\ادارة المهام\backend\node_modules\express\lib\router\index.js:175:3)
    at router (C:\Users\Mohamed Hany\Desktop\ادارة المهام\backend\node_modules\express\lib\router\index.js:47:12)
    at Layer.handle [as handle_request] (C:\Users\Mohamed Hany\Desktop\ادارة المهام\backend\node_modules\express\lib\router\layer.js:95:5)
    at trim_prefix (C:\Users\Mohamed Hany\Desktop\ادارة المهام\backend\node_modules\express\lib\router\index.js:328:13)
    at C:\Users\Mohamed Hany\Desktop\ادارة المهام\backend\node_modules\express\lib\router\index.js:286:9
    at Function.process_params (C:\Users\Mohamed Hany\Desktop\ادارة المهام\backend\node_modules\express\lib\router\index.js:346:12)
    at next (C:\Users\Mohamed Hany\Desktop\ادارة المهام\backend\node_modules\express\lib\router\index.js:280:10)
    at requestLogger (C:\Users\Mohamed Hany\Desktop\ادارة المهام\backend\src\middleware\requestLogger.ts:6:3)
    at Layer.handle [as handle_request] (C:\Users\Mohamed Hany\Desktop\ادارة المهام\backend\node_modules\express\lib\router\layer.js:95:5)
    at trim_prefix (C:\Users\Mohamed Hany\Desktop\ادارة المهام\backend\node_modules\express\lib\router\index.js:328:13)
    at C:\Users\Mohamed Hany\Desktop\ادارة المهام\backend\node_modules\express\lib\router\index.js:286:9
    at Function.process_params (C:\Users\Mohamed Hany\Desktop\ادارة المهام\backend\node_modules\express\lib\router\index.js:346:12)
    at next (C:\Users\Mohamed Hany\Desktop\ادارة المهام\backend\node_modules\express\lib\router\index.js:280:10)
    at urlencodedParser (C:\Users\Mohamed Hany\Desktop\ادارة المهام\backend\node_modules\body-parser\lib\types\urlencoded.js:91:7)
    at Layer.handle [as handle_request] (C:\Users\Mohamed Hany\Desktop\ادارة المهام\backend\node_modules\express\lib\router\layer.js:95:5)
    at trim_prefix (C:\Users\Mohamed Hany\Desktop\ادارة المهام\backend\node_modules\express\lib\router\index.js:328:13)
[2026-05-10 20:16:29] error: Error: Invalid or expired token
    at authenticate (C:\Users\Mohamed Hany\Desktop\ادارة المهام\backend\src\middleware\auth.ts:51:12)
    at Layer.handle [as handle_request] (C:\Users\Mohamed Hany\Desktop\ادارة المهام\backend\node_modules\express\lib\router\layer.js:95:5)
    at trim_prefix (C:\Users\Mohamed Hany\Desktop\ادارة المهام\backend\node_modules\express\lib\router\index.js:328:13)
    at C:\Users\Mohamed Hany\Desktop\ادارة المهام\backend\node_modules\express\lib\router\index.js:286:9
    at Function.process_params (C:\Users\Mohamed Hany\Desktop\ادارة المهام\backend\node_modules\express\lib\router\index.js:346:12)
    at next (C:\Users\Mohamed Hany\Desktop\ادارة المهام\backend\node_modules\express\lib\router\index.js:280:10)
    at Function.handle (C:\Users\Mohamed Hany\Desktop\ادارة المهام\backend\node_modules\express\lib\router\index.js:175:3)
    at router (C:\Users\Mohamed Hany\Desktop\ادارة المهام\backend\node_modules\express\lib\router\index.js:47:12)
    at Layer.handle [as handle_request] (C:\Users\Mohamed Hany\Desktop\ادارة المهام\backend\node_modules\express\lib\router\layer.js:95:5)
    at trim_prefix (C:\Users\Mohamed Hany\Desktop\ادارة المهام\backend\node_modules\express\lib\router\index.js:328:13)
    at C:\Users\Mohamed Hany\Desktop\ادارة المهام\backend\node_modules\express\lib\router\index.js:286:9
    at Function.process_params (C:\Users\Mohamed Hany\Desktop\ادارة المهام\backend\node_modules\express\lib\router\index.js:346:12)
    at next (C:\Users\Mohamed Hany\Desktop\ادارة المهام\backend\node_modules\express\lib\router\index.js:280:10)
    at requestLogger (C:\Users\Mohamed Hany\Desktop\ادارة المهام\backend\src\middleware\requestLogger.ts:6:3)
    at Layer.handle [as handle_request] (C:\Users\Mohamed Hany\Desktop\ادارة المهام\backend\node_modules\express\lib\router\layer.js:95:5)
    at trim_prefix (C:\Users\Mohamed Hany\Desktop\ادارة المهام\backend\node_modules\express\lib\router\index.js:328:13)
    at C:\Users\Mohamed Hany\Desktop\ادارة المهام\backend\node_modules\express\lib\router\index.js:286:9
    at Function.process_params (C:\Users\Mohamed Hany\Desktop\ادارة المهام\backend\node_modules\express\lib\router\index.js:346:12)
    at next (C:\Users\Mohamed Hany\Desktop\ادارة المهام\backend\node_modules\express\lib\router\index.js:280:10)
    at urlencodedParser (C:\Users\Mohamed Hany\Desktop\ادارة المهام\backend\node_modules\body-parser\lib\types\urlencoded.js:91:7)
    at Layer.handle [as handle_request] (C:\Users\Mohamed Hany\Desktop\ادارة المهام\backend\node_modules\express\lib\router\layer.js:95:5)
    at trim_prefix (C:\Users\Mohamed Hany\Desktop\ادارة المهام\backend\node_modules\express\lib\router\index.js:328:13)
[2026-05-10 20:16:29] error: Error: Invalid or expired token
    at authenticate (C:\Users\Mohamed Hany\Desktop\ادارة المهام\backend\src\middleware\auth.ts:51:12)
    at Layer.handle [as handle_request] (C:\Users\Mohamed Hany\Desktop\ادارة المهام\backend\node_modules\express\lib\router\layer.js:95:5)
    at trim_prefix (C:\Users\Mohamed Hany\Desktop\ادارة المهام\backend\node_modules\express\lib\router\index.js:328:13)
    at C:\Users\Mohamed Hany\Desktop\ادارة المهام\backend\node_modules\express\lib\router\index.js:286:9
    at Function.process_params (C:\Users\Mohamed Hany\Desktop\ادارة المهام\backend\node_modules\express\lib\router\index.js:346:12)
    at next (C:\Users\Mohamed Hany\Desktop\ادارة المهام\backend\node_modules\express\lib\router\index.js:280:10)
    at Function.handle (C:\Users\Mohamed Hany\Desktop\ادارة المهام\backend\node_modules\express\lib\router\index.js:175:3)
    at router (C:\Users\Mohamed Hany\Desktop\ادارة المهام\backend\node_modules\express\lib\router\index.js:47:12)
    at Layer.handle [as handle_request] (C:\Users\Mohamed Hany\Desktop\ادارة المهام\backend\node_modules\express\lib\router\layer.js:95:5)
    at trim_prefix (C:\Users\Mohamed Hany\Desktop\ادارة المهام\backend\node_modules\express\lib\router\index.js:328:13)
    at C:\Users\Mohamed Hany\Desktop\ادارة المهام\backend\node_modules\express\lib\router\index.js:286:9
    at Function.process_params (C:\Users\Mohamed Hany\Desktop\ادارة المهام\backend\node_modules\express\lib\router\index.js:346:12)
    at next (C:\Users\Mohamed Hany\Desktop\ادارة المهام\backend\node_modules\express\lib\router\index.js:280:10)
    at requestLogger (C:\Users\Mohamed Hany\Desktop\ادارة المهام\backend\src\middleware\requestLogger.ts:6:3)
    at Layer.handle [as handle_request] (C:\Users\Mohamed Hany\Desktop\ادارة المهام\backend\node_modules\express\lib\router\layer.js:95:5)
    at trim_prefix (C:\Users\Mohamed Hany\Desktop\ادارة المهام\backend\node_modules\express\lib\router\index.js:328:13)
    at C:\Users\Mohamed Hany\Desktop\ادارة المهام\backend\node_modules\express\lib\router\index.js:286:9
    at Function.process_params (C:\Users\Mohamed Hany\Desktop\ادارة المهام\backend\node_modules\express\lib\router\index.js:346:12)
    at next (C:\Users\Mohamed Hany\Desktop\ادارة المهام\backend\node_modules\express\lib\router\index.js:280:10)
    at urlencodedParser (C:\Users\Mohamed Hany\Desktop\ادارة المهام\backend\node_modules\body-parser\lib\types\urlencoded.js:91:7)
    at Layer.handle [as handle_request] (C:\Users\Mohamed Hany\Desktop\ادارة المهام\backend\node_modules\express\lib\router\layer.js:95:5)
    at trim_prefix (C:\Users\Mohamed Hany\Desktop\ادارة المهام\backend\node_modules\express\lib\router\index.js:328:13)
[2026-05-10 20:16:29] error: Error: Invalid or expired token
    at authenticate (C:\Users\Mohamed Hany\Desktop\ادارة المهام\backend\src\middleware\auth.ts:51:12)
    at Layer.handle [as handle_request] (C:\Users\Mohamed Hany\Desktop\ادارة المهام\backend\node_modules\express\lib\router\layer.js:95:5)
    at trim_prefix (C:\Users\Mohamed Hany\Desktop\ادارة المهام\backend\node_modules\express\lib\router\index.js:328:13)
    at C:\Users\Mohamed Hany\Desktop\ادارة المهام\backend\node_modules\express\lib\router\index.js:286:9
    at Function.process_params (C:\Users\Mohamed Hany\Desktop\ادارة المهام\backend\node_modules\express\lib\router\index.js:346:12)
    at next (C:\Users\Mohamed Hany\Desktop\ادارة المهام\backend\node_modules\express\lib\router\index.js:280:10)
    at Function.handle (C:\Users\Mohamed Hany\Desktop\ادارة المهام\backend\node_modules\express\lib\router\index.js:175:3)
    at router (C:\Users\Mohamed Hany\Desktop\ادارة المهام\backend\node_modules\express\lib\router\index.js:47:12)
    at Layer.handle [as handle_request] (C:\Users\Mohamed Hany\Desktop\ادارة المهام\backend\node_modules\express\lib\router\layer.js:95:5)
    at trim_prefix (C:\Users\Mohamed Hany\Desktop\ادارة المهام\backend\node_modules\express\lib\router\index.js:328:13)
    at C:\Users\Mohamed Hany\Desktop\ادارة المهام\backend\node_modules\express\lib\router\index.js:286:9
    at Function.process_params (C:\Users\Mohamed Hany\Desktop\ادارة المهام\backend\node_modules\express\lib\router\index.js:346:12)
    at next (C:\Users\Mohamed Hany\Desktop\ادارة المهام\backend\node_modules\express\lib\router\index.js:280:10)
    at requestLogger (C:\Users\Mohamed Hany\Desktop\ادارة المهام\backend\src\middleware\requestLogger.ts:6:3)
    at Layer.handle [as handle_request] (C:\Users\Mohamed Hany\Desktop\ادارة المهام\backend\node_modules\express\lib\router\layer.js:95:5)
    at trim_prefix (C:\Users\Mohamed Hany\Desktop\ادارة المهام\backend\node_modules\express\lib\router\index.js:328:13)
    at C:\Users\Mohamed Hany\Desktop\ادارة المهام\backend\node_modules\express\lib\router\index.js:286:9
    at Function.process_params (C:\Users\Mohamed Hany\Desktop\ادارة المهام\backend\node_modules\express\lib\router\index.js:346:12)
    at next (C:\Users\Mohamed Hany\Desktop\ادارة المهام\backend\node_modules\express\lib\router\index.js:280:10)
    at urlencodedParser (C:\Users\Mohamed Hany\Desktop\ادارة المهام\backend\node_modules\body-parser\lib\types\urlencoded.js:91:7)
    at Layer.handle [as handle_request] (C:\Users\Mohamed Hany\Desktop\ادارة المهام\backend\node_modules\express\lib\router\layer.js:95:5)
    at trim_prefix (C:\Users\Mohamed Hany\Desktop\ادارة المهام\backend\node_modules\express\lib\router\index.js:328:13)
[2026-05-10 20:16:29] error: Error: Invalid or expired token
    at authenticate (C:\Users\Mohamed Hany\Desktop\ادارة المهام\backend\src\middleware\auth.ts:51:12)
    at Layer.handle [as handle_request] (C:\Users\Mohamed Hany\Desktop\ادارة المهام\backend\node_modules\express\lib\router\layer.js:95:5)
    at trim_prefix (C:\Users\Mohamed Hany\Desktop\ادارة المهام\backend\node_modules\express\lib\router\index.js:328:13)
    at C:\Users\Mohamed Hany\Desktop\ادارة المهام\backend\node_modules\express\lib\router\index.js:286:9
    at Function.process_params (C:\Users\Mohamed Hany\Desktop\ادارة المهام\backend\node_modules\express\lib\router\index.js:346:12)
    at next (C:\Users\Mohamed Hany\Desktop\ادارة المهام\backend\node_modules\express\lib\router\index.js:280:10)
    at Function.handle (C:\Users\Mohamed Hany\Desktop\ادارة المهام\backend\node_modules\express\lib\router\index.js:175:3)
    at router (C:\Users\Mohamed Hany\Desktop\ادارة المهام\backend\node_modules\express\lib\router\index.js:47:12)
    at Layer.handle [as handle_request] (C:\Users\Mohamed Hany\Desktop\ادارة المهام\backend\node_modules\express\lib\router\layer.js:95:5)
    at trim_prefix (C:\Users\Mohamed Hany\Desktop\ادارة المهام\backend\node_modules\express\lib\router\index.js:328:13)
    at C:\Users\Mohamed Hany\Desktop\ادارة المهام\backend\node_modules\express\lib\router\index.js:286:9
    at Function.process_params (C:\Users\Mohamed Hany\Desktop\ادارة المهام\backend\node_modules\express\lib\router\index.js:346:12)
    at next (C:\Users\Mohamed Hany\Desktop\ادارة المهام\backend\node_modules\express\lib\router\index.js:280:10)
    at requestLogger (C:\Users\Mohamed Hany\Desktop\ادارة المهام\backend\src\middleware\requestLogger.ts:6:3)
    at Layer.handle [as handle_request] (C:\Users\Mohamed Hany\Desktop\ادارة المهام\backend\node_modules\express\lib\router\layer.js:95:5)
    at trim_prefix (C:\Users\Mohamed Hany\Desktop\ادارة المهام\backend\node_modules\express\lib\router\index.js:328:13)
    at C:\Users\Mohamed Hany\Desktop\ادارة المهام\backend\node_modules\express\lib\router\index.js:286:9
    at Function.process_params (C:\Users\Mohamed Hany\Desktop\ادارة المهام\backend\node_modules\express\lib\router\index.js:346:12)
    at next (C:\Users\Mohamed Hany\Desktop\ادارة المهام\backend\node_modules\express\lib\router\index.js:280:10)
    at urlencodedParser (C:\Users\Mohamed Hany\Desktop\ادارة المهام\backend\node_modules\body-parser\lib\types\urlencoded.js:91:7)
    at Layer.handle [as handle_request] (C:\Users\Mohamed Hany\Desktop\ادارة المهام\backend\node_modules\express\lib\router\layer.js:95:5)
    at trim_prefix (C:\Users\Mohamed Hany\Desktop\ادارة المهام\backend\node_modules\express\lib\router\index.js:328:13)
[2026-05-10 20:16:29] error: Error: Invalid or expired token
    at authenticate (C:\Users\Mohamed Hany\Desktop\ادارة المهام\backend\src\middleware\auth.ts:51:12)
    at Layer.handle [as handle_request] (C:\Users\Mohamed Hany\Desktop\ادارة المهام\backend\node_modules\express\lib\router\layer.js:95:5)
    at trim_prefix (C:\Users\Mohamed Hany\Desktop\ادارة المهام\backend\node_modules\express\lib\router\index.js:328:13)
    at C:\Users\Mohamed Hany\Desktop\ادارة المهام\backend\node_modules\express\lib\router\index.js:286:9
    at Function.process_params (C:\Users\Mohamed Hany\Desktop\ادارة المهام\backend\node_modules\express\lib\router\index.js:346:12)
    at next (C:\Users\Mohamed Hany\Desktop\ادارة المهام\backend\node_modules\express\lib\router\index.js:280:10)
    at Function.handle (C:\Users\Mohamed Hany\Desktop\ادارة المهام\backend\node_modules\express\lib\router\index.js:175:3)
    at router (C:\Users\Mohamed Hany\Desktop\ادارة المهام\backend\node_modules\express\lib\router\index.js:47:12)
    at Layer.handle [as handle_request] (C:\Users\Mohamed Hany\Desktop\ادارة المهام\backend\node_modules\express\lib\router\layer.js:95:5)
    at trim_prefix (C:\Users\Mohamed Hany\Desktop\ادارة المهام\backend\node_modules\express\lib\router\index.js:328:13)
    at C:\Users\Mohamed Hany\Desktop\ادارة المهام\backend\node_modules\express\lib\router\index.js:286:9
    at Function.process_params (C:\Users\Mohamed Hany\Desktop\ادارة المهام\backend\node_modules\express\lib\router\index.js:346:12)
    at next (C:\Users\Mohamed Hany\Desktop\ادارة المهام\backend\node_modules\express\lib\router\index.js:280:10)
    at requestLogger (C:\Users\Mohamed Hany\Desktop\ادارة المهام\backend\src\middleware\requestLogger.ts:6:3)
    at Layer.handle [as handle_request] (C:\Users\Mohamed Hany\Desktop\ادارة المهام\backend\node_modules\express\lib\router\layer.js:95:5)
    at trim_prefix (C:\Users\Mohamed Hany\Desktop\ادارة المهام\backend\node_modules\express\lib\router\index.js:328:13)
    at C:\Users\Mohamed Hany\Desktop\ادارة المهام\backend\node_modules\express\lib\router\index.js:286:9
    at Function.process_params (C:\Users\Mohamed Hany\Desktop\ادارة المهام\backend\node_modules\express\lib\router\index.js:346:12)
    at next (C:\Users\Mohamed Hany\Desktop\ادارة المهام\backend\node_modules\express\lib\router\index.js:280:10)
    at urlencodedParser (C:\Users\Mohamed Hany\Desktop\ادارة المهام\backend\node_modules\body-parser\lib\types\urlencoded.js:91:7)
    at Layer.handle [as handle_request] (C:\Users\Mohamed Hany\Desktop\ادارة المهام\backend\node_modules\express\lib\router\layer.js:95:5)
    at trim_prefix (C:\Users\Mohamed Hany\Desktop\ادارة المهام\backend\node_modules\express\lib\router\index.js:328:13)
[2026-05-10 20:16:29] error: Error: Invalid or expired token
    at authenticate (C:\Users\Mohamed Hany\Desktop\ادارة المهام\backend\src\middleware\auth.ts:51:12)
    at Layer.handle [as handle_request] (C:\Users\Mohamed Hany\Desktop\ادارة المهام\backend\node_modules\express\lib\router\layer.js:95:5)
    at trim_prefix (C:\Users\Mohamed Hany\Desktop\ادارة المهام\backend\node_modules\express\lib\router\index.js:328:13)
    at C:\Users\Mohamed Hany\Desktop\ادارة المهام\backend\node_modules\express\lib\router\index.js:286:9
    at Function.process_params (C:\Users\Mohamed Hany\Desktop\ادارة المهام\backend\node_modules\express\lib\router\index.js:346:12)
    at next (C:\Users\Mohamed Hany\Desktop\ادارة المهام\backend\node_modules\express\lib\router\index.js:280:10)
    at Function.handle (C:\Users\Mohamed Hany\Desktop\ادارة المهام\backend\node_modules\express\lib\router\index.js:175:3)
    at router (C:\Users\Mohamed Hany\Desktop\ادارة المهام\backend\node_modules\express\lib\router\index.js:47:12)
    at Layer.handle [as handle_request] (C:\Users\Mohamed Hany\Desktop\ادارة المهام\backend\node_modules\express\lib\router\layer.js:95:5)
    at trim_prefix (C:\Users\Mohamed Hany\Desktop\ادارة المهام\backend\node_modules\express\lib\router\index.js:328:13)
    at C:\Users\Mohamed Hany\Desktop\ادارة المهام\backend\node_modules\express\lib\router\index.js:286:9
    at Function.process_params (C:\Users\Mohamed Hany\Desktop\ادارة المهام\backend\node_modules\express\lib\router\index.js:346:12)
    at next (C:\Users\Mohamed Hany\Desktop\ادارة المهام\backend\node_modules\express\lib\router\index.js:280:10)
    at requestLogger (C:\Users\Mohamed Hany\Desktop\ادارة المهام\backend\src\middleware\requestLogger.ts:6:3)
    at Layer.handle [as handle_request] (C:\Users\Mohamed Hany\Desktop\ادارة المهام\backend\node_modules\express\lib\router\layer.js:95:5)
    at trim_prefix (C:\Users\Mohamed Hany\Desktop\ادارة المهام\backend\node_modules\express\lib\router\index.js:328:13)
    at C:\Users\Mohamed Hany\Desktop\ادارة المهام\backend\node_modules\express\lib\router\index.js:286:9
    at Function.process_params (C:\Users\Mohamed Hany\Desktop\ادارة المهام\backend\node_modules\express\lib\router\index.js:346:12)
    at next (C:\Users\Mohamed Hany\Desktop\ادارة المهام\backend\node_modules\express\lib\router\index.js:280:10)
    at urlencodedParser (C:\Users\Mohamed Hany\Desktop\ادارة المهام\backend\node_modules\body-parser\lib\types\urlencoded.js:91:7)
    at Layer.handle [as handle_request] (C:\Users\Mohamed Hany\Desktop\ادارة المهام\backend\node_modules\express\lib\router\layer.js:95:5)
    at trim_prefix (C:\Users\Mohamed Hany\Desktop\ادارة المهام\backend\node_modules\express\lib\router\index.js:328:13)
[2026-05-10 20:16:29] error: Error: Invalid or expired token
    at authenticate (C:\Users\Mohamed Hany\Desktop\ادارة المهام\backend\src\middleware\auth.ts:51:12)
    at Layer.handle [as handle_request] (C:\Users\Mohamed Hany\Desktop\ادارة المهام\backend\node_modules\express\lib\router\layer.js:95:5)
    at trim_prefix (C:\Users\Mohamed Hany\Desktop\ادارة المهام\backend\node_modules\express\lib\router\index.js:328:13)
    at C:\Users\Mohamed Hany\Desktop\ادارة المهام\backend\node_modules\express\lib\router\index.js:286:9
    at Function.process_params (C:\Users\Mohamed Hany\Desktop\ادارة المهام\backend\node_modules\express\lib\router\index.js:346:12)
    at next (C:\Users\Mohamed Hany\Desktop\ادارة المهام\backend\node_modules\express\lib\router\index.js:280:10)
    at Function.handle (C:\Users\Mohamed Hany\Desktop\ادارة المهام\backend\node_modules\express\lib\router\index.js:175:3)
    at router (C:\Users\Mohamed Hany\Desktop\ادارة المهام\backend\node_modules\express\lib\router\index.js:47:12)
    at Layer.handle [as handle_request] (C:\Users\Mohamed Hany\Desktop\ادارة المهام\backend\node_modules\express\lib\router\layer.js:95:5)
    at trim_prefix (C:\Users\Mohamed Hany\Desktop\ادارة المهام\backend\node_modules\express\lib\router\index.js:328:13)
    at C:\Users\Mohamed Hany\Desktop\ادارة المهام\backend\node_modules\express\lib\router\index.js:286:9
    at Function.process_params (C:\Users\Mohamed Hany\Desktop\ادارة المهام\backend\node_modules\express\lib\router\index.js:346:12)
    at next (C:\Users\Mohamed Hany\Desktop\ادارة المهام\backend\node_modules\express\lib\router\index.js:280:10)
    at requestLogger (C:\Users\Mohamed Hany\Desktop\ادارة المهام\backend\src\middleware\requestLogger.ts:6:3)
    at Layer.handle [as handle_request] (C:\Users\Mohamed Hany\Desktop\ادارة المهام\backend\node_modules\express\lib\router\layer.js:95:5)
    at trim_prefix (C:\Users\Mohamed Hany\Desktop\ادارة المهام\backend\node_modules\express\lib\router\index.js:328:13)
    at C:\Users\Mohamed Hany\Desktop\ادارة المهام\backend\node_modules\express\lib\router\index.js:286:9
    at Function.process_params (C:\Users\Mohamed Hany\Desktop\ادارة المهام\backend\node_modules\express\lib\router\index.js:346:12)
    at next (C:\Users\Mohamed Hany\Desktop\ادارة المهام\backend\node_modules\express\lib\router\index.js:280:10)
    at urlencodedParser (C:\Users\Mohamed Hany\Desktop\ادارة المهام\backend\node_modules\body-parser\lib\types\urlencoded.js:91:7)
    at Layer.handle [as handle_request] (C:\Users\Mohamed Hany\Desktop\ادارة المهام\backend\node_modules\express\lib\router\layer.js:95:5)
    at trim_prefix (C:\Users\Mohamed Hany\Desktop\ادارة المهام\backend\node_modules\express\lib\router\index.js:328:13)
[2026-05-10 20:16:29] error: Error: Invalid or expired token
    at authenticate (C:\Users\Mohamed Hany\Desktop\ادارة المهام\backend\src\middleware\auth.ts:51:12)
    at Layer.handle [as handle_request] (C:\Users\Mohamed Hany\Desktop\ادارة المهام\backend\node_modules\express\lib\router\layer.js:95:5)
    at trim_prefix (C:\Users\Mohamed Hany\Desktop\ادارة المهام\backend\node_modules\express\lib\router\index.js:328:13)
    at C:\Users\Mohamed Hany\Desktop\ادارة المهام\backend\node_modules\express\lib\router\index.js:286:9
    at Function.process_params (C:\Users\Mohamed Hany\Desktop\ادارة المهام\backend\node_modules\express\lib\router\index.js:346:12)
    at next (C:\Users\Mohamed Hany\Desktop\ادارة المهام\backend\node_modules\express\lib\router\index.js:280:10)
    at Function.handle (C:\Users\Mohamed Hany\Desktop\ادارة المهام\backend\node_modules\express\lib\router\index.js:175:3)
    at router (C:\Users\Mohamed Hany\Desktop\ادارة المهام\backend\node_modules\express\lib\router\index.js:47:12)
    at Layer.handle [as handle_request] (C:\Users\Mohamed Hany\Desktop\ادارة المهام\backend\node_modules\express\lib\router\layer.js:95:5)
    at trim_prefix (C:\Users\Mohamed Hany\Desktop\ادارة المهام\backend\node_modules\express\lib\router\index.js:328:13)
    at C:\Users\Mohamed Hany\Desktop\ادارة المهام\backend\node_modules\express\lib\router\index.js:286:9
    at Function.process_params (C:\Users\Mohamed Hany\Desktop\ادارة المهام\backend\node_modules\express\lib\router\index.js:346:12)
    at next (C:\Users\Mohamed Hany\Desktop\ادارة المهام\backend\node_modules\express\lib\router\index.js:280:10)
    at requestLogger (C:\Users\Mohamed Hany\Desktop\ادارة المهام\backend\src\middleware\requestLogger.ts:6:3)
    at Layer.handle [as handle_request] (C:\Users\Mohamed Hany\Desktop\ادارة المهام\backend\node_modules\express\lib\router\layer.js:95:5)
    at trim_prefix (C:\Users\Mohamed Hany\Desktop\ادارة المهام\backend\node_modules\express\lib\router\index.js:328:13)
    at C:\Users\Mohamed Hany\Desktop\ادارة المهام\backend\node_modules\express\lib\router\index.js:286:9
    at Function.process_params (C:\Users\Mohamed Hany\Desktop\ادارة المهام\backend\node_modules\express\lib\router\index.js:346:12)
    at next (C:\Users\Mohamed Hany\Desktop\ادارة المهام\backend\node_modules\express\lib\router\index.js:280:10)
    at urlencodedParser (C:\Users\Mohamed Hany\Desktop\ادارة المهام\backend\node_modules\body-parser\lib\types\urlencoded.js:91:7)
    at Layer.handle [as handle_request] (C:\Users\Mohamed Hany\Desktop\ادارة المهام\backend\node_modules\express\lib\router\layer.js:95:5)
    at trim_prefix (C:\Users\Mohamed Hany\Desktop\ادارة المهام\backend\node_modules\express\lib\router\index.js:328:13)
[2026-05-10 20:16:29] error: Error: Invalid or expired token
    at authenticate (C:\Users\Mohamed Hany\Desktop\ادارة المهام\backend\src\middleware\auth.ts:51:12)
    at Layer.handle [as handle_request] (C:\Users\Mohamed Hany\Desktop\ادارة المهام\backend\node_modules\express\lib\router\layer.js:95:5)
    at trim_prefix (C:\Users\Mohamed Hany\Desktop\ادارة المهام\backend\node_modules\express\lib\router\index.js:328:13)
    at C:\Users\Mohamed Hany\Desktop\ادارة المهام\backend\node_modules\express\lib\router\index.js:286:9
    at Function.process_params (C:\Users\Mohamed Hany\Desktop\ادارة المهام\backend\node_modules\express\lib\router\index.js:346:12)
    at next (C:\Users\Mohamed Hany\Desktop\ادارة المهام\backend\node_modules\express\lib\router\index.js:280:10)
    at Function.handle (C:\Users\Mohamed Hany\Desktop\ادارة المهام\backend\node_modules\express\lib\router\index.js:175:3)
    at router (C:\Users\Mohamed Hany\Desktop\ادارة المهام\backend\node_modules\express\lib\router\index.js:47:12)
    at Layer.handle [as handle_request] (C:\Users\Mohamed Hany\Desktop\ادارة المهام\backend\node_modules\express\lib\router\layer.js:95:5)
    at trim_prefix (C:\Users\Mohamed Hany\Desktop\ادارة المهام\backend\node_modules\express\lib\router\index.js:328:13)
    at C:\Users\Mohamed Hany\Desktop\ادارة المهام\backend\node_modules\express\lib\router\index.js:286:9
    at Function.process_params (C:\Users\Mohamed Hany\Desktop\ادارة المهام\backend\node_modules\express\lib\router\index.js:346:12)
    at next (C:\Users\Mohamed Hany\Desktop\ادارة المهام\backend\node_modules\express\lib\router\index.js:280:10)
    at requestLogger (C:\Users\Mohamed Hany\Desktop\ادارة المهام\backend\src\middleware\requestLogger.ts:6:3)
    at Layer.handle [as handle_request] (C:\Users\Mohamed Hany\Desktop\ادارة المهام\backend\node_modules\express\lib\router\layer.js:95:5)
    at trim_prefix (C:\Users\Mohamed Hany\Desktop\ادارة المهام\backend\node_modules\express\lib\router\index.js:328:13)
    at C:\Users\Mohamed Hany\Desktop\ادارة المهام\backend\node_modules\express\lib\router\index.js:286:9
    at Function.process_params (C:\Users\Mohamed Hany\Desktop\ادارة المهام\backend\node_modules\express\lib\router\index.js:346:12)
    at next (C:\Users\Mohamed Hany\Desktop\ادارة المهام\backend\node_modules\express\lib\router\index.js:280:10)
    at urlencodedParser (C:\Users\Mohamed Hany\Desktop\ادارة المهام\backend\node_modules\body-parser\lib\types\urlencoded.js:91:7)
    at Layer.handle [as handle_request] (C:\Users\Mohamed Hany\Desktop\ادارة المهام\backend\node_modules\express\lib\router\layer.js:95:5)
    at trim_prefix (C:\Users\Mohamed Hany\Desktop\ادارة المهام\backend\node_modules\express\lib\router\index.js:328:13)
[2026-05-10 20:24:11] error: Error: بيانات الدخول غير صحيحة / Invalid credentials
    at Object.login (C:\Users\Mohamed Hany\Desktop\ادارة المهام\backend\src\modules\auth\auth.service.ts:18:22)
    at async login (C:\Users\Mohamed Hany\Desktop\ادارة المهام\backend\src\modules\auth\auth.controller.ts:30:22)
[2026-05-10 20:24:33] error: Error: بيانات الدخول غير صحيحة / Invalid credentials
    at Object.login (C:\Users\Mohamed Hany\Desktop\ادارة المهام\backend\src\modules\auth\auth.service.ts:18:22)
    at async login (C:\Users\Mohamed Hany\Desktop\ادارة المهام\backend\src\modules\auth\auth.controller.ts:30:22)
[2026-05-11 00:22:03] error: Error: Invalid or expired token
    at authenticate (C:\Users\Mohamed Hany\Desktop\ادارة المهام\backend\src\middleware\auth.ts:51:12)
    at Layer.handle [as handle_request] (C:\Users\Mohamed Hany\Desktop\ادارة المهام\backend\node_modules\express\lib\router\layer.js:95:5)
    at trim_prefix (C:\Users\Mohamed Hany\Desktop\ادارة المهام\backend\node_modules\express\lib\router\index.js:328:13)
    at C:\Users\Mohamed Hany\Desktop\ادارة المهام\backend\node_modules\express\lib\router\index.js:286:9
    at Function.process_params (C:\Users\Mohamed Hany\Desktop\ادارة المهام\backend\node_modules\express\lib\router\index.js:346:12)
    at next (C:\Users\Mohamed Hany\Desktop\ادارة المهام\backend\node_modules\express\lib\router\index.js:280:10)
    at Function.handle (C:\Users\Mohamed Hany\Desktop\ادارة المهام\backend\node_modules\express\lib\router\index.js:175:3)
    at router (C:\Users\Mohamed Hany\Desktop\ادارة المهام\backend\node_modules\express\lib\router\index.js:47:12)
    at Layer.handle [as handle_request] (C:\Users\Mohamed Hany\Desktop\ادارة المهام\backend\node_modules\express\lib\router\layer.js:95:5)
    at trim_prefix (C:\Users\Mohamed Hany\Desktop\ادارة المهام\backend\node_modules\express\lib\router\index.js:328:13)
    at C:\Users\Mohamed Hany\Desktop\ادارة المهام\backend\node_modules\express\lib\router\index.js:286:9
    at Function.process_params (C:\Users\Mohamed Hany\Desktop\ادارة المهام\backend\node_modules\express\lib\router\index.js:346:12)
    at next (C:\Users\Mohamed Hany\Desktop\ادارة المهام\backend\node_modules\express\lib\router\index.js:280:10)
    at requestLogger (C:\Users\Mohamed Hany\Desktop\ادارة المهام\backend\src\middleware\requestLogger.ts:6:3)
    at Layer.handle [as handle_request] (C:\Users\Mohamed Hany\Desktop\ادارة المهام\backend\node_modules\express\lib\router\layer.js:95:5)
    at trim_prefix (C:\Users\Mohamed Hany\Desktop\ادارة المهام\backend\node_modules\express\lib\router\index.js:328:13)
    at C:\Users\Mohamed Hany\Desktop\ادارة المهام\backend\node_modules\express\lib\router\index.js:286:9
    at Function.process_params (C:\Users\Mohamed Hany\Desktop\ادارة المهام\backend\node_modules\express\lib\router\index.js:346:12)
    at next (C:\Users\Mohamed Hany\Desktop\ادارة المهام\backend\node_modules\express\lib\router\index.js:280:10)
    at urlencodedParser (C:\Users\Mohamed Hany\Desktop\ادارة المهام\backend\node_modules\body-parser\lib\types\urlencoded.js:91:7)
    at Layer.handle [as handle_request] (C:\Users\Mohamed Hany\Desktop\ادارة المهام\backend\node_modules\express\lib\router\layer.js:95:5)
    at trim_prefix (C:\Users\Mohamed Hany\Desktop\ادارة المهام\backend\node_modules\express\lib\router\index.js:328:13)
[2026-05-11 00:22:03] error: Error: Invalid or expired token
    at authenticate (C:\Users\Mohamed Hany\Desktop\ادارة المهام\backend\src\middleware\auth.ts:51:12)
    at Layer.handle [as handle_request] (C:\Users\Mohamed Hany\Desktop\ادارة المهام\backend\node_modules\express\lib\router\layer.js:95:5)
    at trim_prefix (C:\Users\Mohamed Hany\Desktop\ادارة المهام\backend\node_modules\express\lib\router\index.js:328:13)
    at C:\Users\Mohamed Hany\Desktop\ادارة المهام\backend\node_modules\express\lib\router\index.js:286:9
    at Function.process_params (C:\Users\Mohamed Hany\Desktop\ادارة المهام\backend\node_modules\express\lib\router\index.js:346:12)
    at next (C:\Users\Mohamed Hany\Desktop\ادارة المهام\backend\node_modules\express\lib\router\index.js:280:10)
    at Function.handle (C:\Users\Mohamed Hany\Desktop\ادارة المهام\backend\node_modules\express\lib\router\index.js:175:3)
    at router (C:\Users\Mohamed Hany\Desktop\ادارة المهام\backend\node_modules\express\lib\router\index.js:47:12)
    at Layer.handle [as handle_request] (C:\Users\Mohamed Hany\Desktop\ادارة المهام\backend\node_modules\express\lib\router\layer.js:95:5)
    at trim_prefix (C:\Users\Mohamed Hany\Desktop\ادارة المهام\backend\node_modules\express\lib\router\index.js:328:13)
    at C:\Users\Mohamed Hany\Desktop\ادارة المهام\backend\node_modules\express\lib\router\index.js:286:9
    at Function.process_params (C:\Users\Mohamed Hany\Desktop\ادارة المهام\backend\node_modules\express\lib\router\index.js:346:12)
    at next (C:\Users\Mohamed Hany\Desktop\ادارة المهام\backend\node_modules\express\lib\router\index.js:280:10)
    at requestLogger (C:\Users\Mohamed Hany\Desktop\ادارة المهام\backend\src\middleware\requestLogger.ts:6:3)
    at Layer.handle [as handle_request] (C:\Users\Mohamed Hany\Desktop\ادارة المهام\backend\node_modules\express\lib\router\layer.js:95:5)
    at trim_prefix (C:\Users\Mohamed Hany\Desktop\ادارة المهام\backend\node_modules\express\lib\router\index.js:328:13)
    at C:\Users\Mohamed Hany\Desktop\ادارة المهام\backend\node_modules\express\lib\router\index.js:286:9
    at Function.process_params (C:\Users\Mohamed Hany\Desktop\ادارة المهام\backend\node_modules\express\lib\router\index.js:346:12)
    at next (C:\Users\Mohamed Hany\Desktop\ادارة المهام\backend\node_modules\express\lib\router\index.js:280:10)
    at urlencodedParser (C:\Users\Mohamed Hany\Desktop\ادارة المهام\backend\node_modules\body-parser\lib\types\urlencoded.js:91:7)
    at Layer.handle [as handle_request] (C:\Users\Mohamed Hany\Desktop\ادارة المهام\backend\node_modules\express\lib\router\layer.js:95:5)
    at trim_prefix (C:\Users\Mohamed Hany\Desktop\ادارة المهام\backend\node_modules\express\lib\router\index.js:328:13)
[2026-05-11 00:22:03] error: Error: Invalid or expired token
    at authenticate (C:\Users\Mohamed Hany\Desktop\ادارة المهام\backend\src\middleware\auth.ts:51:12)
    at Layer.handle [as handle_request] (C:\Users\Mohamed Hany\Desktop\ادارة المهام\backend\node_modules\express\lib\router\layer.js:95:5)
    at trim_prefix (C:\Users\Mohamed Hany\Desktop\ادارة المهام\backend\node_modules\express\lib\router\index.js:328:13)
    at C:\Users\Mohamed Hany\Desktop\ادارة المهام\backend\node_modules\express\lib\router\index.js:286:9
    at Function.process_params (C:\Users\Mohamed Hany\Desktop\ادارة المهام\backend\node_modules\express\lib\router\index.js:346:12)
    at next (C:\Users\Mohamed Hany\Desktop\ادارة المهام\backend\node_modules\express\lib\router\index.js:280:10)
    at Function.handle (C:\Users\Mohamed Hany\Desktop\ادارة المهام\backend\node_modules\express\lib\router\index.js:175:3)
    at router (C:\Users\Mohamed Hany\Desktop\ادارة المهام\backend\node_modules\express\lib\router\index.js:47:12)
    at Layer.handle [as handle_request] (C:\Users\Mohamed Hany\Desktop\ادارة المهام\backend\node_modules\express\lib\router\layer.js:95:5)
    at trim_prefix (C:\Users\Mohamed Hany\Desktop\ادارة المهام\backend\node_modules\express\lib\router\index.js:328:13)
    at C:\Users\Mohamed Hany\Desktop\ادارة المهام\backend\node_modules\express\lib\router\index.js:286:9
    at Function.process_params (C:\Users\Mohamed Hany\Desktop\ادارة المهام\backend\node_modules\express\lib\router\index.js:346:12)
    at next (C:\Users\Mohamed Hany\Desktop\ادارة المهام\backend\node_modules\express\lib\router\index.js:280:10)
    at requestLogger (C:\Users\Mohamed Hany\Desktop\ادارة المهام\backend\src\middleware\requestLogger.ts:6:3)
    at Layer.handle [as handle_request] (C:\Users\Mohamed Hany\Desktop\ادارة المهام\backend\node_modules\express\lib\router\layer.js:95:5)
    at trim_prefix (C:\Users\Mohamed Hany\Desktop\ادارة المهام\backend\node_modules\express\lib\router\index.js:328:13)
    at C:\Users\Mohamed Hany\Desktop\ادارة المهام\backend\node_modules\express\lib\router\index.js:286:9
    at Function.process_params (C:\Users\Mohamed Hany\Desktop\ادارة المهام\backend\node_modules\express\lib\router\index.js:346:12)
    at next (C:\Users\Mohamed Hany\Desktop\ادارة المهام\backend\node_modules\express\lib\router\index.js:280:10)
    at urlencodedParser (C:\Users\Mohamed Hany\Desktop\ادارة المهام\backend\node_modules\body-parser\lib\types\urlencoded.js:91:7)
    at Layer.handle [as handle_request] (C:\Users\Mohamed Hany\Desktop\ادارة المهام\backend\node_modules\express\lib\router\layer.js:95:5)
    at trim_prefix (C:\Users\Mohamed Hany\Desktop\ادارة المهام\backend\node_modules\express\lib\router\index.js:328:13)
[2026-05-11 00:22:03] error: Error: Invalid or expired token
    at authenticate (C:\Users\Mohamed Hany\Desktop\ادارة المهام\backend\src\middleware\auth.ts:51:12)
    at Layer.handle [as handle_request] (C:\Users\Mohamed Hany\Desktop\ادارة المهام\backend\node_modules\express\lib\router\layer.js:95:5)
    at trim_prefix (C:\Users\Mohamed Hany\Desktop\ادارة المهام\backend\node_modules\express\lib\router\index.js:328:13)
    at C:\Users\Mohamed Hany\Desktop\ادارة المهام\backend\node_modules\express\lib\router\index.js:286:9
    at Function.process_params (C:\Users\Mohamed Hany\Desktop\ادارة المهام\backend\node_modules\express\lib\router\index.js:346:12)
    at next (C:\Users\Mohamed Hany\Desktop\ادارة المهام\backend\node_modules\express\lib\router\index.js:280:10)
    at Function.handle (C:\Users\Mohamed Hany\Desktop\ادارة المهام\backend\node_modules\express\lib\router\index.js:175:3)
    at router (C:\Users\Mohamed Hany\Desktop\ادارة المهام\backend\node_modules\express\lib\router\index.js:47:12)
    at Layer.handle [as handle_request] (C:\Users\Mohamed Hany\Desktop\ادارة المهام\backend\node_modules\express\lib\router\layer.js:95:5)
    at trim_prefix (C:\Users\Mohamed Hany\Desktop\ادارة المهام\backend\node_modules\express\lib\router\index.js:328:13)
    at C:\Users\Mohamed Hany\Desktop\ادارة المهام\backend\node_modules\express\lib\router\index.js:286:9
    at Function.process_params (C:\Users\Mohamed Hany\Desktop\ادارة المهام\backend\node_modules\express\lib\router\index.js:346:12)
    at next (C:\Users\Mohamed Hany\Desktop\ادارة المهام\backend\node_modules\express\lib\router\index.js:280:10)
    at requestLogger (C:\Users\Mohamed Hany\Desktop\ادارة المهام\backend\src\middleware\requestLogger.ts:6:3)
    at Layer.handle [as handle_request] (C:\Users\Mohamed Hany\Desktop\ادارة المهام\backend\node_modules\express\lib\router\layer.js:95:5)
    at trim_prefix (C:\Users\Mohamed Hany\Desktop\ادارة المهام\backend\node_modules\express\lib\router\index.js:328:13)
    at C:\Users\Mohamed Hany\Desktop\ادارة المهام\backend\node_modules\express\lib\router\index.js:286:9
    at Function.process_params (C:\Users\Mohamed Hany\Desktop\ادارة المهام\backend\node_modules\express\lib\router\index.js:346:12)
    at next (C:\Users\Mohamed Hany\Desktop\ادارة المهام\backend\node_modules\express\lib\router\index.js:280:10)
    at urlencodedParser (C:\Users\Mohamed Hany\Desktop\ادارة المهام\backend\node_modules\body-parser\lib\types\urlencoded.js:91:7)
    at Layer.handle [as handle_request] (C:\Users\Mohamed Hany\Desktop\ادارة المهام\backend\node_modules\express\lib\router\layer.js:95:5)
    at trim_prefix (C:\Users\Mohamed Hany\Desktop\ادارة المهام\backend\node_modules\express\lib\router\index.js:328:13)
[2026-05-11 00:22:03] error: Error: Invalid or expired token
    at authenticate (C:\Users\Mohamed Hany\Desktop\ادارة المهام\backend\src\middleware\auth.ts:51:12)
    at Layer.handle [as handle_request] (C:\Users\Mohamed Hany\Desktop\ادارة المهام\backend\node_modules\express\lib\router\layer.js:95:5)
    at trim_prefix (C:\Users\Mohamed Hany\Desktop\ادارة المهام\backend\node_modules\express\lib\router\index.js:328:13)
    at C:\Users\Mohamed Hany\Desktop\ادارة المهام\backend\node_modules\express\lib\router\index.js:286:9
    at Function.process_params (C:\Users\Mohamed Hany\Desktop\ادارة المهام\backend\node_modules\express\lib\router\index.js:346:12)
    at next (C:\Users\Mohamed Hany\Desktop\ادارة المهام\backend\node_modules\express\lib\router\index.js:280:10)
    at Function.handle (C:\Users\Mohamed Hany\Desktop\ادارة المهام\backend\node_modules\express\lib\router\index.js:175:3)
    at router (C:\Users\Mohamed Hany\Desktop\ادارة المهام\backend\node_modules\express\lib\router\index.js:47:12)
    at Layer.handle [as handle_request] (C:\Users\Mohamed Hany\Desktop\ادارة المهام\backend\node_modules\express\lib\router\layer.js:95:5)
    at trim_prefix (C:\Users\Mohamed Hany\Desktop\ادارة المهام\backend\node_modules\express\lib\router\index.js:328:13)
    at C:\Users\Mohamed Hany\Desktop\ادارة المهام\backend\node_modules\express\lib\router\index.js:286:9
    at Function.process_params (C:\Users\Mohamed Hany\Desktop\ادارة المهام\backend\node_modules\express\lib\router\index.js:346:12)
    at next (C:\Users\Mohamed Hany\Desktop\ادارة المهام\backend\node_modules\express\lib\router\index.js:280:10)
    at requestLogger (C:\Users\Mohamed Hany\Desktop\ادارة المهام\backend\src\middleware\requestLogger.ts:6:3)
    at Layer.handle [as handle_request] (C:\Users\Mohamed Hany\Desktop\ادارة المهام\backend\node_modules\express\lib\router\layer.js:95:5)
    at trim_prefix (C:\Users\Mohamed Hany\Desktop\ادارة المهام\backend\node_modules\express\lib\router\index.js:328:13)
    at C:\Users\Mohamed Hany\Desktop\ادارة المهام\backend\node_modules\express\lib\router\index.js:286:9
    at Function.process_params (C:\Users\Mohamed Hany\Desktop\ادارة المهام\backend\node_modules\express\lib\router\index.js:346:12)
    at next (C:\Users\Mohamed Hany\Desktop\ادارة المهام\backend\node_modules\express\lib\router\index.js:280:10)
    at urlencodedParser (C:\Users\Mohamed Hany\Desktop\ادارة المهام\backend\node_modules\body-parser\lib\types\urlencoded.js:91:7)
    at Layer.handle [as handle_request] (C:\Users\Mohamed Hany\Desktop\ادارة المهام\backend\node_modules\express\lib\router\layer.js:95:5)
    at trim_prefix (C:\Users\Mohamed Hany\Desktop\ادارة المهام\backend\node_modules\express\lib\router\index.js:328:13)
[2026-05-11 00:22:03] error: Error: Invalid or expired token
    at authenticate (C:\Users\Mohamed Hany\Desktop\ادارة المهام\backend\src\middleware\auth.ts:51:12)
    at Layer.handle [as handle_request] (C:\Users\Mohamed Hany\Desktop\ادارة المهام\backend\node_modules\express\lib\router\layer.js:95:5)
    at trim_prefix (C:\Users\Mohamed Hany\Desktop\ادارة المهام\backend\node_modules\express\lib\router\index.js:328:13)
    at C:\Users\Mohamed Hany\Desktop\ادارة المهام\backend\node_modules\express\lib\router\index.js:286:9
    at Function.process_params (C:\Users\Mohamed Hany\Desktop\ادارة المهام\backend\node_modules\express\lib\router\index.js:346:12)
    at next (C:\Users\Mohamed Hany\Desktop\ادارة المهام\backend\node_modules\express\lib\router\index.js:280:10)
    at Function.handle (C:\Users\Mohamed Hany\Desktop\ادارة المهام\backend\node_modules\express\lib\router\index.js:175:3)
    at router (C:\Users\Mohamed Hany\Desktop\ادارة المهام\backend\node_modules\express\lib\router\index.js:47:12)
    at Layer.handle [as handle_request] (C:\Users\Mohamed Hany\Desktop\ادارة المهام\backend\node_modules\express\lib\router\layer.js:95:5)
    at trim_prefix (C:\Users\Mohamed Hany\Desktop\ادارة المهام\backend\node_modules\express\lib\router\index.js:328:13)
    at C:\Users\Mohamed Hany\Desktop\ادارة المهام\backend\node_modules\express\lib\router\index.js:286:9
    at Function.process_params (C:\Users\Mohamed Hany\Desktop\ادارة المهام\backend\node_modules\express\lib\router\index.js:346:12)
    at next (C:\Users\Mohamed Hany\Desktop\ادارة المهام\backend\node_modules\express\lib\router\index.js:280:10)
    at requestLogger (C:\Users\Mohamed Hany\Desktop\ادارة المهام\backend\src\middleware\requestLogger.ts:6:3)
    at Layer.handle [as handle_request] (C:\Users\Mohamed Hany\Desktop\ادارة المهام\backend\node_modules\express\lib\router\layer.js:95:5)
    at trim_prefix (C:\Users\Mohamed Hany\Desktop\ادارة المهام\backend\node_modules\express\lib\router\index.js:328:13)
    at C:\Users\Mohamed Hany\Desktop\ادارة المهام\backend\node_modules\express\lib\router\index.js:286:9
    at Function.process_params (C:\Users\Mohamed Hany\Desktop\ادارة المهام\backend\node_modules\express\lib\router\index.js:346:12)
    at next (C:\Users\Mohamed Hany\Desktop\ادارة المهام\backend\node_modules\express\lib\router\index.js:280:10)
    at urlencodedParser (C:\Users\Mohamed Hany\Desktop\ادارة المهام\backend\node_modules\body-parser\lib\types\urlencoded.js:91:7)
    at Layer.handle [as handle_request] (C:\Users\Mohamed Hany\Desktop\ادارة المهام\backend\node_modules\express\lib\router\layer.js:95:5)
    at trim_prefix (C:\Users\Mohamed Hany\Desktop\ادارة المهام\backend\node_modules\express\lib\router\index.js:328:13)
[2026-05-11 00:47:36] error: Error: Invalid or expired token
    at authenticate (C:\Users\Mohamed Hany\Desktop\ادارة المهام\backend\src\middleware\auth.ts:51:12)
    at Layer.handle [as handle_request] (C:\Users\Mohamed Hany\Desktop\ادارة المهام\backend\node_modules\express\lib\router\layer.js:95:5)
    at trim_prefix (C:\Users\Mohamed Hany\Desktop\ادارة المهام\backend\node_modules\express\lib\router\index.js:328:13)
    at C:\Users\Mohamed Hany\Desktop\ادارة المهام\backend\node_modules\express\lib\router\index.js:286:9
    at Function.process_params (C:\Users\Mohamed Hany\Desktop\ادارة المهام\backend\node_modules\express\lib\router\index.js:346:12)
    at next (C:\Users\Mohamed Hany\Desktop\ادارة المهام\backend\node_modules\express\lib\router\index.js:280:10)
    at Function.handle (C:\Users\Mohamed Hany\Desktop\ادارة المهام\backend\node_modules\express\lib\router\index.js:175:3)
    at router (C:\Users\Mohamed Hany\Desktop\ادارة المهام\backend\node_modules\express\lib\router\index.js:47:12)
    at Layer.handle [as handle_request] (C:\Users\Mohamed Hany\Desktop\ادارة المهام\backend\node_modules\express\lib\router\layer.js:95:5)
    at trim_prefix (C:\Users\Mohamed Hany\Desktop\ادارة المهام\backend\node_modules\express\lib\router\index.js:328:13)
    at C:\Users\Mohamed Hany\Desktop\ادارة المهام\backend\node_modules\express\lib\router\index.js:286:9
    at Function.process_params (C:\Users\Mohamed Hany\Desktop\ادارة المهام\backend\node_modules\express\lib\router\index.js:346:12)
    at next (C:\Users\Mohamed Hany\Desktop\ادارة المهام\backend\node_modules\express\lib\router\index.js:280:10)
    at requestLogger (C:\Users\Mohamed Hany\Desktop\ادارة المهام\backend\src\middleware\requestLogger.ts:6:3)
    at Layer.handle [as handle_request] (C:\Users\Mohamed Hany\Desktop\ادارة المهام\backend\node_modules\express\lib\router\layer.js:95:5)
    at trim_prefix (C:\Users\Mohamed Hany\Desktop\ادارة المهام\backend\node_modules\express\lib\router\index.js:328:13)
    at C:\Users\Mohamed Hany\Desktop\ادارة المهام\backend\node_modules\express\lib\router\index.js:286:9
    at Function.process_params (C:\Users\Mohamed Hany\Desktop\ادارة المهام\backend\node_modules\express\lib\router\index.js:346:12)
    at next (C:\Users\Mohamed Hany\Desktop\ادارة المهام\backend\node_modules\express\lib\router\index.js:280:10)
    at urlencodedParser (C:\Users\Mohamed Hany\Desktop\ادارة المهام\backend\node_modules\body-parser\lib\types\urlencoded.js:91:7)
    at Layer.handle [as handle_request] (C:\Users\Mohamed Hany\Desktop\ادارة المهام\backend\node_modules\express\lib\router\layer.js:95:5)
    at trim_prefix (C:\Users\Mohamed Hany\Desktop\ادارة المهام\backend\node_modules\express\lib\router\index.js:328:13)
[2026-05-11 00:47:36] error: Error: Invalid or expired token
    at authenticate (C:\Users\Mohamed Hany\Desktop\ادارة المهام\backend\src\middleware\auth.ts:51:12)
    at Layer.handle [as handle_request] (C:\Users\Mohamed Hany\Desktop\ادارة المهام\backend\node_modules\express\lib\router\layer.js:95:5)
    at trim_prefix (C:\Users\Mohamed Hany\Desktop\ادارة المهام\backend\node_modules\express\lib\router\index.js:328:13)
    at C:\Users\Mohamed Hany\Desktop\ادارة المهام\backend\node_modules\express\lib\router\index.js:286:9
    at Function.process_params (C:\Users\Mohamed Hany\Desktop\ادارة المهام\backend\node_modules\express\lib\router\index.js:346:12)
    at next (C:\Users\Mohamed Hany\Desktop\ادارة المهام\backend\node_modules\express\lib\router\index.js:280:10)
    at Function.handle (C:\Users\Mohamed Hany\Desktop\ادارة المهام\backend\node_modules\express\lib\router\index.js:175:3)
    at router (C:\Users\Mohamed Hany\Desktop\ادارة المهام\backend\node_modules\express\lib\router\index.js:47:12)
    at Layer.handle [as handle_request] (C:\Users\Mohamed Hany\Desktop\ادارة المهام\backend\node_modules\express\lib\router\layer.js:95:5)
    at trim_prefix (C:\Users\Mohamed Hany\Desktop\ادارة المهام\backend\node_modules\express\lib\router\index.js:328:13)
    at C:\Users\Mohamed Hany\Desktop\ادارة المهام\backend\node_modules\express\lib\router\index.js:286:9
    at Function.process_params (C:\Users\Mohamed Hany\Desktop\ادارة المهام\backend\node_modules\express\lib\router\index.js:346:12)
    at next (C:\Users\Mohamed Hany\Desktop\ادارة المهام\backend\node_modules\express\lib\router\index.js:280:10)
    at requestLogger (C:\Users\Mohamed Hany\Desktop\ادارة المهام\backend\src\middleware\requestLogger.ts:6:3)
    at Layer.handle [as handle_request] (C:\Users\Mohamed Hany\Desktop\ادارة المهام\backend\node_modules\express\lib\router\layer.js:95:5)
    at trim_prefix (C:\Users\Mohamed Hany\Desktop\ادارة المهام\backend\node_modules\express\lib\router\index.js:328:13)
    at C:\Users\Mohamed Hany\Desktop\ادارة المهام\backend\node_modules\express\lib\router\index.js:286:9
    at Function.process_params (C:\Users\Mohamed Hany\Desktop\ادارة المهام\backend\node_modules\express\lib\router\index.js:346:12)
    at next (C:\Users\Mohamed Hany\Desktop\ادارة المهام\backend\node_modules\express\lib\router\index.js:280:10)
    at urlencodedParser (C:\Users\Mohamed Hany\Desktop\ادارة المهام\backend\node_modules\body-parser\lib\types\urlencoded.js:91:7)
    at Layer.handle [as handle_request] (C:\Users\Mohamed Hany\Desktop\ادارة المهام\backend\node_modules\express\lib\router\layer.js:95:5)
    at trim_prefix (C:\Users\Mohamed Hany\Desktop\ادارة المهام\backend\node_modules\express\lib\router\index.js:328:13)
[2026-05-11 00:47:36] error: Error: Invalid or expired token
    at authenticate (C:\Users\Mohamed Hany\Desktop\ادارة المهام\backend\src\middleware\auth.ts:51:12)
    at Layer.handle [as handle_request] (C:\Users\Mohamed Hany\Desktop\ادارة المهام\backend\node_modules\express\lib\router\layer.js:95:5)
    at trim_prefix (C:\Users\Mohamed Hany\Desktop\ادارة المهام\backend\node_modules\express\lib\router\index.js:328:13)
    at C:\Users\Mohamed Hany\Desktop\ادارة المهام\backend\node_modules\express\lib\router\index.js:286:9
    at Function.process_params (C:\Users\Mohamed Hany\Desktop\ادارة المهام\backend\node_modules\express\lib\router\index.js:346:12)
    at next (C:\Users\Mohamed Hany\Desktop\ادارة المهام\backend\node_modules\express\lib\router\index.js:280:10)
    at Function.handle (C:\Users\Mohamed Hany\Desktop\ادارة المهام\backend\node_modules\express\lib\router\index.js:175:3)
    at router (C:\Users\Mohamed Hany\Desktop\ادارة المهام\backend\node_modules\express\lib\router\index.js:47:12)
    at Layer.handle [as handle_request] (C:\Users\Mohamed Hany\Desktop\ادارة المهام\backend\node_modules\express\lib\router\layer.js:95:5)
    at trim_prefix (C:\Users\Mohamed Hany\Desktop\ادارة المهام\backend\node_modules\express\lib\router\index.js:328:13)
    at C:\Users\Mohamed Hany\Desktop\ادارة المهام\backend\node_modules\express\lib\router\index.js:286:9
    at Function.process_params (C:\Users\Mohamed Hany\Desktop\ادارة المهام\backend\node_modules\express\lib\router\index.js:346:12)
    at next (C:\Users\Mohamed Hany\Desktop\ادارة المهام\backend\node_modules\express\lib\router\index.js:280:10)
    at requestLogger (C:\Users\Mohamed Hany\Desktop\ادارة المهام\backend\src\middleware\requestLogger.ts:6:3)
    at Layer.handle [as handle_request] (C:\Users\Mohamed Hany\Desktop\ادارة المهام\backend\node_modules\express\lib\router\layer.js:95:5)
    at trim_prefix (C:\Users\Mohamed Hany\Desktop\ادارة المهام\backend\node_modules\express\lib\router\index.js:328:13)
    at C:\Users\Mohamed Hany\Desktop\ادارة المهام\backend\node_modules\express\lib\router\index.js:286:9
    at Function.process_params (C:\Users\Mohamed Hany\Desktop\ادارة المهام\backend\node_modules\express\lib\router\index.js:346:12)
    at next (C:\Users\Mohamed Hany\Desktop\ادارة المهام\backend\node_modules\express\lib\router\index.js:280:10)
    at urlencodedParser (C:\Users\Mohamed Hany\Desktop\ادارة المهام\backend\node_modules\body-parser\lib\types\urlencoded.js:91:7)
    at Layer.handle [as handle_request] (C:\Users\Mohamed Hany\Desktop\ادارة المهام\backend\node_modules\express\lib\router\layer.js:95:5)
    at trim_prefix (C:\Users\Mohamed Hany\Desktop\ادارة المهام\backend\node_modules\express\lib\router\index.js:328:13)
[2026-05-11 00:47:36] error: Error: Invalid or expired token
    at authenticate (C:\Users\Mohamed Hany\Desktop\ادارة المهام\backend\src\middleware\auth.ts:51:12)
    at Layer.handle [as handle_request] (C:\Users\Mohamed Hany\Desktop\ادارة المهام\backend\node_modules\express\lib\router\layer.js:95:5)
    at trim_prefix (C:\Users\Mohamed Hany\Desktop\ادارة المهام\backend\node_modules\express\lib\router\index.js:328:13)
    at C:\Users\Mohamed Hany\Desktop\ادارة المهام\backend\node_modules\express\lib\router\index.js:286:9
    at Function.process_params (C:\Users\Mohamed Hany\Desktop\ادارة المهام\backend\node_modules\express\lib\router\index.js:346:12)
    at next (C:\Users\Mohamed Hany\Desktop\ادارة المهام\backend\node_modules\express\lib\router\index.js:280:10)
    at Function.handle (C:\Users\Mohamed Hany\Desktop\ادارة المهام\backend\node_modules\express\lib\router\index.js:175:3)
    at router (C:\Users\Mohamed Hany\Desktop\ادارة المهام\backend\node_modules\express\lib\router\index.js:47:12)
    at Layer.handle [as handle_request] (C:\Users\Mohamed Hany\Desktop\ادارة المهام\backend\node_modules\express\lib\router\layer.js:95:5)
    at trim_prefix (C:\Users\Mohamed Hany\Desktop\ادارة المهام\backend\node_modules\express\lib\router\index.js:328:13)
    at C:\Users\Mohamed Hany\Desktop\ادارة المهام\backend\node_modules\express\lib\router\index.js:286:9
    at Function.process_params (C:\Users\Mohamed Hany\Desktop\ادارة المهام\backend\node_modules\express\lib\router\index.js:346:12)
    at next (C:\Users\Mohamed Hany\Desktop\ادارة المهام\backend\node_modules\express\lib\router\index.js:280:10)
    at requestLogger (C:\Users\Mohamed Hany\Desktop\ادارة المهام\backend\src\middleware\requestLogger.ts:6:3)
    at Layer.handle [as handle_request] (C:\Users\Mohamed Hany\Desktop\ادارة المهام\backend\node_modules\express\lib\router\layer.js:95:5)
    at trim_prefix (C:\Users\Mohamed Hany\Desktop\ادارة المهام\backend\node_modules\express\lib\router\index.js:328:13)
    at C:\Users\Mohamed Hany\Desktop\ادارة المهام\backend\node_modules\express\lib\router\index.js:286:9
    at Function.process_params (C:\Users\Mohamed Hany\Desktop\ادارة المهام\backend\node_modules\express\lib\router\index.js:346:12)
    at next (C:\Users\Mohamed Hany\Desktop\ادارة المهام\backend\node_modules\express\lib\router\index.js:280:10)
    at urlencodedParser (C:\Users\Mohamed Hany\Desktop\ادارة المهام\backend\node_modules\body-parser\lib\types\urlencoded.js:91:7)
    at Layer.handle [as handle_request] (C:\Users\Mohamed Hany\Desktop\ادارة المهام\backend\node_modules\express\lib\router\layer.js:95:5)
    at trim_prefix (C:\Users\Mohamed Hany\Desktop\ادارة المهام\backend\node_modules\express\lib\router\index.js:328:13)
[2026-05-11 00:47:36] error: Error: Invalid or expired token
    at authenticate (C:\Users\Mohamed Hany\Desktop\ادارة المهام\backend\src\middleware\auth.ts:51:12)
    at Layer.handle [as handle_request] (C:\Users\Mohamed Hany\Desktop\ادارة المهام\backend\node_modules\express\lib\router\layer.js:95:5)
    at trim_prefix (C:\Users\Mohamed Hany\Desktop\ادارة المهام\backend\node_modules\express\lib\router\index.js:328:13)
    at C:\Users\Mohamed Hany\Desktop\ادارة المهام\backend\node_modules\express\lib\router\index.js:286:9
    at Function.process_params (C:\Users\Mohamed Hany\Desktop\ادارة المهام\backend\node_modules\express\lib\router\index.js:346:12)
    at next (C:\Users\Mohamed Hany\Desktop\ادارة المهام\backend\node_modules\express\lib\router\index.js:280:10)
    at Function.handle (C:\Users\Mohamed Hany\Desktop\ادارة المهام\backend\node_modules\express\lib\router\index.js:175:3)
    at router (C:\Users\Mohamed Hany\Desktop\ادارة المهام\backend\node_modules\express\lib\router\index.js:47:12)
    at Layer.handle [as handle_request] (C:\Users\Mohamed Hany\Desktop\ادارة المهام\backend\node_modules\express\lib\router\layer.js:95:5)
    at trim_prefix (C:\Users\Mohamed Hany\Desktop\ادارة المهام\backend\node_modules\express\lib\router\index.js:328:13)
    at C:\Users\Mohamed Hany\Desktop\ادارة المهام\backend\node_modules\express\lib\router\index.js:286:9
    at Function.process_params (C:\Users\Mohamed Hany\Desktop\ادارة المهام\backend\node_modules\express\lib\router\index.js:346:12)
    at next (C:\Users\Mohamed Hany\Desktop\ادارة المهام\backend\node_modules\express\lib\router\index.js:280:10)
    at requestLogger (C:\Users\Mohamed Hany\Desktop\ادارة المهام\backend\src\middleware\requestLogger.ts:6:3)
    at Layer.handle [as handle_request] (C:\Users\Mohamed Hany\Desktop\ادارة المهام\backend\node_modules\express\lib\router\layer.js:95:5)
    at trim_prefix (C:\Users\Mohamed Hany\Desktop\ادارة المهام\backend\node_modules\express\lib\router\index.js:328:13)
    at C:\Users\Mohamed Hany\Desktop\ادارة المهام\backend\node_modules\express\lib\router\index.js:286:9
    at Function.process_params (C:\Users\Mohamed Hany\Desktop\ادارة المهام\backend\node_modules\express\lib\router\index.js:346:12)
    at next (C:\Users\Mohamed Hany\Desktop\ادارة المهام\backend\node_modules\express\lib\router\index.js:280:10)
    at urlencodedParser (C:\Users\Mohamed Hany\Desktop\ادارة المهام\backend\node_modules\body-parser\lib\types\urlencoded.js:91:7)
    at Layer.handle [as handle_request] (C:\Users\Mohamed Hany\Desktop\ادارة المهام\backend\node_modules\express\lib\router\layer.js:95:5)
    at trim_prefix (C:\Users\Mohamed Hany\Desktop\ادارة المهام\backend\node_modules\express\lib\router\index.js:328:13)
[2026-05-11 00:47:36] error: Error: Invalid or expired token
    at authenticate (C:\Users\Mohamed Hany\Desktop\ادارة المهام\backend\src\middleware\auth.ts:51:12)
    at Layer.handle [as handle_request] (C:\Users\Mohamed Hany\Desktop\ادارة المهام\backend\node_modules\express\lib\router\layer.js:95:5)
    at trim_prefix (C:\Users\Mohamed Hany\Desktop\ادارة المهام\backend\node_modules\express\lib\router\index.js:328:13)
    at C:\Users\Mohamed Hany\Desktop\ادارة المهام\backend\node_modules\express\lib\router\index.js:286:9
    at Function.process_params (C:\Users\Mohamed Hany\Desktop\ادارة المهام\backend\node_modules\express\lib\router\index.js:346:12)
    at next (C:\Users\Mohamed Hany\Desktop\ادارة المهام\backend\node_modules\express\lib\router\index.js:280:10)
    at Function.handle (C:\Users\Mohamed Hany\Desktop\ادارة المهام\backend\node_modules\express\lib\router\index.js:175:3)
    at router (C:\Users\Mohamed Hany\Desktop\ادارة المهام\backend\node_modules\express\lib\router\index.js:47:12)
    at Layer.handle [as handle_request] (C:\Users\Mohamed Hany\Desktop\ادارة المهام\backend\node_modules\express\lib\router\layer.js:95:5)
    at trim_prefix (C:\Users\Mohamed Hany\Desktop\ادارة المهام\backend\node_modules\express\lib\router\index.js:328:13)
    at C:\Users\Mohamed Hany\Desktop\ادارة المهام\backend\node_modules\express\lib\router\index.js:286:9
    at Function.process_params (C:\Users\Mohamed Hany\Desktop\ادارة المهام\backend\node_modules\express\lib\router\index.js:346:12)
    at next (C:\Users\Mohamed Hany\Desktop\ادارة المهام\backend\node_modules\express\lib\router\index.js:280:10)
    at requestLogger (C:\Users\Mohamed Hany\Desktop\ادارة المهام\backend\src\middleware\requestLogger.ts:6:3)
    at Layer.handle [as handle_request] (C:\Users\Mohamed Hany\Desktop\ادارة المهام\backend\node_modules\express\lib\router\layer.js:95:5)
    at trim_prefix (C:\Users\Mohamed Hany\Desktop\ادارة المهام\backend\node_modules\express\lib\router\index.js:328:13)
    at C:\Users\Mohamed Hany\Desktop\ادارة المهام\backend\node_modules\express\lib\router\index.js:286:9
    at Function.process_params (C:\Users\Mohamed Hany\Desktop\ادارة المهام\backend\node_modules\express\lib\router\index.js:346:12)
    at next (C:\Users\Mohamed Hany\Desktop\ادارة المهام\backend\node_modules\express\lib\router\index.js:280:10)
    at urlencodedParser (C:\Users\Mohamed Hany\Desktop\ادارة المهام\backend\node_modules\body-parser\lib\types\urlencoded.js:91:7)
    at Layer.handle [as handle_request] (C:\Users\Mohamed Hany\Desktop\ادارة المهام\backend\node_modules\express\lib\router\layer.js:95:5)
    at trim_prefix (C:\Users\Mohamed Hany\Desktop\ادارة المهام\backend\node_modules\express\lib\router\index.js:328:13)
[2026-05-11 01:09:50] error: Error: No token provided
    at authenticate (C:\Users\Mohamed Hany\Desktop\ادارة المهام\backend\src\middleware\auth.ts:24:13)
    at Layer.handle [as handle_request] (C:\Users\Mohamed Hany\Desktop\ادارة المهام\backend\node_modules\express\lib\router\layer.js:95:5)
    at trim_prefix (C:\Users\Mohamed Hany\Desktop\ادارة المهام\backend\node_modules\express\lib\router\index.js:328:13)
    at C:\Users\Mohamed Hany\Desktop\ادارة المهام\backend\node_modules\express\lib\router\index.js:286:9
    at Function.process_params (C:\Users\Mohamed Hany\Desktop\ادارة المهام\backend\node_modules\express\lib\router\index.js:346:12)
    at next (C:\Users\Mohamed Hany\Desktop\ادارة المهام\backend\node_modules\express\lib\router\index.js:280:10)
    at Function.handle (C:\Users\Mohamed Hany\Desktop\ادارة المهام\backend\node_modules\express\lib\router\index.js:175:3)
    at router (C:\Users\Mohamed Hany\Desktop\ادارة المهام\backend\node_modules\express\lib\router\index.js:47:12)
    at Layer.handle [as handle_request] (C:\Users\Mohamed Hany\Desktop\ادارة المهام\backend\node_modules\express\lib\router\layer.js:95:5)
    at trim_prefix (C:\Users\Mohamed Hany\Desktop\ادارة المهام\backend\node_modules\express\lib\router\index.js:328:13)
    at C:\Users\Mohamed Hany\Desktop\ادارة المهام\backend\node_modules\express\lib\router\index.js:286:9
    at Function.process_params (C:\Users\Mohamed Hany\Desktop\ادارة المهام\backend\node_modules\express\lib\router\index.js:346:12)
    at next (C:\Users\Mohamed Hany\Desktop\ادارة المهام\backend\node_modules\express\lib\router\index.js:280:10)
    at requestLogger (C:\Users\Mohamed Hany\Desktop\ادارة المهام\backend\src\middleware\requestLogger.ts:6:3)
    at Layer.handle [as handle_request] (C:\Users\Mohamed Hany\Desktop\ادارة المهام\backend\node_modules\express\lib\router\layer.js:95:5)
    at trim_prefix (C:\Users\Mohamed Hany\Desktop\ادارة المهام\backend\node_modules\express\lib\router\index.js:328:13)
    at C:\Users\Mohamed Hany\Desktop\ادارة المهام\backend\node_modules\express\lib\router\index.js:286:9
    at Function.process_params (C:\Users\Mohamed Hany\Desktop\ادارة المهام\backend\node_modules\express\lib\router\index.js:346:12)
    at next (C:\Users\Mohamed Hany\Desktop\ادارة المهام\backend\node_modules\express\lib\router\index.js:280:10)
    at urlencodedParser (C:\Users\Mohamed Hany\Desktop\ادارة المهام\backend\node_modules\body-parser\lib\types\urlencoded.js:82:7)
    at Layer.handle [as handle_request] (C:\Users\Mohamed Hany\Desktop\ادارة المهام\backend\node_modules\express\lib\router\layer.js:95:5)
    at trim_prefix (C:\Users\Mohamed Hany\Desktop\ادارة المهام\backend\node_modules\express\lib\router\index.js:328:13)
[2026-05-11 01:12:13] error: Error: No token provided
    at authenticate (C:\Users\Mohamed Hany\Desktop\ادارة المهام\backend\src\middleware\auth.ts:24:13)
    at Layer.handle [as handle_request] (C:\Users\Mohamed Hany\Desktop\ادارة المهام\backend\node_modules\express\lib\router\layer.js:95:5)
    at trim_prefix (C:\Users\Mohamed Hany\Desktop\ادارة المهام\backend\node_modules\express\lib\router\index.js:328:13)
    at C:\Users\Mohamed Hany\Desktop\ادارة المهام\backend\node_modules\express\lib\router\index.js:286:9
    at Function.process_params (C:\Users\Mohamed Hany\Desktop\ادارة المهام\backend\node_modules\express\lib\router\index.js:346:12)
    at next (C:\Users\Mohamed Hany\Desktop\ادارة المهام\backend\node_modules\express\lib\router\index.js:280:10)
    at Function.handle (C:\Users\Mohamed Hany\Desktop\ادارة المهام\backend\node_modules\express\lib\router\index.js:175:3)
    at router (C:\Users\Mohamed Hany\Desktop\ادارة المهام\backend\node_modules\express\lib\router\index.js:47:12)
    at Layer.handle [as handle_request] (C:\Users\Mohamed Hany\Desktop\ادارة المهام\backend\node_modules\express\lib\router\layer.js:95:5)
    at trim_prefix (C:\Users\Mohamed Hany\Desktop\ادارة المهام\backend\node_modules\express\lib\router\index.js:328:13)
    at C:\Users\Mohamed Hany\Desktop\ادارة المهام\backend\node_modules\express\lib\router\index.js:286:9
    at Function.process_params (C:\Users\Mohamed Hany\Desktop\ادارة المهام\backend\node_modules\express\lib\router\index.js:346:12)
    at next (C:\Users\Mohamed Hany\Desktop\ادارة المهام\backend\node_modules\express\lib\router\index.js:280:10)
    at requestLogger (C:\Users\Mohamed Hany\Desktop\ادارة المهام\backend\src\middleware\requestLogger.ts:6:3)
    at Layer.handle [as handle_request] (C:\Users\Mohamed Hany\Desktop\ادارة المهام\backend\node_modules\express\lib\router\layer.js:95:5)
    at trim_prefix (C:\Users\Mohamed Hany\Desktop\ادارة المهام\backend\node_modules\express\lib\router\index.js:328:13)
    at C:\Users\Mohamed Hany\Desktop\ادارة المهام\backend\node_modules\express\lib\router\index.js:286:9
    at Function.process_params (C:\Users\Mohamed Hany\Desktop\ادارة المهام\backend\node_modules\express\lib\router\index.js:346:12)
    at next (C:\Users\Mohamed Hany\Desktop\ادارة المهام\backend\node_modules\express\lib\router\index.js:280:10)
    at urlencodedParser (C:\Users\Mohamed Hany\Desktop\ادارة المهام\backend\node_modules\body-parser\lib\types\urlencoded.js:82:7)
    at Layer.handle [as handle_request] (C:\Users\Mohamed Hany\Desktop\ادارة المهام\backend\node_modules\express\lib\router\layer.js:95:5)
    at trim_prefix (C:\Users\Mohamed Hany\Desktop\ادارة المهام\backend\node_modules\express\lib\router\index.js:328:13)
[2026-05-11 01:13:06] error: Error: No token provided
    at authenticate (C:\Users\Mohamed Hany\Desktop\ادارة المهام\backend\src\middleware\auth.ts:24:13)
    at Layer.handle [as handle_request] (C:\Users\Mohamed Hany\Desktop\ادارة المهام\backend\node_modules\express\lib\router\layer.js:95:5)
    at trim_prefix (C:\Users\Mohamed Hany\Desktop\ادارة المهام\backend\node_modules\express\lib\router\index.js:328:13)
    at C:\Users\Mohamed Hany\Desktop\ادارة المهام\backend\node_modules\express\lib\router\index.js:286:9
    at Function.process_params (C:\Users\Mohamed Hany\Desktop\ادارة المهام\backend\node_modules\express\lib\router\index.js:346:12)
    at next (C:\Users\Mohamed Hany\Desktop\ادارة المهام\backend\node_modules\express\lib\router\index.js:280:10)
    at Function.handle (C:\Users\Mohamed Hany\Desktop\ادارة المهام\backend\node_modules\express\lib\router\index.js:175:3)
    at router (C:\Users\Mohamed Hany\Desktop\ادارة المهام\backend\node_modules\express\lib\router\index.js:47:12)
    at Layer.handle [as handle_request] (C:\Users\Mohamed Hany\Desktop\ادارة المهام\backend\node_modules\express\lib\router\layer.js:95:5)
    at trim_prefix (C:\Users\Mohamed Hany\Desktop\ادارة المهام\backend\node_modules\express\lib\router\index.js:328:13)
    at C:\Users\Mohamed Hany\Desktop\ادارة المهام\backend\node_modules\express\lib\router\index.js:286:9
    at Function.process_params (C:\Users\Mohamed Hany\Desktop\ادارة المهام\backend\node_modules\express\lib\router\index.js:346:12)
    at next (C:\Users\Mohamed Hany\Desktop\ادارة المهام\backend\node_modules\express\lib\router\index.js:280:10)
    at requestLogger (C:\Users\Mohamed Hany\Desktop\ادارة المهام\backend\src\middleware\requestLogger.ts:6:3)
    at Layer.handle [as handle_request] (C:\Users\Mohamed Hany\Desktop\ادارة المهام\backend\node_modules\express\lib\router\layer.js:95:5)
    at trim_prefix (C:\Users\Mohamed Hany\Desktop\ادارة المهام\backend\node_modules\express\lib\router\index.js:328:13)
    at C:\Users\Mohamed Hany\Desktop\ادارة المهام\backend\node_modules\express\lib\router\index.js:286:9
    at Function.process_params (C:\Users\Mohamed Hany\Desktop\ادارة المهام\backend\node_modules\express\lib\router\index.js:346:12)
    at next (C:\Users\Mohamed Hany\Desktop\ادارة المهام\backend\node_modules\express\lib\router\index.js:280:10)
    at urlencodedParser (C:\Users\Mohamed Hany\Desktop\ادارة المهام\backend\node_modules\body-parser\lib\types\urlencoded.js:82:7)
    at Layer.handle [as handle_request] (C:\Users\Mohamed Hany\Desktop\ادارة المهام\backend\node_modules\express\lib\router\layer.js:95:5)
    at trim_prefix (C:\Users\Mohamed Hany\Desktop\ادارة المهام\backend\node_modules\express\lib\router\index.js:328:13)
[2026-05-11 01:13:06] error: Error: No token provided
    at authenticate (C:\Users\Mohamed Hany\Desktop\ادارة المهام\backend\src\middleware\auth.ts:24:13)
    at Layer.handle [as handle_request] (C:\Users\Mohamed Hany\Desktop\ادارة المهام\backend\node_modules\express\lib\router\layer.js:95:5)
    at trim_prefix (C:\Users\Mohamed Hany\Desktop\ادارة المهام\backend\node_modules\express\lib\router\index.js:328:13)
    at C:\Users\Mohamed Hany\Desktop\ادارة المهام\backend\node_modules\express\lib\router\index.js:286:9
    at Function.process_params (C:\Users\Mohamed Hany\Desktop\ادارة المهام\backend\node_modules\express\lib\router\index.js:346:12)
    at next (C:\Users\Mohamed Hany\Desktop\ادارة المهام\backend\node_modules\express\lib\router\index.js:280:10)
    at Function.handle (C:\Users\Mohamed Hany\Desktop\ادارة المهام\backend\node_modules\express\lib\router\index.js:175:3)
    at router (C:\Users\Mohamed Hany\Desktop\ادارة المهام\backend\node_modules\express\lib\router\index.js:47:12)
    at Layer.handle [as handle_request] (C:\Users\Mohamed Hany\Desktop\ادارة المهام\backend\node_modules\express\lib\router\layer.js:95:5)
    at trim_prefix (C:\Users\Mohamed Hany\Desktop\ادارة المهام\backend\node_modules\express\lib\router\index.js:328:13)
    at C:\Users\Mohamed Hany\Desktop\ادارة المهام\backend\node_modules\express\lib\router\index.js:286:9
    at Function.process_params (C:\Users\Mohamed Hany\Desktop\ادارة المهام\backend\node_modules\express\lib\router\index.js:346:12)
    at next (C:\Users\Mohamed Hany\Desktop\ادارة المهام\backend\node_modules\express\lib\router\index.js:280:10)
    at requestLogger (C:\Users\Mohamed Hany\Desktop\ادارة المهام\backend\src\middleware\requestLogger.ts:6:3)
    at Layer.handle [as handle_request] (C:\Users\Mohamed Hany\Desktop\ادارة المهام\backend\node_modules\express\lib\router\layer.js:95:5)
    at trim_prefix (C:\Users\Mohamed Hany\Desktop\ادارة المهام\backend\node_modules\express\lib\router\index.js:328:13)
    at C:\Users\Mohamed Hany\Desktop\ادارة المهام\backend\node_modules\express\lib\router\index.js:286:9
    at Function.process_params (C:\Users\Mohamed Hany\Desktop\ادارة المهام\backend\node_modules\express\lib\router\index.js:346:12)
    at next (C:\Users\Mohamed Hany\Desktop\ادارة المهام\backend\node_modules\express\lib\router\index.js:280:10)
    at urlencodedParser (C:\Users\Mohamed Hany\Desktop\ادارة المهام\backend\node_modules\body-parser\lib\types\urlencoded.js:82:7)
    at Layer.handle [as handle_request] (C:\Users\Mohamed Hany\Desktop\ادارة المهام\backend\node_modules\express\lib\router\layer.js:95:5)
    at trim_prefix (C:\Users\Mohamed Hany\Desktop\ادارة المهام\backend\node_modules\express\lib\router\index.js:328:13)
[2026-05-11 01:13:06] error: Error: No token provided
    at authenticate (C:\Users\Mohamed Hany\Desktop\ادارة المهام\backend\src\middleware\auth.ts:24:13)
    at Layer.handle [as handle_request] (C:\Users\Mohamed Hany\Desktop\ادارة المهام\backend\node_modules\express\lib\router\layer.js:95:5)
    at trim_prefix (C:\Users\Mohamed Hany\Desktop\ادارة المهام\backend\node_modules\express\lib\router\index.js:328:13)
    at C:\Users\Mohamed Hany\Desktop\ادارة المهام\backend\node_modules\express\lib\router\index.js:286:9
    at Function.process_params (C:\Users\Mohamed Hany\Desktop\ادارة المهام\backend\node_modules\express\lib\router\index.js:346:12)
    at next (C:\Users\Mohamed Hany\Desktop\ادارة المهام\backend\node_modules\express\lib\router\index.js:280:10)
    at Function.handle (C:\Users\Mohamed Hany\Desktop\ادارة المهام\backend\node_modules\express\lib\router\index.js:175:3)
    at router (C:\Users\Mohamed Hany\Desktop\ادارة المهام\backend\node_modules\express\lib\router\index.js:47:12)
    at Layer.handle [as handle_request] (C:\Users\Mohamed Hany\Desktop\ادارة المهام\backend\node_modules\express\lib\router\layer.js:95:5)
    at trim_prefix (C:\Users\Mohamed Hany\Desktop\ادارة المهام\backend\node_modules\express\lib\router\index.js:328:13)
    at C:\Users\Mohamed Hany\Desktop\ادارة المهام\backend\node_modules\express\lib\router\index.js:286:9
    at Function.process_params (C:\Users\Mohamed Hany\Desktop\ادارة المهام\backend\node_modules\express\lib\router\index.js:346:12)
    at next (C:\Users\Mohamed Hany\Desktop\ادارة المهام\backend\node_modules\express\lib\router\index.js:280:10)
    at requestLogger (C:\Users\Mohamed Hany\Desktop\ادارة المهام\backend\src\middleware\requestLogger.ts:6:3)
    at Layer.handle [as handle_request] (C:\Users\Mohamed Hany\Desktop\ادارة المهام\backend\node_modules\express\lib\router\layer.js:95:5)
    at trim_prefix (C:\Users\Mohamed Hany\Desktop\ادارة المهام\backend\node_modules\express\lib\router\index.js:328:13)
    at C:\Users\Mohamed Hany\Desktop\ادارة المهام\backend\node_modules\express\lib\router\index.js:286:9
    at Function.process_params (C:\Users\Mohamed Hany\Desktop\ادارة المهام\backend\node_modules\express\lib\router\index.js:346:12)
    at next (C:\Users\Mohamed Hany\Desktop\ادارة المهام\backend\node_modules\express\lib\router\index.js:280:10)
    at urlencodedParser (C:\Users\Mohamed Hany\Desktop\ادارة المهام\backend\node_modules\body-parser\lib\types\urlencoded.js:91:7)
    at Layer.handle [as handle_request] (C:\Users\Mohamed Hany\Desktop\ادارة المهام\backend\node_modules\express\lib\router\layer.js:95:5)
    at trim_prefix (C:\Users\Mohamed Hany\Desktop\ادارة المهام\backend\node_modules\express\lib\router\index.js:328:13)
[2026-05-11 01:13:06] error: Error: No token provided
    at authenticate (C:\Users\Mohamed Hany\Desktop\ادارة المهام\backend\src\middleware\auth.ts:24:13)
    at Layer.handle [as handle_request] (C:\Users\Mohamed Hany\Desktop\ادارة المهام\backend\node_modules\express\lib\router\layer.js:95:5)
    at trim_prefix (C:\Users\Mohamed Hany\Desktop\ادارة المهام\backend\node_modules\express\lib\router\index.js:328:13)
    at C:\Users\Mohamed Hany\Desktop\ادارة المهام\backend\node_modules\express\lib\router\index.js:286:9
    at Function.process_params (C:\Users\Mohamed Hany\Desktop\ادارة المهام\backend\node_modules\express\lib\router\index.js:346:12)
    at next (C:\Users\Mohamed Hany\Desktop\ادارة المهام\backend\node_modules\express\lib\router\index.js:280:10)
    at Function.handle (C:\Users\Mohamed Hany\Desktop\ادارة المهام\backend\node_modules\express\lib\router\index.js:175:3)
    at router (C:\Users\Mohamed Hany\Desktop\ادارة المهام\backend\node_modules\express\lib\router\index.js:47:12)
    at Layer.handle [as handle_request] (C:\Users\Mohamed Hany\Desktop\ادارة المهام\backend\node_modules\express\lib\router\layer.js:95:5)
    at trim_prefix (C:\Users\Mohamed Hany\Desktop\ادارة المهام\backend\node_modules\express\lib\router\index.js:328:13)
    at C:\Users\Mohamed Hany\Desktop\ادارة المهام\backend\node_modules\express\lib\router\index.js:286:9
    at Function.process_params (C:\Users\Mohamed Hany\Desktop\ادارة المهام\backend\node_modules\express\lib\router\index.js:346:12)
    at next (C:\Users\Mohamed Hany\Desktop\ادارة المهام\backend\node_modules\express\lib\router\index.js:280:10)
    at requestLogger (C:\Users\Mohamed Hany\Desktop\ادارة المهام\backend\src\middleware\requestLogger.ts:6:3)
    at Layer.handle [as handle_request] (C:\Users\Mohamed Hany\Desktop\ادارة المهام\backend\node_modules\express\lib\router\layer.js:95:5)
    at trim_prefix (C:\Users\Mohamed Hany\Desktop\ادارة المهام\backend\node_modules\express\lib\router\index.js:328:13)
    at C:\Users\Mohamed Hany\Desktop\ادارة المهام\backend\node_modules\express\lib\router\index.js:286:9
    at Function.process_params (C:\Users\Mohamed Hany\Desktop\ادارة المهام\backend\node_modules\express\lib\router\index.js:346:12)
    at next (C:\Users\Mohamed Hany\Desktop\ادارة المهام\backend\node_modules\express\lib\router\index.js:280:10)
    at urlencodedParser (C:\Users\Mohamed Hany\Desktop\ادارة المهام\backend\node_modules\body-parser\lib\types\urlencoded.js:82:7)
    at Layer.handle [as handle_request] (C:\Users\Mohamed Hany\Desktop\ادارة المهام\backend\node_modules\express\lib\router\layer.js:95:5)
    at trim_prefix (C:\Users\Mohamed Hany\Desktop\ادارة المهام\backend\node_modules\express\lib\router\index.js:328:13)
[2026-05-11 01:13:06] error: Error: No token provided
    at authenticate (C:\Users\Mohamed Hany\Desktop\ادارة المهام\backend\src\middleware\auth.ts:24:13)
    at Layer.handle [as handle_request] (C:\Users\Mohamed Hany\Desktop\ادارة المهام\backend\node_modules\express\lib\router\layer.js:95:5)
    at trim_prefix (C:\Users\Mohamed Hany\Desktop\ادارة المهام\backend\node_modules\express\lib\router\index.js:328:13)
    at C:\Users\Mohamed Hany\Desktop\ادارة المهام\backend\node_modules\express\lib\router\index.js:286:9
    at Function.process_params (C:\Users\Mohamed Hany\Desktop\ادارة المهام\backend\node_modules\express\lib\router\index.js:346:12)
    at next (C:\Users\Mohamed Hany\Desktop\ادارة المهام\backend\node_modules\express\lib\router\index.js:280:10)
    at Function.handle (C:\Users\Mohamed Hany\Desktop\ادارة المهام\backend\node_modules\express\lib\router\index.js:175:3)
    at router (C:\Users\Mohamed Hany\Desktop\ادارة المهام\backend\node_modules\express\lib\router\index.js:47:12)
    at Layer.handle [as handle_request] (C:\Users\Mohamed Hany\Desktop\ادارة المهام\backend\node_modules\express\lib\router\layer.js:95:5)
    at trim_prefix (C:\Users\Mohamed Hany\Desktop\ادارة المهام\backend\node_modules\express\lib\router\index.js:328:13)
    at C:\Users\Mohamed Hany\Desktop\ادارة المهام\backend\node_modules\express\lib\router\index.js:286:9
    at Function.process_params (C:\Users\Mohamed Hany\Desktop\ادارة المهام\backend\node_modules\express\lib\router\index.js:346:12)
    at next (C:\Users\Mohamed Hany\Desktop\ادارة المهام\backend\node_modules\express\lib\router\index.js:280:10)
    at requestLogger (C:\Users\Mohamed Hany\Desktop\ادارة المهام\backend\src\middleware\requestLogger.ts:6:3)
    at Layer.handle [as handle_request] (C:\Users\Mohamed Hany\Desktop\ادارة المهام\backend\node_modules\express\lib\router\layer.js:95:5)
    at trim_prefix (C:\Users\Mohamed Hany\Desktop\ادارة المهام\backend\node_modules\express\lib\router\index.js:328:13)
    at C:\Users\Mohamed Hany\Desktop\ادارة المهام\backend\node_modules\express\lib\router\index.js:286:9
    at Function.process_params (C:\Users\Mohamed Hany\Desktop\ادارة المهام\backend\node_modules\express\lib\router\index.js:346:12)
    at next (C:\Users\Mohamed Hany\Desktop\ادارة المهام\backend\node_modules\express\lib\router\index.js:280:10)
    at urlencodedParser (C:\Users\Mohamed Hany\Desktop\ادارة المهام\backend\node_modules\body-parser\lib\types\urlencoded.js:82:7)
    at Layer.handle [as handle_request] (C:\Users\Mohamed Hany\Desktop\ادارة المهام\backend\node_modules\express\lib\router\layer.js:95:5)
    at trim_prefix (C:\Users\Mohamed Hany\Desktop\ادارة المهام\backend\node_modules\express\lib\router\index.js:328:13)
[2026-05-11 01:13:06] error: Error: No token provided
    at authenticate (C:\Users\Mohamed Hany\Desktop\ادارة المهام\backend\src\middleware\auth.ts:24:13)
    at Layer.handle [as handle_request] (C:\Users\Mohamed Hany\Desktop\ادارة المهام\backend\node_modules\express\lib\router\layer.js:95:5)
    at trim_prefix (C:\Users\Mohamed Hany\Desktop\ادارة المهام\backend\node_modules\express\lib\router\index.js:328:13)
    at C:\Users\Mohamed Hany\Desktop\ادارة المهام\backend\node_modules\express\lib\router\index.js:286:9
    at Function.process_params (C:\Users\Mohamed Hany\Desktop\ادارة المهام\backend\node_modules\express\lib\router\index.js:346:12)
    at next (C:\Users\Mohamed Hany\Desktop\ادارة المهام\backend\node_modules\express\lib\router\index.js:280:10)
    at Function.handle (C:\Users\Mohamed Hany\Desktop\ادارة المهام\backend\node_modules\express\lib\router\index.js:175:3)
    at router (C:\Users\Mohamed Hany\Desktop\ادارة المهام\backend\node_modules\express\lib\router\index.js:47:12)
    at Layer.handle [as handle_request] (C:\Users\Mohamed Hany\Desktop\ادارة المهام\backend\node_modules\express\lib\router\layer.js:95:5)
    at trim_prefix (C:\Users\Mohamed Hany\Desktop\ادارة المهام\backend\node_modules\express\lib\router\index.js:328:13)
    at C:\Users\Mohamed Hany\Desktop\ادارة المهام\backend\node_modules\express\lib\router\index.js:286:9
    at Function.process_params (C:\Users\Mohamed Hany\Desktop\ادارة المهام\backend\node_modules\express\lib\router\index.js:346:12)
    at next (C:\Users\Mohamed Hany\Desktop\ادارة المهام\backend\node_modules\express\lib\router\index.js:280:10)
    at requestLogger (C:\Users\Mohamed Hany\Desktop\ادارة المهام\backend\src\middleware\requestLogger.ts:6:3)
    at Layer.handle [as handle_request] (C:\Users\Mohamed Hany\Desktop\ادارة المهام\backend\node_modules\express\lib\router\layer.js:95:5)
    at trim_prefix (C:\Users\Mohamed Hany\Desktop\ادارة المهام\backend\node_modules\express\lib\router\index.js:328:13)
    at C:\Users\Mohamed Hany\Desktop\ادارة المهام\backend\node_modules\express\lib\router\index.js:286:9
    at Function.process_params (C:\Users\Mohamed Hany\Desktop\ادارة المهام\backend\node_modules\express\lib\router\index.js:346:12)
    at next (C:\Users\Mohamed Hany\Desktop\ادارة المهام\backend\node_modules\express\lib\router\index.js:280:10)
    at urlencodedParser (C:\Users\Mohamed Hany\Desktop\ادارة المهام\backend\node_modules\body-parser\lib\types\urlencoded.js:82:7)
    at Layer.handle [as handle_request] (C:\Users\Mohamed Hany\Desktop\ادارة المهام\backend\node_modules\express\lib\router\layer.js:95:5)
    at trim_prefix (C:\Users\Mohamed Hany\Desktop\ادارة المهام\backend\node_modules\express\lib\router\index.js:328:13)
[2026-05-11 01:13:06] error: Error: No token provided
    at authenticate (C:\Users\Mohamed Hany\Desktop\ادارة المهام\backend\src\middleware\auth.ts:24:13)
    at Layer.handle [as handle_request] (C:\Users\Mohamed Hany\Desktop\ادارة المهام\backend\node_modules\express\lib\router\layer.js:95:5)
    at trim_prefix (C:\Users\Mohamed Hany\Desktop\ادارة المهام\backend\node_modules\express\lib\router\index.js:328:13)
    at C:\Users\Mohamed Hany\Desktop\ادارة المهام\backend\node_modules\express\lib\router\index.js:286:9
    at Function.process_params (C:\Users\Mohamed Hany\Desktop\ادارة المهام\backend\node_modules\express\lib\router\index.js:346:12)
    at next (C:\Users\Mohamed Hany\Desktop\ادارة المهام\backend\node_modules\express\lib\router\index.js:280:10)
    at Function.handle (C:\Users\Mohamed Hany\Desktop\ادارة المهام\backend\node_modules\express\lib\router\index.js:175:3)
    at router (C:\Users\Mohamed Hany\Desktop\ادارة المهام\backend\node_modules\express\lib\router\index.js:47:12)
    at Layer.handle [as handle_request] (C:\Users\Mohamed Hany\Desktop\ادارة المهام\backend\node_modules\express\lib\router\layer.js:95:5)
    at trim_prefix (C:\Users\Mohamed Hany\Desktop\ادارة المهام\backend\node_modules\express\lib\router\index.js:328:13)
    at C:\Users\Mohamed Hany\Desktop\ادارة المهام\backend\node_modules\express\lib\router\index.js:286:9
    at Function.process_params (C:\Users\Mohamed Hany\Desktop\ادارة المهام\backend\node_modules\express\lib\router\index.js:346:12)
    at next (C:\Users\Mohamed Hany\Desktop\ادارة المهام\backend\node_modules\express\lib\router\index.js:280:10)
    at requestLogger (C:\Users\Mohamed Hany\Desktop\ادارة المهام\backend\src\middleware\requestLogger.ts:6:3)
    at Layer.handle [as handle_request] (C:\Users\Mohamed Hany\Desktop\ادارة المهام\backend\node_modules\express\lib\router\layer.js:95:5)
    at trim_prefix (C:\Users\Mohamed Hany\Desktop\ادارة المهام\backend\node_modules\express\lib\router\index.js:328:13)
    at C:\Users\Mohamed Hany\Desktop\ادارة المهام\backend\node_modules\express\lib\router\index.js:286:9
    at Function.process_params (C:\Users\Mohamed Hany\Desktop\ادارة المهام\backend\node_modules\express\lib\router\index.js:346:12)
    at next (C:\Users\Mohamed Hany\Desktop\ادارة المهام\backend\node_modules\express\lib\router\index.js:280:10)
    at urlencodedParser (C:\Users\Mohamed Hany\Desktop\ادارة المهام\backend\node_modules\body-parser\lib\types\urlencoded.js:82:7)
    at Layer.handle [as handle_request] (C:\Users\Mohamed Hany\Desktop\ادارة المهام\backend\node_modules\express\lib\router\layer.js:95:5)
    at trim_prefix (C:\Users\Mohamed Hany\Desktop\ادارة المهام\backend\node_modules\express\lib\router\index.js:328:13)
[2026-05-11 01:13:06] error: Error: No token provided
    at authenticate (C:\Users\Mohamed Hany\Desktop\ادارة المهام\backend\src\middleware\auth.ts:24:13)
    at Layer.handle [as handle_request] (C:\Users\Mohamed Hany\Desktop\ادارة المهام\backend\node_modules\express\lib\router\layer.js:95:5)
    at trim_prefix (C:\Users\Mohamed Hany\Desktop\ادارة المهام\backend\node_modules\express\lib\router\index.js:328:13)
    at C:\Users\Mohamed Hany\Desktop\ادارة المهام\backend\node_modules\express\lib\router\index.js:286:9
    at Function.process_params (C:\Users\Mohamed Hany\Desktop\ادارة المهام\backend\node_modules\express\lib\router\index.js:346:12)
    at next (C:\Users\Mohamed Hany\Desktop\ادارة المهام\backend\node_modules\express\lib\router\index.js:280:10)
    at Function.handle (C:\Users\Mohamed Hany\Desktop\ادارة المهام\backend\node_modules\express\lib\router\index.js:175:3)
    at router (C:\Users\Mohamed Hany\Desktop\ادارة المهام\backend\node_modules\express\lib\router\index.js:47:12)
    at Layer.handle [as handle_request] (C:\Users\Mohamed Hany\Desktop\ادارة المهام\backend\node_modules\express\lib\router\layer.js:95:5)
    at trim_prefix (C:\Users\Mohamed Hany\Desktop\ادارة المهام\backend\node_modules\express\lib\router\index.js:328:13)
    at C:\Users\Mohamed Hany\Desktop\ادارة المهام\backend\node_modules\express\lib\router\index.js:286:9
    at Function.process_params (C:\Users\Mohamed Hany\Desktop\ادارة المهام\backend\node_modules\express\lib\router\index.js:346:12)
    at next (C:\Users\Mohamed Hany\Desktop\ادارة المهام\backend\node_modules\express\lib\router\index.js:280:10)
    at requestLogger (C:\Users\Mohamed Hany\Desktop\ادارة المهام\backend\src\middleware\requestLogger.ts:6:3)
    at Layer.handle [as handle_request] (C:\Users\Mohamed Hany\Desktop\ادارة المهام\backend\node_modules\express\lib\router\layer.js:95:5)
    at trim_prefix (C:\Users\Mohamed Hany\Desktop\ادارة المهام\backend\node_modules\express\lib\router\index.js:328:13)
    at C:\Users\Mohamed Hany\Desktop\ادارة المهام\backend\node_modules\express\lib\router\index.js:286:9
    at Function.process_params (C:\Users\Mohamed Hany\Desktop\ادارة المهام\backend\node_modules\express\lib\router\index.js:346:12)
    at next (C:\Users\Mohamed Hany\Desktop\ادارة المهام\backend\node_modules\express\lib\router\index.js:280:10)
    at urlencodedParser (C:\Users\Mohamed Hany\Desktop\ادارة المهام\backend\node_modules\body-parser\lib\types\urlencoded.js:82:7)
    at Layer.handle [as handle_request] (C:\Users\Mohamed Hany\Desktop\ادارة المهام\backend\node_modules\express\lib\router\layer.js:95:5)
    at trim_prefix (C:\Users\Mohamed Hany\Desktop\ادارة المهام\backend\node_modules\express\lib\router\index.js:328:13)
[2026-05-11 01:13:06] error: Error: No token provided
    at authenticate (C:\Users\Mohamed Hany\Desktop\ادارة المهام\backend\src\middleware\auth.ts:24:13)
    at Layer.handle [as handle_request] (C:\Users\Mohamed Hany\Desktop\ادارة المهام\backend\node_modules\express\lib\router\layer.js:95:5)
    at trim_prefix (C:\Users\Mohamed Hany\Desktop\ادارة المهام\backend\node_modules\express\lib\router\index.js:328:13)
    at C:\Users\Mohamed Hany\Desktop\ادارة المهام\backend\node_modules\express\lib\router\index.js:286:9
    at Function.process_params (C:\Users\Mohamed Hany\Desktop\ادارة المهام\backend\node_modules\express\lib\router\index.js:346:12)
    at next (C:\Users\Mohamed Hany\Desktop\ادارة المهام\backend\node_modules\express\lib\router\index.js:280:10)
    at Function.handle (C:\Users\Mohamed Hany\Desktop\ادارة المهام\backend\node_modules\express\lib\router\index.js:175:3)
    at router (C:\Users\Mohamed Hany\Desktop\ادارة المهام\backend\node_modules\express\lib\router\index.js:47:12)
    at Layer.handle [as handle_request] (C:\Users\Mohamed Hany\Desktop\ادارة المهام\backend\node_modules\express\lib\router\layer.js:95:5)
    at trim_prefix (C:\Users\Mohamed Hany\Desktop\ادارة المهام\backend\node_modules\express\lib\router\index.js:328:13)
    at C:\Users\Mohamed Hany\Desktop\ادارة المهام\backend\node_modules\express\lib\router\index.js:286:9
    at Function.process_params (C:\Users\Mohamed Hany\Desktop\ادارة المهام\backend\node_modules\express\lib\router\index.js:346:12)
    at next (C:\Users\Mohamed Hany\Desktop\ادارة المهام\backend\node_modules\express\lib\router\index.js:280:10)
    at requestLogger (C:\Users\Mohamed Hany\Desktop\ادارة المهام\backend\src\middleware\requestLogger.ts:6:3)
    at Layer.handle [as handle_request] (C:\Users\Mohamed Hany\Desktop\ادارة المهام\backend\node_modules\express\lib\router\layer.js:95:5)
    at trim_prefix (C:\Users\Mohamed Hany\Desktop\ادارة المهام\backend\node_modules\express\lib\router\index.js:328:13)
    at C:\Users\Mohamed Hany\Desktop\ادارة المهام\backend\node_modules\express\lib\router\index.js:286:9
    at Function.process_params (C:\Users\Mohamed Hany\Desktop\ادارة المهام\backend\node_modules\express\lib\router\index.js:346:12)
    at next (C:\Users\Mohamed Hany\Desktop\ادارة المهام\backend\node_modules\express\lib\router\index.js:280:10)
    at urlencodedParser (C:\Users\Mohamed Hany\Desktop\ادارة المهام\backend\node_modules\body-parser\lib\types\urlencoded.js:82:7)
    at Layer.handle [as handle_request] (C:\Users\Mohamed Hany\Desktop\ادارة المهام\backend\node_modules\express\lib\router\layer.js:95:5)
    at trim_prefix (C:\Users\Mohamed Hany\Desktop\ادارة المهام\backend\node_modules\express\lib\router\index.js:328:13)
[2026-05-11 01:13:06] error: Error: No token provided
    at authenticate (C:\Users\Mohamed Hany\Desktop\ادارة المهام\backend\src\middleware\auth.ts:24:13)
    at Layer.handle [as handle_request] (C:\Users\Mohamed Hany\Desktop\ادارة المهام\backend\node_modules\express\lib\router\layer.js:95:5)
    at trim_prefix (C:\Users\Mohamed Hany\Desktop\ادارة المهام\backend\node_modules\express\lib\router\index.js:328:13)
    at C:\Users\Mohamed Hany\Desktop\ادارة المهام\backend\node_modules\express\lib\router\index.js:286:9
    at Function.process_params (C:\Users\Mohamed Hany\Desktop\ادارة المهام\backend\node_modules\express\lib\router\index.js:346:12)
    at next (C:\Users\Mohamed Hany\Desktop\ادارة المهام\backend\node_modules\express\lib\router\index.js:280:10)
    at Function.handle (C:\Users\Mohamed Hany\Desktop\ادارة المهام\backend\node_modules\express\lib\router\index.js:175:3)
    at router (C:\Users\Mohamed Hany\Desktop\ادارة المهام\backend\node_modules\express\lib\router\index.js:47:12)
    at Layer.handle [as handle_request] (C:\Users\Mohamed Hany\Desktop\ادارة المهام\backend\node_modules\express\lib\router\layer.js:95:5)
    at trim_prefix (C:\Users\Mohamed Hany\Desktop\ادارة المهام\backend\node_modules\express\lib\router\index.js:328:13)
    at C:\Users\Mohamed Hany\Desktop\ادارة المهام\backend\node_modules\express\lib\router\index.js:286:9
    at Function.process_params (C:\Users\Mohamed Hany\Desktop\ادارة المهام\backend\node_modules\express\lib\router\index.js:346:12)
    at next (C:\Users\Mohamed Hany\Desktop\ادارة المهام\backend\node_modules\express\lib\router\index.js:280:10)
    at requestLogger (C:\Users\Mohamed Hany\Desktop\ادارة المهام\backend\src\middleware\requestLogger.ts:6:3)
    at Layer.handle [as handle_request] (C:\Users\Mohamed Hany\Desktop\ادارة المهام\backend\node_modules\express\lib\router\layer.js:95:5)
    at trim_prefix (C:\Users\Mohamed Hany\Desktop\ادارة المهام\backend\node_modules\express\lib\router\index.js:328:13)
    at C:\Users\Mohamed Hany\Desktop\ادارة المهام\backend\node_modules\express\lib\router\index.js:286:9
    at Function.process_params (C:\Users\Mohamed Hany\Desktop\ادارة المهام\backend\node_modules\express\lib\router\index.js:346:12)
    at next (C:\Users\Mohamed Hany\Desktop\ادارة المهام\backend\node_modules\express\lib\router\index.js:280:10)
    at urlencodedParser (C:\Users\Mohamed Hany\Desktop\ادارة المهام\backend\node_modules\body-parser\lib\types\urlencoded.js:82:7)
    at Layer.handle [as handle_request] (C:\Users\Mohamed Hany\Desktop\ادارة المهام\backend\node_modules\express\lib\router\layer.js:95:5)
    at trim_prefix (C:\Users\Mohamed Hany\Desktop\ادارة المهام\backend\node_modules\express\lib\router\index.js:328:13)
[2026-05-11 01:13:06] error: Error: No token provided
    at authenticate (C:\Users\Mohamed Hany\Desktop\ادارة المهام\backend\src\middleware\auth.ts:24:13)
    at Layer.handle [as handle_request] (C:\Users\Mohamed Hany\Desktop\ادارة المهام\backend\node_modules\express\lib\router\layer.js:95:5)
    at trim_prefix (C:\Users\Mohamed Hany\Desktop\ادارة المهام\backend\node_modules\express\lib\router\index.js:328:13)
    at C:\Users\Mohamed Hany\Desktop\ادارة المهام\backend\node_modules\express\lib\router\index.js:286:9
    at Function.process_params (C:\Users\Mohamed Hany\Desktop\ادارة المهام\backend\node_modules\express\lib\router\index.js:346:12)
    at next (C:\Users\Mohamed Hany\Desktop\ادارة المهام\backend\node_modules\express\lib\router\index.js:280:10)
    at Function.handle (C:\Users\Mohamed Hany\Desktop\ادارة المهام\backend\node_modules\express\lib\router\index.js:175:3)
    at router (C:\Users\Mohamed Hany\Desktop\ادارة المهام\backend\node_modules\express\lib\router\index.js:47:12)
    at Layer.handle [as handle_request] (C:\Users\Mohamed Hany\Desktop\ادارة المهام\backend\node_modules\express\lib\router\layer.js:95:5)
    at trim_prefix (C:\Users\Mohamed Hany\Desktop\ادارة المهام\backend\node_modules\express\lib\router\index.js:328:13)
    at C:\Users\Mohamed Hany\Desktop\ادارة المهام\backend\node_modules\express\lib\router\index.js:286:9
    at Function.process_params (C:\Users\Mohamed Hany\Desktop\ادارة المهام\backend\node_modules\express\lib\router\index.js:346:12)
    at next (C:\Users\Mohamed Hany\Desktop\ادارة المهام\backend\node_modules\express\lib\router\index.js:280:10)
    at requestLogger (C:\Users\Mohamed Hany\Desktop\ادارة المهام\backend\src\middleware\requestLogger.ts:6:3)
    at Layer.handle [as handle_request] (C:\Users\Mohamed Hany\Desktop\ادارة المهام\backend\node_modules\express\lib\router\layer.js:95:5)
    at trim_prefix (C:\Users\Mohamed Hany\Desktop\ادارة المهام\backend\node_modules\express\lib\router\index.js:328:13)
    at C:\Users\Mohamed Hany\Desktop\ادارة المهام\backend\node_modules\express\lib\router\index.js:286:9
    at Function.process_params (C:\Users\Mohamed Hany\Desktop\ادارة المهام\backend\node_modules\express\lib\router\index.js:346:12)
    at next (C:\Users\Mohamed Hany\Desktop\ادارة المهام\backend\node_modules\express\lib\router\index.js:280:10)
    at urlencodedParser (C:\Users\Mohamed Hany\Desktop\ادارة المهام\backend\node_modules\body-parser\lib\types\urlencoded.js:82:7)
    at Layer.handle [as handle_request] (C:\Users\Mohamed Hany\Desktop\ادارة المهام\backend\node_modules\express\lib\router\layer.js:95:5)
    at trim_prefix (C:\Users\Mohamed Hany\Desktop\ادارة المهام\backend\node_modules\express\lib\router\index.js:328:13)
[2026-05-11 01:13:06] error: Error: No token provided
    at authenticate (C:\Users\Mohamed Hany\Desktop\ادارة المهام\backend\src\middleware\auth.ts:24:13)
    at Layer.handle [as handle_request] (C:\Users\Mohamed Hany\Desktop\ادارة المهام\backend\node_modules\express\lib\router\layer.js:95:5)
    at trim_prefix (C:\Users\Mohamed Hany\Desktop\ادارة المهام\backend\node_modules\express\lib\router\index.js:328:13)
    at C:\Users\Mohamed Hany\Desktop\ادارة المهام\backend\node_modules\express\lib\router\index.js:286:9
    at Function.process_params (C:\Users\Mohamed Hany\Desktop\ادارة المهام\backend\node_modules\express\lib\router\index.js:346:12)
    at next (C:\Users\Mohamed Hany\Desktop\ادارة المهام\backend\node_modules\express\lib\router\index.js:280:10)
    at Function.handle (C:\Users\Mohamed Hany\Desktop\ادارة المهام\backend\node_modules\express\lib\router\index.js:175:3)
    at router (C:\Users\Mohamed Hany\Desktop\ادارة المهام\backend\node_modules\express\lib\router\index.js:47:12)
    at Layer.handle [as handle_request] (C:\Users\Mohamed Hany\Desktop\ادارة المهام\backend\node_modules\express\lib\router\layer.js:95:5)
    at trim_prefix (C:\Users\Mohamed Hany\Desktop\ادارة المهام\backend\node_modules\express\lib\router\index.js:328:13)
    at C:\Users\Mohamed Hany\Desktop\ادارة المهام\backend\node_modules\express\lib\router\index.js:286:9
    at Function.process_params (C:\Users\Mohamed Hany\Desktop\ادارة المهام\backend\node_modules\express\lib\router\index.js:346:12)
    at next (C:\Users\Mohamed Hany\Desktop\ادارة المهام\backend\node_modules\express\lib\router\index.js:280:10)
    at requestLogger (C:\Users\Mohamed Hany\Desktop\ادارة المهام\backend\src\middleware\requestLogger.ts:6:3)
    at Layer.handle [as handle_request] (C:\Users\Mohamed Hany\Desktop\ادارة المهام\backend\node_modules\express\lib\router\layer.js:95:5)
    at trim_prefix (C:\Users\Mohamed Hany\Desktop\ادارة المهام\backend\node_modules\express\lib\router\index.js:328:13)
    at C:\Users\Mohamed Hany\Desktop\ادارة المهام\backend\node_modules\express\lib\router\index.js:286:9
    at Function.process_params (C:\Users\Mohamed Hany\Desktop\ادارة المهام\backend\node_modules\express\lib\router\index.js:346:12)
    at next (C:\Users\Mohamed Hany\Desktop\ادارة المهام\backend\node_modules\express\lib\router\index.js:280:10)
    at urlencodedParser (C:\Users\Mohamed Hany\Desktop\ادارة المهام\backend\node_modules\body-parser\lib\types\urlencoded.js:82:7)
    at Layer.handle [as handle_request] (C:\Users\Mohamed Hany\Desktop\ادارة المهام\backend\node_modules\express\lib\router\layer.js:95:5)
    at trim_prefix (C:\Users\Mohamed Hany\Desktop\ادارة المهام\backend\node_modules\express\lib\router\index.js:328:13)
[2026-05-11 01:13:06] error: Error: No token provided
    at authenticate (C:\Users\Mohamed Hany\Desktop\ادارة المهام\backend\src\middleware\auth.ts:24:13)
    at Layer.handle [as handle_request] (C:\Users\Mohamed Hany\Desktop\ادارة المهام\backend\node_modules\express\lib\router\layer.js:95:5)
    at trim_prefix (C:\Users\Mohamed Hany\Desktop\ادارة المهام\backend\node_modules\express\lib\router\index.js:328:13)
    at C:\Users\Mohamed Hany\Desktop\ادارة المهام\backend\node_modules\express\lib\router\index.js:286:9
    at Function.process_params (C:\Users\Mohamed Hany\Desktop\ادارة المهام\backend\node_modules\express\lib\router\index.js:346:12)
    at next (C:\Users\Mohamed Hany\Desktop\ادارة المهام\backend\node_modules\express\lib\router\index.js:280:10)
    at Function.handle (C:\Users\Mohamed Hany\Desktop\ادارة المهام\backend\node_modules\express\lib\router\index.js:175:3)
    at router (C:\Users\Mohamed Hany\Desktop\ادارة المهام\backend\node_modules\express\lib\router\index.js:47:12)
    at Layer.handle [as handle_request] (C:\Users\Mohamed Hany\Desktop\ادارة المهام\backend\node_modules\express\lib\router\layer.js:95:5)
    at trim_prefix (C:\Users\Mohamed Hany\Desktop\ادارة المهام\backend\node_modules\express\lib\router\index.js:328:13)
    at C:\Users\Mohamed Hany\Desktop\ادارة المهام\backend\node_modules\express\lib\router\index.js:286:9
    at Function.process_params (C:\Users\Mohamed Hany\Desktop\ادارة المهام\backend\node_modules\express\lib\router\index.js:346:12)
    at next (C:\Users\Mohamed Hany\Desktop\ادارة المهام\backend\node_modules\express\lib\router\index.js:280:10)
    at requestLogger (C:\Users\Mohamed Hany\Desktop\ادارة المهام\backend\src\middleware\requestLogger.ts:6:3)
    at Layer.handle [as handle_request] (C:\Users\Mohamed Hany\Desktop\ادارة المهام\backend\node_modules\express\lib\router\layer.js:95:5)
    at trim_prefix (C:\Users\Mohamed Hany\Desktop\ادارة المهام\backend\node_modules\express\lib\router\index.js:328:13)
    at C:\Users\Mohamed Hany\Desktop\ادارة المهام\backend\node_modules\express\lib\router\index.js:286:9
    at Function.process_params (C:\Users\Mohamed Hany\Desktop\ادارة المهام\backend\node_modules\express\lib\router\index.js:346:12)
    at next (C:\Users\Mohamed Hany\Desktop\ادارة المهام\backend\node_modules\express\lib\router\index.js:280:10)
    at urlencodedParser (C:\Users\Mohamed Hany\Desktop\ادارة المهام\backend\node_modules\body-parser\lib\types\urlencoded.js:82:7)
    at Layer.handle [as handle_request] (C:\Users\Mohamed Hany\Desktop\ادارة المهام\backend\node_modules\express\lib\router\layer.js:95:5)
    at trim_prefix (C:\Users\Mohamed Hany\Desktop\ادارة المهام\backend\node_modules\express\lib\router\index.js:328:13)
[2026-05-11 01:13:06] error: Error: No token provided
    at authenticate (C:\Users\Mohamed Hany\Desktop\ادارة المهام\backend\src\middleware\auth.ts:24:13)
    at Layer.handle [as handle_request] (C:\Users\Mohamed Hany\Desktop\ادارة المهام\backend\node_modules\express\lib\router\layer.js:95:5)
    at trim_prefix (C:\Users\Mohamed Hany\Desktop\ادارة المهام\backend\node_modules\express\lib\router\index.js:328:13)
    at C:\Users\Mohamed Hany\Desktop\ادارة المهام\backend\node_modules\express\lib\router\index.js:286:9
    at Function.process_params (C:\Users\Mohamed Hany\Desktop\ادارة المهام\backend\node_modules\express\lib\router\index.js:346:12)
    at next (C:\Users\Mohamed Hany\Desktop\ادارة المهام\backend\node_modules\express\lib\router\index.js:280:10)
    at Function.handle (C:\Users\Mohamed Hany\Desktop\ادارة المهام\backend\node_modules\express\lib\router\index.js:175:3)
    at router (C:\Users\Mohamed Hany\Desktop\ادارة المهام\backend\node_modules\express\lib\router\index.js:47:12)
    at Layer.handle [as handle_request] (C:\Users\Mohamed Hany\Desktop\ادارة المهام\backend\node_modules\express\lib\router\layer.js:95:5)
    at trim_prefix (C:\Users\Mohamed Hany\Desktop\ادارة المهام\backend\node_modules\express\lib\router\index.js:328:13)
    at C:\Users\Mohamed Hany\Desktop\ادارة المهام\backend\node_modules\express\lib\router\index.js:286:9
    at Function.process_params (C:\Users\Mohamed Hany\Desktop\ادارة المهام\backend\node_modules\express\lib\router\index.js:346:12)
    at next (C:\Users\Mohamed Hany\Desktop\ادارة المهام\backend\node_modules\express\lib\router\index.js:280:10)
    at requestLogger (C:\Users\Mohamed Hany\Desktop\ادارة المهام\backend\src\middleware\requestLogger.ts:6:3)
    at Layer.handle [as handle_request] (C:\Users\Mohamed Hany\Desktop\ادارة المهام\backend\node_modules\express\lib\router\layer.js:95:5)
    at trim_prefix (C:\Users\Mohamed Hany\Desktop\ادارة المهام\backend\node_modules\express\lib\router\index.js:328:13)
    at C:\Users\Mohamed Hany\Desktop\ادارة المهام\backend\node_modules\express\lib\router\index.js:286:9
    at Function.process_params (C:\Users\Mohamed Hany\Desktop\ادارة المهام\backend\node_modules\express\lib\router\index.js:346:12)
    at next (C:\Users\Mohamed Hany\Desktop\ادارة المهام\backend\node_modules\express\lib\router\index.js:280:10)
    at urlencodedParser (C:\Users\Mohamed Hany\Desktop\ادارة المهام\backend\node_modules\body-parser\lib\types\urlencoded.js:91:7)
    at Layer.handle [as handle_request] (C:\Users\Mohamed Hany\Desktop\ادارة المهام\backend\node_modules\express\lib\router\layer.js:95:5)
    at trim_prefix (C:\Users\Mohamed Hany\Desktop\ادارة المهام\backend\node_modules\express\lib\router\index.js:328:13)
[2026-05-11 01:13:06] error: Error: No token provided
    at authenticate (C:\Users\Mohamed Hany\Desktop\ادارة المهام\backend\src\middleware\auth.ts:24:13)
    at Layer.handle [as handle_request] (C:\Users\Mohamed Hany\Desktop\ادارة المهام\backend\node_modules\express\lib\router\layer.js:95:5)
    at trim_prefix (C:\Users\Mohamed Hany\Desktop\ادارة المهام\backend\node_modules\express\lib\router\index.js:328:13)
    at C:\Users\Mohamed Hany\Desktop\ادارة المهام\backend\node_modules\express\lib\router\index.js:286:9
    at Function.process_params (C:\Users\Mohamed Hany\Desktop\ادارة المهام\backend\node_modules\express\lib\router\index.js:346:12)
    at next (C:\Users\Mohamed Hany\Desktop\ادارة المهام\backend\node_modules\express\lib\router\index.js:280:10)
    at Function.handle (C:\Users\Mohamed Hany\Desktop\ادارة المهام\backend\node_modules\express\lib\router\index.js:175:3)
    at router (C:\Users\Mohamed Hany\Desktop\ادارة المهام\backend\node_modules\express\lib\router\index.js:47:12)
    at Layer.handle [as handle_request] (C:\Users\Mohamed Hany\Desktop\ادارة المهام\backend\node_modules\express\lib\router\layer.js:95:5)
    at trim_prefix (C:\Users\Mohamed Hany\Desktop\ادارة المهام\backend\node_modules\express\lib\router\index.js:328:13)
    at C:\Users\Mohamed Hany\Desktop\ادارة المهام\backend\node_modules\express\lib\router\index.js:286:9
    at Function.process_params (C:\Users\Mohamed Hany\Desktop\ادارة المهام\backend\node_modules\express\lib\router\index.js:346:12)
    at next (C:\Users\Mohamed Hany\Desktop\ادارة المهام\backend\node_modules\express\lib\router\index.js:280:10)
    at requestLogger (C:\Users\Mohamed Hany\Desktop\ادارة المهام\backend\src\middleware\requestLogger.ts:6:3)
    at Layer.handle [as handle_request] (C:\Users\Mohamed Hany\Desktop\ادارة المهام\backend\node_modules\express\lib\router\layer.js:95:5)
    at trim_prefix (C:\Users\Mohamed Hany\Desktop\ادارة المهام\backend\node_modules\express\lib\router\index.js:328:13)
    at C:\Users\Mohamed Hany\Desktop\ادارة المهام\backend\node_modules\express\lib\router\index.js:286:9
    at Function.process_params (C:\Users\Mohamed Hany\Desktop\ادارة المهام\backend\node_modules\express\lib\router\index.js:346:12)
    at next (C:\Users\Mohamed Hany\Desktop\ادارة المهام\backend\node_modules\express\lib\router\index.js:280:10)
    at urlencodedParser (C:\Users\Mohamed Hany\Desktop\ادارة المهام\backend\node_modules\body-parser\lib\types\urlencoded.js:91:7)
    at Layer.handle [as handle_request] (C:\Users\Mohamed Hany\Desktop\ادارة المهام\backend\node_modules\express\lib\router\layer.js:95:5)
    at trim_prefix (C:\Users\Mohamed Hany\Desktop\ادارة المهام\backend\node_modules\express\lib\router\index.js:328:13)
[2026-05-11 01:13:06] error: Error: No token provided
    at authenticate (C:\Users\Mohamed Hany\Desktop\ادارة المهام\backend\src\middleware\auth.ts:24:13)
    at Layer.handle [as handle_request] (C:\Users\Mohamed Hany\Desktop\ادارة المهام\backend\node_modules\express\lib\router\layer.js:95:5)
    at trim_prefix (C:\Users\Mohamed Hany\Desktop\ادارة المهام\backend\node_modules\express\lib\router\index.js:328:13)
    at C:\Users\Mohamed Hany\Desktop\ادارة المهام\backend\node_modules\express\lib\router\index.js:286:9
    at Function.process_params (C:\Users\Mohamed Hany\Desktop\ادارة المهام\backend\node_modules\express\lib\router\index.js:346:12)
    at next (C:\Users\Mohamed Hany\Desktop\ادارة المهام\backend\node_modules\express\lib\router\index.js:280:10)
    at Function.handle (C:\Users\Mohamed Hany\Desktop\ادارة المهام\backend\node_modules\express\lib\router\index.js:175:3)
    at router (C:\Users\Mohamed Hany\Desktop\ادارة المهام\backend\node_modules\express\lib\router\index.js:47:12)
    at Layer.handle [as handle_request] (C:\Users\Mohamed Hany\Desktop\ادارة المهام\backend\node_modules\express\lib\router\layer.js:95:5)
    at trim_prefix (C:\Users\Mohamed Hany\Desktop\ادارة المهام\backend\node_modules\express\lib\router\index.js:328:13)
    at C:\Users\Mohamed Hany\Desktop\ادارة المهام\backend\node_modules\express\lib\router\index.js:286:9
    at Function.process_params (C:\Users\Mohamed Hany\Desktop\ادارة المهام\backend\node_modules\express\lib\router\index.js:346:12)
    at next (C:\Users\Mohamed Hany\Desktop\ادارة المهام\backend\node_modules\express\lib\router\index.js:280:10)
    at requestLogger (C:\Users\Mohamed Hany\Desktop\ادارة المهام\backend\src\middleware\requestLogger.ts:6:3)
    at Layer.handle [as handle_request] (C:\Users\Mohamed Hany\Desktop\ادارة المهام\backend\node_modules\express\lib\router\layer.js:95:5)
    at trim_prefix (C:\Users\Mohamed Hany\Desktop\ادارة المهام\backend\node_modules\express\lib\router\index.js:328:13)
    at C:\Users\Mohamed Hany\Desktop\ادارة المهام\backend\node_modules\express\lib\router\index.js:286:9
    at Function.process_params (C:\Users\Mohamed Hany\Desktop\ادارة المهام\backend\node_modules\express\lib\router\index.js:346:12)
    at next (C:\Users\Mohamed Hany\Desktop\ادارة المهام\backend\node_modules\express\lib\router\index.js:280:10)
    at urlencodedParser (C:\Users\Mohamed Hany\Desktop\ادارة المهام\backend\node_modules\body-parser\lib\types\urlencoded.js:91:7)
    at Layer.handle [as handle_request] (C:\Users\Mohamed Hany\Desktop\ادارة المهام\backend\node_modules\express\lib\router\layer.js:95:5)
    at trim_prefix (C:\Users\Mohamed Hany\Desktop\ادارة المهام\backend\node_modules\express\lib\router\index.js:328:13)
[2026-05-11 01:13:06] error: Error: No token provided
    at authenticate (C:\Users\Mohamed Hany\Desktop\ادارة المهام\backend\src\middleware\auth.ts:24:13)
    at Layer.handle [as handle_request] (C:\Users\Mohamed Hany\Desktop\ادارة المهام\backend\node_modules\express\lib\router\layer.js:95:5)
    at trim_prefix (C:\Users\Mohamed Hany\Desktop\ادارة المهام\backend\node_modules\express\lib\router\index.js:328:13)
    at C:\Users\Mohamed Hany\Desktop\ادارة المهام\backend\node_modules\express\lib\router\index.js:286:9
    at Function.process_params (C:\Users\Mohamed Hany\Desktop\ادارة المهام\backend\node_modules\express\lib\router\index.js:346:12)
    at next (C:\Users\Mohamed Hany\Desktop\ادارة المهام\backend\node_modules\express\lib\router\index.js:280:10)
    at Function.handle (C:\Users\Mohamed Hany\Desktop\ادارة المهام\backend\node_modules\express\lib\router\index.js:175:3)
    at router (C:\Users\Mohamed Hany\Desktop\ادارة المهام\backend\node_modules\express\lib\router\index.js:47:12)
    at Layer.handle [as handle_request] (C:\Users\Mohamed Hany\Desktop\ادارة المهام\backend\node_modules\express\lib\router\layer.js:95:5)
    at trim_prefix (C:\Users\Mohamed Hany\Desktop\ادارة المهام\backend\node_modules\express\lib\router\index.js:328:13)
    at C:\Users\Mohamed Hany\Desktop\ادارة المهام\backend\node_modules\express\lib\router\index.js:286:9
    at Function.process_params (C:\Users\Mohamed Hany\Desktop\ادارة المهام\backend\node_modules\express\lib\router\index.js:346:12)
    at next (C:\Users\Mohamed Hany\Desktop\ادارة المهام\backend\node_modules\express\lib\router\index.js:280:10)
    at requestLogger (C:\Users\Mohamed Hany\Desktop\ادارة المهام\backend\src\middleware\requestLogger.ts:6:3)
    at Layer.handle [as handle_request] (C:\Users\Mohamed Hany\Desktop\ادارة المهام\backend\node_modules\express\lib\router\layer.js:95:5)
    at trim_prefix (C:\Users\Mohamed Hany\Desktop\ادارة المهام\backend\node_modules\express\lib\router\index.js:328:13)
    at C:\Users\Mohamed Hany\Desktop\ادارة المهام\backend\node_modules\express\lib\router\index.js:286:9
    at Function.process_params (C:\Users\Mohamed Hany\Desktop\ادارة المهام\backend\node_modules\express\lib\router\index.js:346:12)
    at next (C:\Users\Mohamed Hany\Desktop\ادارة المهام\backend\node_modules\express\lib\router\index.js:280:10)
    at urlencodedParser (C:\Users\Mohamed Hany\Desktop\ادارة المهام\backend\node_modules\body-parser\lib\types\urlencoded.js:91:7)
    at Layer.handle [as handle_request] (C:\Users\Mohamed Hany\Desktop\ادارة المهام\backend\node_modules\express\lib\router\layer.js:95:5)
    at trim_prefix (C:\Users\Mohamed Hany\Desktop\ادارة المهام\backend\node_modules\express\lib\router\index.js:328:13)
[2026-05-11 01:13:06] error: Error: No token provided
    at authenticate (C:\Users\Mohamed Hany\Desktop\ادارة المهام\backend\src\middleware\auth.ts:24:13)
    at Layer.handle [as handle_request] (C:\Users\Mohamed Hany\Desktop\ادارة المهام\backend\node_modules\express\lib\router\layer.js:95:5)
    at trim_prefix (C:\Users\Mohamed Hany\Desktop\ادارة المهام\backend\node_modules\express\lib\router\index.js:328:13)
    at C:\Users\Mohamed Hany\Desktop\ادارة المهام\backend\node_modules\express\lib\router\index.js:286:9
    at Function.process_params (C:\Users\Mohamed Hany\Desktop\ادارة المهام\backend\node_modules\express\lib\router\index.js:346:12)
    at next (C:\Users\Mohamed Hany\Desktop\ادارة المهام\backend\node_modules\express\lib\router\index.js:280:10)
    at Function.handle (C:\Users\Mohamed Hany\Desktop\ادارة المهام\backend\node_modules\express\lib\router\index.js:175:3)
    at router (C:\Users\Mohamed Hany\Desktop\ادارة المهام\backend\node_modules\express\lib\router\index.js:47:12)
    at Layer.handle [as handle_request] (C:\Users\Mohamed Hany\Desktop\ادارة المهام\backend\node_modules\express\lib\router\layer.js:95:5)
    at trim_prefix (C:\Users\Mohamed Hany\Desktop\ادارة المهام\backend\node_modules\express\lib\router\index.js:328:13)
    at C:\Users\Mohamed Hany\Desktop\ادارة المهام\backend\node_modules\express\lib\router\index.js:286:9
    at Function.process_params (C:\Users\Mohamed Hany\Desktop\ادارة المهام\backend\node_modules\express\lib\router\index.js:346:12)
    at next (C:\Users\Mohamed Hany\Desktop\ادارة المهام\backend\node_modules\express\lib\router\index.js:280:10)
    at requestLogger (C:\Users\Mohamed Hany\Desktop\ادارة المهام\backend\src\middleware\requestLogger.ts:6:3)
    at Layer.handle [as handle_request] (C:\Users\Mohamed Hany\Desktop\ادارة المهام\backend\node_modules\express\lib\router\layer.js:95:5)
    at trim_prefix (C:\Users\Mohamed Hany\Desktop\ادارة المهام\backend\node_modules\express\lib\router\index.js:328:13)
    at C:\Users\Mohamed Hany\Desktop\ادارة المهام\backend\node_modules\express\lib\router\index.js:286:9
    at Function.process_params (C:\Users\Mohamed Hany\Desktop\ادارة المهام\backend\node_modules\express\lib\router\index.js:346:12)
    at next (C:\Users\Mohamed Hany\Desktop\ادارة المهام\backend\node_modules\express\lib\router\index.js:280:10)
    at urlencodedParser (C:\Users\Mohamed Hany\Desktop\ادارة المهام\backend\node_modules\body-parser\lib\types\urlencoded.js:82:7)
    at Layer.handle [as handle_request] (C:\Users\Mohamed Hany\Desktop\ادارة المهام\backend\node_modules\express\lib\router\layer.js:95:5)
    at trim_prefix (C:\Users\Mohamed Hany\Desktop\ادارة المهام\backend\node_modules\express\lib\router\index.js:328:13)
[2026-05-11 01:13:06] error: Error: No token provided
    at authenticate (C:\Users\Mohamed Hany\Desktop\ادارة المهام\backend\src\middleware\auth.ts:24:13)
    at Layer.handle [as handle_request] (C:\Users\Mohamed Hany\Desktop\ادارة المهام\backend\node_modules\express\lib\router\layer.js:95:5)
    at trim_prefix (C:\Users\Mohamed Hany\Desktop\ادارة المهام\backend\node_modules\express\lib\router\index.js:328:13)
    at C:\Users\Mohamed Hany\Desktop\ادارة المهام\backend\node_modules\express\lib\router\index.js:286:9
    at Function.process_params (C:\Users\Mohamed Hany\Desktop\ادارة المهام\backend\node_modules\express\lib\router\index.js:346:12)
    at next (C:\Users\Mohamed Hany\Desktop\ادارة المهام\backend\node_modules\express\lib\router\index.js:280:10)
    at Function.handle (C:\Users\Mohamed Hany\Desktop\ادارة المهام\backend\node_modules\express\lib\router\index.js:175:3)
    at router (C:\Users\Mohamed Hany\Desktop\ادارة المهام\backend\node_modules\express\lib\router\index.js:47:12)
    at Layer.handle [as handle_request] (C:\Users\Mohamed Hany\Desktop\ادارة المهام\backend\node_modules\express\lib\router\layer.js:95:5)
    at trim_prefix (C:\Users\Mohamed Hany\Desktop\ادارة المهام\backend\node_modules\express\lib\router\index.js:328:13)
    at C:\Users\Mohamed Hany\Desktop\ادارة المهام\backend\node_modules\express\lib\router\index.js:286:9
    at Function.process_params (C:\Users\Mohamed Hany\Desktop\ادارة المهام\backend\node_modules\express\lib\router\index.js:346:12)
    at next (C:\Users\Mohamed Hany\Desktop\ادارة المهام\backend\node_modules\express\lib\router\index.js:280:10)
    at requestLogger (C:\Users\Mohamed Hany\Desktop\ادارة المهام\backend\src\middleware\requestLogger.ts:6:3)
    at Layer.handle [as handle_request] (C:\Users\Mohamed Hany\Desktop\ادارة المهام\backend\node_modules\express\lib\router\layer.js:95:5)
    at trim_prefix (C:\Users\Mohamed Hany\Desktop\ادارة المهام\backend\node_modules\express\lib\router\index.js:328:13)
    at C:\Users\Mohamed Hany\Desktop\ادارة المهام\backend\node_modules\express\lib\router\index.js:286:9
    at Function.process_params (C:\Users\Mohamed Hany\Desktop\ادارة المهام\backend\node_modules\express\lib\router\index.js:346:12)
    at next (C:\Users\Mohamed Hany\Desktop\ادارة المهام\backend\node_modules\express\lib\router\index.js:280:10)
    at urlencodedParser (C:\Users\Mohamed Hany\Desktop\ادارة المهام\backend\node_modules\body-parser\lib\types\urlencoded.js:82:7)
    at Layer.handle [as handle_request] (C:\Users\Mohamed Hany\Desktop\ادارة المهام\backend\node_modules\express\lib\router\layer.js:95:5)
    at trim_prefix (C:\Users\Mohamed Hany\Desktop\ادارة المهام\backend\node_modules\express\lib\router\index.js:328:13)
[2026-05-11 01:13:32] error: Error: No token provided
    at authenticate (C:\Users\Mohamed Hany\Desktop\ادارة المهام\backend\src\middleware\auth.ts:24:13)
    at Layer.handle [as handle_request] (C:\Users\Mohamed Hany\Desktop\ادارة المهام\backend\node_modules\express\lib\router\layer.js:95:5)
    at trim_prefix (C:\Users\Mohamed Hany\Desktop\ادارة المهام\backend\node_modules\express\lib\router\index.js:328:13)
    at C:\Users\Mohamed Hany\Desktop\ادارة المهام\backend\node_modules\express\lib\router\index.js:286:9
    at Function.process_params (C:\Users\Mohamed Hany\Desktop\ادارة المهام\backend\node_modules\express\lib\router\index.js:346:12)
    at next (C:\Users\Mohamed Hany\Desktop\ادارة المهام\backend\node_modules\express\lib\router\index.js:280:10)
    at Function.handle (C:\Users\Mohamed Hany\Desktop\ادارة المهام\backend\node_modules\express\lib\router\index.js:175:3)
    at router (C:\Users\Mohamed Hany\Desktop\ادارة المهام\backend\node_modules\express\lib\router\index.js:47:12)
    at Layer.handle [as handle_request] (C:\Users\Mohamed Hany\Desktop\ادارة المهام\backend\node_modules\express\lib\router\layer.js:95:5)
    at trim_prefix (C:\Users\Mohamed Hany\Desktop\ادارة المهام\backend\node_modules\express\lib\router\index.js:328:13)
    at C:\Users\Mohamed Hany\Desktop\ادارة المهام\backend\node_modules\express\lib\router\index.js:286:9
    at Function.process_params (C:\Users\Mohamed Hany\Desktop\ادارة المهام\backend\node_modules\express\lib\router\index.js:346:12)
    at next (C:\Users\Mohamed Hany\Desktop\ادارة المهام\backend\node_modules\express\lib\router\index.js:280:10)
    at requestLogger (C:\Users\Mohamed Hany\Desktop\ادارة المهام\backend\src\middleware\requestLogger.ts:6:3)
    at Layer.handle [as handle_request] (C:\Users\Mohamed Hany\Desktop\ادارة المهام\backend\node_modules\express\lib\router\layer.js:95:5)
    at trim_prefix (C:\Users\Mohamed Hany\Desktop\ادارة المهام\backend\node_modules\express\lib\router\index.js:328:13)
    at C:\Users\Mohamed Hany\Desktop\ادارة المهام\backend\node_modules\express\lib\router\index.js:286:9
    at Function.process_params (C:\Users\Mohamed Hany\Desktop\ادارة المهام\backend\node_modules\express\lib\router\index.js:346:12)
    at next (C:\Users\Mohamed Hany\Desktop\ادارة المهام\backend\node_modules\express\lib\router\index.js:280:10)
    at urlencodedParser (C:\Users\Mohamed Hany\Desktop\ادارة المهام\backend\node_modules\body-parser\lib\types\urlencoded.js:82:7)
    at Layer.handle [as handle_request] (C:\Users\Mohamed Hany\Desktop\ادارة المهام\backend\node_modules\express\lib\router\layer.js:95:5)
    at trim_prefix (C:\Users\Mohamed Hany\Desktop\ادارة المهام\backend\node_modules\express\lib\router\index.js:328:13)
[2026-05-11 01:13:32] error: Error: No token provided
    at authenticate (C:\Users\Mohamed Hany\Desktop\ادارة المهام\backend\src\middleware\auth.ts:24:13)
    at Layer.handle [as handle_request] (C:\Users\Mohamed Hany\Desktop\ادارة المهام\backend\node_modules\express\lib\router\layer.js:95:5)
    at trim_prefix (C:\Users\Mohamed Hany\Desktop\ادارة المهام\backend\node_modules\express\lib\router\index.js:328:13)
    at C:\Users\Mohamed Hany\Desktop\ادارة المهام\backend\node_modules\express\lib\router\index.js:286:9
    at Function.process_params (C:\Users\Mohamed Hany\Desktop\ادارة المهام\backend\node_modules\express\lib\router\index.js:346:12)
    at next (C:\Users\Mohamed Hany\Desktop\ادارة المهام\backend\node_modules\express\lib\router\index.js:280:10)
    at Function.handle (C:\Users\Mohamed Hany\Desktop\ادارة المهام\backend\node_modules\express\lib\router\index.js:175:3)
    at router (C:\Users\Mohamed Hany\Desktop\ادارة المهام\backend\node_modules\express\lib\router\index.js:47:12)
    at Layer.handle [as handle_request] (C:\Users\Mohamed Hany\Desktop\ادارة المهام\backend\node_modules\express\lib\router\layer.js:95:5)
    at trim_prefix (C:\Users\Mohamed Hany\Desktop\ادارة المهام\backend\node_modules\express\lib\router\index.js:328:13)
    at C:\Users\Mohamed Hany\Desktop\ادارة المهام\backend\node_modules\express\lib\router\index.js:286:9
    at Function.process_params (C:\Users\Mohamed Hany\Desktop\ادارة المهام\backend\node_modules\express\lib\router\index.js:346:12)
    at next (C:\Users\Mohamed Hany\Desktop\ادارة المهام\backend\node_modules\express\lib\router\index.js:280:10)
    at requestLogger (C:\Users\Mohamed Hany\Desktop\ادارة المهام\backend\src\middleware\requestLogger.ts:6:3)
    at Layer.handle [as handle_request] (C:\Users\Mohamed Hany\Desktop\ادارة المهام\backend\node_modules\express\lib\router\layer.js:95:5)
    at trim_prefix (C:\Users\Mohamed Hany\Desktop\ادارة المهام\backend\node_modules\express\lib\router\index.js:328:13)
    at C:\Users\Mohamed Hany\Desktop\ادارة المهام\backend\node_modules\express\lib\router\index.js:286:9
    at Function.process_params (C:\Users\Mohamed Hany\Desktop\ادارة المهام\backend\node_modules\express\lib\router\index.js:346:12)
    at next (C:\Users\Mohamed Hany\Desktop\ادارة المهام\backend\node_modules\express\lib\router\index.js:280:10)
    at urlencodedParser (C:\Users\Mohamed Hany\Desktop\ادارة المهام\backend\node_modules\body-parser\lib\types\urlencoded.js:82:7)
    at Layer.handle [as handle_request] (C:\Users\Mohamed Hany\Desktop\ادارة المهام\backend\node_modules\express\lib\router\layer.js:95:5)
    at trim_prefix (C:\Users\Mohamed Hany\Desktop\ادارة المهام\backend\node_modules\express\lib\router\index.js:328:13)
[2026-05-11 01:13:32] error: Error: No token provided
    at authenticate (C:\Users\Mohamed Hany\Desktop\ادارة المهام\backend\src\middleware\auth.ts:24:13)
    at Layer.handle [as handle_request] (C:\Users\Mohamed Hany\Desktop\ادارة المهام\backend\node_modules\express\lib\router\layer.js:95:5)
    at trim_prefix (C:\Users\Mohamed Hany\Desktop\ادارة المهام\backend\node_modules\express\lib\router\index.js:328:13)
    at C:\Users\Mohamed Hany\Desktop\ادارة المهام\backend\node_modules\express\lib\router\index.js:286:9
    at Function.process_params (C:\Users\Mohamed Hany\Desktop\ادارة المهام\backend\node_modules\express\lib\router\index.js:346:12)
    at next (C:\Users\Mohamed Hany\Desktop\ادارة المهام\backend\node_modules\express\lib\router\index.js:280:10)
    at Function.handle (C:\Users\Mohamed Hany\Desktop\ادارة المهام\backend\node_modules\express\lib\router\index.js:175:3)
    at router (C:\Users\Mohamed Hany\Desktop\ادارة المهام\backend\node_modules\express\lib\router\index.js:47:12)
    at Layer.handle [as handle_request] (C:\Users\Mohamed Hany\Desktop\ادارة المهام\backend\node_modules\express\lib\router\layer.js:95:5)
    at trim_prefix (C:\Users\Mohamed Hany\Desktop\ادارة المهام\backend\node_modules\express\lib\router\index.js:328:13)
    at C:\Users\Mohamed Hany\Desktop\ادارة المهام\backend\node_modules\express\lib\router\index.js:286:9
    at Function.process_params (C:\Users\Mohamed Hany\Desktop\ادارة المهام\backend\node_modules\express\lib\router\index.js:346:12)
    at next (C:\Users\Mohamed Hany\Desktop\ادارة المهام\backend\node_modules\express\lib\router\index.js:280:10)
    at requestLogger (C:\Users\Mohamed Hany\Desktop\ادارة المهام\backend\src\middleware\requestLogger.ts:6:3)
    at Layer.handle [as handle_request] (C:\Users\Mohamed Hany\Desktop\ادارة المهام\backend\node_modules\express\lib\router\layer.js:95:5)
    at trim_prefix (C:\Users\Mohamed Hany\Desktop\ادارة المهام\backend\node_modules\express\lib\router\index.js:328:13)
    at C:\Users\Mohamed Hany\Desktop\ادارة المهام\backend\node_modules\express\lib\router\index.js:286:9
    at Function.process_params (C:\Users\Mohamed Hany\Desktop\ادارة المهام\backend\node_modules\express\lib\router\index.js:346:12)
    at next (C:\Users\Mohamed Hany\Desktop\ادارة المهام\backend\node_modules\express\lib\router\index.js:280:10)
    at urlencodedParser (C:\Users\Mohamed Hany\Desktop\ادارة المهام\backend\node_modules\body-parser\lib\types\urlencoded.js:91:7)
    at Layer.handle [as handle_request] (C:\Users\Mohamed Hany\Desktop\ادارة المهام\backend\node_modules\express\lib\router\layer.js:95:5)
    at trim_prefix (C:\Users\Mohamed Hany\Desktop\ادارة المهام\backend\node_modules\express\lib\router\index.js:328:13)
[2026-05-11 01:13:32] error: Error: No token provided
    at authenticate (C:\Users\Mohamed Hany\Desktop\ادارة المهام\backend\src\middleware\auth.ts:24:13)
    at Layer.handle [as handle_request] (C:\Users\Mohamed Hany\Desktop\ادارة المهام\backend\node_modules\express\lib\router\layer.js:95:5)
    at trim_prefix (C:\Users\Mohamed Hany\Desktop\ادارة المهام\backend\node_modules\express\lib\router\index.js:328:13)
    at C:\Users\Mohamed Hany\Desktop\ادارة المهام\backend\node_modules\express\lib\router\index.js:286:9
    at Function.process_params (C:\Users\Mohamed Hany\Desktop\ادارة المهام\backend\node_modules\express\lib\router\index.js:346:12)
    at next (C:\Users\Mohamed Hany\Desktop\ادارة المهام\backend\node_modules\express\lib\router\index.js:280:10)
    at Function.handle (C:\Users\Mohamed Hany\Desktop\ادارة المهام\backend\node_modules\express\lib\router\index.js:175:3)
    at router (C:\Users\Mohamed Hany\Desktop\ادارة المهام\backend\node_modules\express\lib\router\index.js:47:12)
    at Layer.handle [as handle_request] (C:\Users\Mohamed Hany\Desktop\ادارة المهام\backend\node_modules\express\lib\router\layer.js:95:5)
    at trim_prefix (C:\Users\Mohamed Hany\Desktop\ادارة المهام\backend\node_modules\express\lib\router\index.js:328:13)
    at C:\Users\Mohamed Hany\Desktop\ادارة المهام\backend\node_modules\express\lib\router\index.js:286:9
    at Function.process_params (C:\Users\Mohamed Hany\Desktop\ادارة المهام\backend\node_modules\express\lib\router\index.js:346:12)
    at next (C:\Users\Mohamed Hany\Desktop\ادارة المهام\backend\node_modules\express\lib\router\index.js:280:10)
    at requestLogger (C:\Users\Mohamed Hany\Desktop\ادارة المهام\backend\src\middleware\requestLogger.ts:6:3)
    at Layer.handle [as handle_request] (C:\Users\Mohamed Hany\Desktop\ادارة المهام\backend\node_modules\express\lib\router\layer.js:95:5)
    at trim_prefix (C:\Users\Mohamed Hany\Desktop\ادارة المهام\backend\node_modules\express\lib\router\index.js:328:13)
    at C:\Users\Mohamed Hany\Desktop\ادارة المهام\backend\node_modules\express\lib\router\index.js:286:9
    at Function.process_params (C:\Users\Mohamed Hany\Desktop\ادارة المهام\backend\node_modules\express\lib\router\index.js:346:12)
    at next (C:\Users\Mohamed Hany\Desktop\ادارة المهام\backend\node_modules\express\lib\router\index.js:280:10)
    at urlencodedParser (C:\Users\Mohamed Hany\Desktop\ادارة المهام\backend\node_modules\body-parser\lib\types\urlencoded.js:82:7)
    at Layer.handle [as handle_request] (C:\Users\Mohamed Hany\Desktop\ادارة المهام\backend\node_modules\express\lib\router\layer.js:95:5)
    at trim_prefix (C:\Users\Mohamed Hany\Desktop\ادارة المهام\backend\node_modules\express\lib\router\index.js:328:13)
[2026-05-11 01:13:32] error: Error: No token provided
    at authenticate (C:\Users\Mohamed Hany\Desktop\ادارة المهام\backend\src\middleware\auth.ts:24:13)
    at Layer.handle [as handle_request] (C:\Users\Mohamed Hany\Desktop\ادارة المهام\backend\node_modules\express\lib\router\layer.js:95:5)
    at trim_prefix (C:\Users\Mohamed Hany\Desktop\ادارة المهام\backend\node_modules\express\lib\router\index.js:328:13)
    at C:\Users\Mohamed Hany\Desktop\ادارة المهام\backend\node_modules\express\lib\router\index.js:286:9
    at Function.process_params (C:\Users\Mohamed Hany\Desktop\ادارة المهام\backend\node_modules\express\lib\router\index.js:346:12)
    at next (C:\Users\Mohamed Hany\Desktop\ادارة المهام\backend\node_modules\express\lib\router\index.js:280:10)
    at Function.handle (C:\Users\Mohamed Hany\Desktop\ادارة المهام\backend\node_modules\express\lib\router\index.js:175:3)
    at router (C:\Users\Mohamed Hany\Desktop\ادارة المهام\backend\node_modules\express\lib\router\index.js:47:12)
    at Layer.handle [as handle_request] (C:\Users\Mohamed Hany\Desktop\ادارة المهام\backend\node_modules\express\lib\router\layer.js:95:5)
    at trim_prefix (C:\Users\Mohamed Hany\Desktop\ادارة المهام\backend\node_modules\express\lib\router\index.js:328:13)
    at C:\Users\Mohamed Hany\Desktop\ادارة المهام\backend\node_modules\express\lib\router\index.js:286:9
    at Function.process_params (C:\Users\Mohamed Hany\Desktop\ادارة المهام\backend\node_modules\express\lib\router\index.js:346:12)
    at next (C:\Users\Mohamed Hany\Desktop\ادارة المهام\backend\node_modules\express\lib\router\index.js:280:10)
    at requestLogger (C:\Users\Mohamed Hany\Desktop\ادارة المهام\backend\src\middleware\requestLogger.ts:6:3)
    at Layer.handle [as handle_request] (C:\Users\Mohamed Hany\Desktop\ادارة المهام\backend\node_modules\express\lib\router\layer.js:95:5)
    at trim_prefix (C:\Users\Mohamed Hany\Desktop\ادارة المهام\backend\node_modules\express\lib\router\index.js:328:13)
    at C:\Users\Mohamed Hany\Desktop\ادارة المهام\backend\node_modules\express\lib\router\index.js:286:9
    at Function.process_params (C:\Users\Mohamed Hany\Desktop\ادارة المهام\backend\node_modules\express\lib\router\index.js:346:12)
    at next (C:\Users\Mohamed Hany\Desktop\ادارة المهام\backend\node_modules\express\lib\router\index.js:280:10)
    at urlencodedParser (C:\Users\Mohamed Hany\Desktop\ادارة المهام\backend\node_modules\body-parser\lib\types\urlencoded.js:82:7)
    at Layer.handle [as handle_request] (C:\Users\Mohamed Hany\Desktop\ادارة المهام\backend\node_modules\express\lib\router\layer.js:95:5)
    at trim_prefix (C:\Users\Mohamed Hany\Desktop\ادارة المهام\backend\node_modules\express\lib\router\index.js:328:13)
[2026-05-11 01:13:32] error: Error: No token provided
    at authenticate (C:\Users\Mohamed Hany\Desktop\ادارة المهام\backend\src\middleware\auth.ts:24:13)
    at Layer.handle [as handle_request] (C:\Users\Mohamed Hany\Desktop\ادارة المهام\backend\node_modules\express\lib\router\layer.js:95:5)
    at trim_prefix (C:\Users\Mohamed Hany\Desktop\ادارة المهام\backend\node_modules\express\lib\router\index.js:328:13)
    at C:\Users\Mohamed Hany\Desktop\ادارة المهام\backend\node_modules\express\lib\router\index.js:286:9
    at Function.process_params (C:\Users\Mohamed Hany\Desktop\ادارة المهام\backend\node_modules\express\lib\router\index.js:346:12)
    at next (C:\Users\Mohamed Hany\Desktop\ادارة المهام\backend\node_modules\express\lib\router\index.js:280:10)
    at Function.handle (C:\Users\Mohamed Hany\Desktop\ادارة المهام\backend\node_modules\express\lib\router\index.js:175:3)
    at router (C:\Users\Mohamed Hany\Desktop\ادارة المهام\backend\node_modules\express\lib\router\index.js:47:12)
    at Layer.handle [as handle_request] (C:\Users\Mohamed Hany\Desktop\ادارة المهام\backend\node_modules\express\lib\router\layer.js:95:5)
    at trim_prefix (C:\Users\Mohamed Hany\Desktop\ادارة المهام\backend\node_modules\express\lib\router\index.js:328:13)
    at C:\Users\Mohamed Hany\Desktop\ادارة المهام\backend\node_modules\express\lib\router\index.js:286:9
    at Function.process_params (C:\Users\Mohamed Hany\Desktop\ادارة المهام\backend\node_modules\express\lib\router\index.js:346:12)
    at next (C:\Users\Mohamed Hany\Desktop\ادارة المهام\backend\node_modules\express\lib\router\index.js:280:10)
    at requestLogger (C:\Users\Mohamed Hany\Desktop\ادارة المهام\backend\src\middleware\requestLogger.ts:6:3)
    at Layer.handle [as handle_request] (C:\Users\Mohamed Hany\Desktop\ادارة المهام\backend\node_modules\express\lib\router\layer.js:95:5)
    at trim_prefix (C:\Users\Mohamed Hany\Desktop\ادارة المهام\backend\node_modules\express\lib\router\index.js:328:13)
    at C:\Users\Mohamed Hany\Desktop\ادارة المهام\backend\node_modules\express\lib\router\index.js:286:9
    at Function.process_params (C:\Users\Mohamed Hany\Desktop\ادارة المهام\backend\node_modules\express\lib\router\index.js:346:12)
    at next (C:\Users\Mohamed Hany\Desktop\ادارة المهام\backend\node_modules\express\lib\router\index.js:280:10)
    at urlencodedParser (C:\Users\Mohamed Hany\Desktop\ادارة المهام\backend\node_modules\body-parser\lib\types\urlencoded.js:82:7)
    at Layer.handle [as handle_request] (C:\Users\Mohamed Hany\Desktop\ادارة المهام\backend\node_modules\express\lib\router\layer.js:95:5)
    at trim_prefix (C:\Users\Mohamed Hany\Desktop\ادارة المهام\backend\node_modules\express\lib\router\index.js:328:13)
[2026-05-11 01:13:32] error: Error: No token provided
    at authenticate (C:\Users\Mohamed Hany\Desktop\ادارة المهام\backend\src\middleware\auth.ts:24:13)
    at Layer.handle [as handle_request] (C:\Users\Mohamed Hany\Desktop\ادارة المهام\backend\node_modules\express\lib\router\layer.js:95:5)
    at trim_prefix (C:\Users\Mohamed Hany\Desktop\ادارة المهام\backend\node_modules\express\lib\router\index.js:328:13)
    at C:\Users\Mohamed Hany\Desktop\ادارة المهام\backend\node_modules\express\lib\router\index.js:286:9
    at Function.process_params (C:\Users\Mohamed Hany\Desktop\ادارة المهام\backend\node_modules\express\lib\router\index.js:346:12)
    at next (C:\Users\Mohamed Hany\Desktop\ادارة المهام\backend\node_modules\express\lib\router\index.js:280:10)
    at Function.handle (C:\Users\Mohamed Hany\Desktop\ادارة المهام\backend\node_modules\express\lib\router\index.js:175:3)
    at router (C:\Users\Mohamed Hany\Desktop\ادارة المهام\backend\node_modules\express\lib\router\index.js:47:12)
    at Layer.handle [as handle_request] (C:\Users\Mohamed Hany\Desktop\ادارة المهام\backend\node_modules\express\lib\router\layer.js:95:5)
    at trim_prefix (C:\Users\Mohamed Hany\Desktop\ادارة المهام\backend\node_modules\express\lib\router\index.js:328:13)
    at C:\Users\Mohamed Hany\Desktop\ادارة المهام\backend\node_modules\express\lib\router\index.js:286:9
    at Function.process_params (C:\Users\Mohamed Hany\Desktop\ادارة المهام\backend\node_modules\express\lib\router\index.js:346:12)
    at next (C:\Users\Mohamed Hany\Desktop\ادارة المهام\backend\node_modules\express\lib\router\index.js:280:10)
    at requestLogger (C:\Users\Mohamed Hany\Desktop\ادارة المهام\backend\src\middleware\requestLogger.ts:6:3)
    at Layer.handle [as handle_request] (C:\Users\Mohamed Hany\Desktop\ادارة المهام\backend\node_modules\express\lib\router\layer.js:95:5)
    at trim_prefix (C:\Users\Mohamed Hany\Desktop\ادارة المهام\backend\node_modules\express\lib\router\index.js:328:13)
    at C:\Users\Mohamed Hany\Desktop\ادارة المهام\backend\node_modules\express\lib\router\index.js:286:9
    at Function.process_params (C:\Users\Mohamed Hany\Desktop\ادارة المهام\backend\node_modules\express\lib\router\index.js:346:12)
    at next (C:\Users\Mohamed Hany\Desktop\ادارة المهام\backend\node_modules\express\lib\router\index.js:280:10)
    at urlencodedParser (C:\Users\Mohamed Hany\Desktop\ادارة المهام\backend\node_modules\body-parser\lib\types\urlencoded.js:82:7)
    at Layer.handle [as handle_request] (C:\Users\Mohamed Hany\Desktop\ادارة المهام\backend\node_modules\express\lib\router\layer.js:95:5)
    at trim_prefix (C:\Users\Mohamed Hany\Desktop\ادارة المهام\backend\node_modules\express\lib\router\index.js:328:13)
[2026-05-11 01:13:32] error: Error: No token provided
    at authenticate (C:\Users\Mohamed Hany\Desktop\ادارة المهام\backend\src\middleware\auth.ts:24:13)
    at Layer.handle [as handle_request] (C:\Users\Mohamed Hany\Desktop\ادارة المهام\backend\node_modules\express\lib\router\layer.js:95:5)
    at trim_prefix (C:\Users\Mohamed Hany\Desktop\ادارة المهام\backend\node_modules\express\lib\router\index.js:328:13)
    at C:\Users\Mohamed Hany\Desktop\ادارة المهام\backend\node_modules\express\lib\router\index.js:286:9
    at Function.process_params (C:\Users\Mohamed Hany\Desktop\ادارة المهام\backend\node_modules\express\lib\router\index.js:346:12)
    at next (C:\Users\Mohamed Hany\Desktop\ادارة المهام\backend\node_modules\express\lib\router\index.js:280:10)
    at Function.handle (C:\Users\Mohamed Hany\Desktop\ادارة المهام\backend\node_modules\express\lib\router\index.js:175:3)
    at router (C:\Users\Mohamed Hany\Desktop\ادارة المهام\backend\node_modules\express\lib\router\index.js:47:12)
    at Layer.handle [as handle_request] (C:\Users\Mohamed Hany\Desktop\ادارة المهام\backend\node_modules\express\lib\router\layer.js:95:5)
    at trim_prefix (C:\Users\Mohamed Hany\Desktop\ادارة المهام\backend\node_modules\express\lib\router\index.js:328:13)
    at C:\Users\Mohamed Hany\Desktop\ادارة المهام\backend\node_modules\express\lib\router\index.js:286:9
    at Function.process_params (C:\Users\Mohamed Hany\Desktop\ادارة المهام\backend\node_modules\express\lib\router\index.js:346:12)
    at next (C:\Users\Mohamed Hany\Desktop\ادارة المهام\backend\node_modules\express\lib\router\index.js:280:10)
    at requestLogger (C:\Users\Mohamed Hany\Desktop\ادارة المهام\backend\src\middleware\requestLogger.ts:6:3)
    at Layer.handle [as handle_request] (C:\Users\Mohamed Hany\Desktop\ادارة المهام\backend\node_modules\express\lib\router\layer.js:95:5)
    at trim_prefix (C:\Users\Mohamed Hany\Desktop\ادارة المهام\backend\node_modules\express\lib\router\index.js:328:13)
    at C:\Users\Mohamed Hany\Desktop\ادارة المهام\backend\node_modules\express\lib\router\index.js:286:9
    at Function.process_params (C:\Users\Mohamed Hany\Desktop\ادارة المهام\backend\node_modules\express\lib\router\index.js:346:12)
    at next (C:\Users\Mohamed Hany\Desktop\ادارة المهام\backend\node_modules\express\lib\router\index.js:280:10)
    at urlencodedParser (C:\Users\Mohamed Hany\Desktop\ادارة المهام\backend\node_modules\body-parser\lib\types\urlencoded.js:82:7)
    at Layer.handle [as handle_request] (C:\Users\Mohamed Hany\Desktop\ادارة المهام\backend\node_modules\express\lib\router\layer.js:95:5)
    at trim_prefix (C:\Users\Mohamed Hany\Desktop\ادارة المهام\backend\node_modules\express\lib\router\index.js:328:13)
[2026-05-11 01:13:32] error: Error: No token provided
    at authenticate (C:\Users\Mohamed Hany\Desktop\ادارة المهام\backend\src\middleware\auth.ts:24:13)
    at Layer.handle [as handle_request] (C:\Users\Mohamed Hany\Desktop\ادارة المهام\backend\node_modules\express\lib\router\layer.js:95:5)
    at trim_prefix (C:\Users\Mohamed Hany\Desktop\ادارة المهام\backend\node_modules\express\lib\router\index.js:328:13)
    at C:\Users\Mohamed Hany\Desktop\ادارة المهام\backend\node_modules\express\lib\router\index.js:286:9
    at Function.process_params (C:\Users\Mohamed Hany\Desktop\ادارة المهام\backend\node_modules\express\lib\router\index.js:346:12)
    at next (C:\Users\Mohamed Hany\Desktop\ادارة المهام\backend\node_modules\express\lib\router\index.js:280:10)
    at Function.handle (C:\Users\Mohamed Hany\Desktop\ادارة المهام\backend\node_modules\express\lib\router\index.js:175:3)
    at router (C:\Users\Mohamed Hany\Desktop\ادارة المهام\backend\node_modules\express\lib\router\index.js:47:12)
    at Layer.handle [as handle_request] (C:\Users\Mohamed Hany\Desktop\ادارة المهام\backend\node_modules\express\lib\router\layer.js:95:5)
    at trim_prefix (C:\Users\Mohamed Hany\Desktop\ادارة المهام\backend\node_modules\express\lib\router\index.js:328:13)
    at C:\Users\Mohamed Hany\Desktop\ادارة المهام\backend\node_modules\express\lib\router\index.js:286:9
    at Function.process_params (C:\Users\Mohamed Hany\Desktop\ادارة المهام\backend\node_modules\express\lib\router\index.js:346:12)
    at next (C:\Users\Mohamed Hany\Desktop\ادارة المهام\backend\node_modules\express\lib\router\index.js:280:10)
    at requestLogger (C:\Users\Mohamed Hany\Desktop\ادارة المهام\backend\src\middleware\requestLogger.ts:6:3)
    at Layer.handle [as handle_request] (C:\Users\Mohamed Hany\Desktop\ادارة المهام\backend\node_modules\express\lib\router\layer.js:95:5)
    at trim_prefix (C:\Users\Mohamed Hany\Desktop\ادارة المهام\backend\node_modules\express\lib\router\index.js:328:13)
    at C:\Users\Mohamed Hany\Desktop\ادارة المهام\backend\node_modules\express\lib\router\index.js:286:9
    at Function.process_params (C:\Users\Mohamed Hany\Desktop\ادارة المهام\backend\node_modules\express\lib\router\index.js:346:12)
    at next (C:\Users\Mohamed Hany\Desktop\ادارة المهام\backend\node_modules\express\lib\router\index.js:280:10)
    at urlencodedParser (C:\Users\Mohamed Hany\Desktop\ادارة المهام\backend\node_modules\body-parser\lib\types\urlencoded.js:82:7)
    at Layer.handle [as handle_request] (C:\Users\Mohamed Hany\Desktop\ادارة المهام\backend\node_modules\express\lib\router\layer.js:95:5)
    at trim_prefix (C:\Users\Mohamed Hany\Desktop\ادارة المهام\backend\node_modules\express\lib\router\index.js:328:13)
[2026-05-11 01:13:32] error: Error: No token provided
    at authenticate (C:\Users\Mohamed Hany\Desktop\ادارة المهام\backend\src\middleware\auth.ts:24:13)
    at Layer.handle [as handle_request] (C:\Users\Mohamed Hany\Desktop\ادارة المهام\backend\node_modules\express\lib\router\layer.js:95:5)
    at trim_prefix (C:\Users\Mohamed Hany\Desktop\ادارة المهام\backend\node_modules\express\lib\router\index.js:328:13)
    at C:\Users\Mohamed Hany\Desktop\ادارة المهام\backend\node_modules\express\lib\router\index.js:286:9
    at Function.process_params (C:\Users\Mohamed Hany\Desktop\ادارة المهام\backend\node_modules\express\lib\router\index.js:346:12)
    at next (C:\Users\Mohamed Hany\Desktop\ادارة المهام\backend\node_modules\express\lib\router\index.js:280:10)
    at Function.handle (C:\Users\Mohamed Hany\Desktop\ادارة المهام\backend\node_modules\express\lib\router\index.js:175:3)
    at router (C:\Users\Mohamed Hany\Desktop\ادارة المهام\backend\node_modules\express\lib\router\index.js:47:12)
    at Layer.handle [as handle_request] (C:\Users\Mohamed Hany\Desktop\ادارة المهام\backend\node_modules\express\lib\router\layer.js:95:5)
    at trim_prefix (C:\Users\Mohamed Hany\Desktop\ادارة المهام\backend\node_modules\express\lib\router\index.js:328:13)
    at C:\Users\Mohamed Hany\Desktop\ادارة المهام\backend\node_modules\express\lib\router\index.js:286:9
    at Function.process_params (C:\Users\Mohamed Hany\Desktop\ادارة المهام\backend\node_modules\express\lib\router\index.js:346:12)
    at next (C:\Users\Mohamed Hany\Desktop\ادارة المهام\backend\node_modules\express\lib\router\index.js:280:10)
    at requestLogger (C:\Users\Mohamed Hany\Desktop\ادارة المهام\backend\src\middleware\requestLogger.ts:6:3)
    at Layer.handle [as handle_request] (C:\Users\Mohamed Hany\Desktop\ادارة المهام\backend\node_modules\express\lib\router\layer.js:95:5)
    at trim_prefix (C:\Users\Mohamed Hany\Desktop\ادارة المهام\backend\node_modules\express\lib\router\index.js:328:13)
    at C:\Users\Mohamed Hany\Desktop\ادارة المهام\backend\node_modules\express\lib\router\index.js:286:9
    at Function.process_params (C:\Users\Mohamed Hany\Desktop\ادارة المهام\backend\node_modules\express\lib\router\index.js:346:12)
    at next (C:\Users\Mohamed Hany\Desktop\ادارة المهام\backend\node_modules\express\lib\router\index.js:280:10)
    at urlencodedParser (C:\Users\Mohamed Hany\Desktop\ادارة المهام\backend\node_modules\body-parser\lib\types\urlencoded.js:82:7)
    at Layer.handle [as handle_request] (C:\Users\Mohamed Hany\Desktop\ادارة المهام\backend\node_modules\express\lib\router\layer.js:95:5)
    at trim_prefix (C:\Users\Mohamed Hany\Desktop\ادارة المهام\backend\node_modules\express\lib\router\index.js:328:13)
[2026-05-11 01:13:32] error: Error: No token provided
    at authenticate (C:\Users\Mohamed Hany\Desktop\ادارة المهام\backend\src\middleware\auth.ts:24:13)
    at Layer.handle [as handle_request] (C:\Users\Mohamed Hany\Desktop\ادارة المهام\backend\node_modules\express\lib\router\layer.js:95:5)
    at trim_prefix (C:\Users\Mohamed Hany\Desktop\ادارة المهام\backend\node_modules\express\lib\router\index.js:328:13)
    at C:\Users\Mohamed Hany\Desktop\ادارة المهام\backend\node_modules\express\lib\router\index.js:286:9
    at Function.process_params (C:\Users\Mohamed Hany\Desktop\ادارة المهام\backend\node_modules\express\lib\router\index.js:346:12)
    at next (C:\Users\Mohamed Hany\Desktop\ادارة المهام\backend\node_modules\express\lib\router\index.js:280:10)
    at Function.handle (C:\Users\Mohamed Hany\Desktop\ادارة المهام\backend\node_modules\express\lib\router\index.js:175:3)
    at router (C:\Users\Mohamed Hany\Desktop\ادارة المهام\backend\node_modules\express\lib\router\index.js:47:12)
    at Layer.handle [as handle_request] (C:\Users\Mohamed Hany\Desktop\ادارة المهام\backend\node_modules\express\lib\router\layer.js:95:5)
    at trim_prefix (C:\Users\Mohamed Hany\Desktop\ادارة المهام\backend\node_modules\express\lib\router\index.js:328:13)
    at C:\Users\Mohamed Hany\Desktop\ادارة المهام\backend\node_modules\express\lib\router\index.js:286:9
    at Function.process_params (C:\Users\Mohamed Hany\Desktop\ادارة المهام\backend\node_modules\express\lib\router\index.js:346:12)
    at next (C:\Users\Mohamed Hany\Desktop\ادارة المهام\backend\node_modules\express\lib\router\index.js:280:10)
    at requestLogger (C:\Users\Mohamed Hany\Desktop\ادارة المهام\backend\src\middleware\requestLogger.ts:6:3)
    at Layer.handle [as handle_request] (C:\Users\Mohamed Hany\Desktop\ادارة المهام\backend\node_modules\express\lib\router\layer.js:95:5)
    at trim_prefix (C:\Users\Mohamed Hany\Desktop\ادارة المهام\backend\node_modules\express\lib\router\index.js:328:13)
    at C:\Users\Mohamed Hany\Desktop\ادارة المهام\backend\node_modules\express\lib\router\index.js:286:9
    at Function.process_params (C:\Users\Mohamed Hany\Desktop\ادارة المهام\backend\node_modules\express\lib\router\index.js:346:12)
    at next (C:\Users\Mohamed Hany\Desktop\ادارة المهام\backend\node_modules\express\lib\router\index.js:280:10)
    at urlencodedParser (C:\Users\Mohamed Hany\Desktop\ادارة المهام\backend\node_modules\body-parser\lib\types\urlencoded.js:82:7)
    at Layer.handle [as handle_request] (C:\Users\Mohamed Hany\Desktop\ادارة المهام\backend\node_modules\express\lib\router\layer.js:95:5)
    at trim_prefix (C:\Users\Mohamed Hany\Desktop\ادارة المهام\backend\node_modules\express\lib\router\index.js:328:13)
[2026-05-11 01:13:32] error: Error: No token provided
    at authenticate (C:\Users\Mohamed Hany\Desktop\ادارة المهام\backend\src\middleware\auth.ts:24:13)
    at Layer.handle [as handle_request] (C:\Users\Mohamed Hany\Desktop\ادارة المهام\backend\node_modules\express\lib\router\layer.js:95:5)
    at trim_prefix (C:\Users\Mohamed Hany\Desktop\ادارة المهام\backend\node_modules\express\lib\router\index.js:328:13)
    at C:\Users\Mohamed Hany\Desktop\ادارة المهام\backend\node_modules\express\lib\router\index.js:286:9
    at Function.process_params (C:\Users\Mohamed Hany\Desktop\ادارة المهام\backend\node_modules\express\lib\router\index.js:346:12)
    at next (C:\Users\Mohamed Hany\Desktop\ادارة المهام\backend\node_modules\express\lib\router\index.js:280:10)
    at Function.handle (C:\Users\Mohamed Hany\Desktop\ادارة المهام\backend\node_modules\express\lib\router\index.js:175:3)
    at router (C:\Users\Mohamed Hany\Desktop\ادارة المهام\backend\node_modules\express\lib\router\index.js:47:12)
    at Layer.handle [as handle_request] (C:\Users\Mohamed Hany\Desktop\ادارة المهام\backend\node_modules\express\lib\router\layer.js:95:5)
    at trim_prefix (C:\Users\Mohamed Hany\Desktop\ادارة المهام\backend\node_modules\express\lib\router\index.js:328:13)
    at C:\Users\Mohamed Hany\Desktop\ادارة المهام\backend\node_modules\express\lib\router\index.js:286:9
    at Function.process_params (C:\Users\Mohamed Hany\Desktop\ادارة المهام\backend\node_modules\express\lib\router\index.js:346:12)
    at next (C:\Users\Mohamed Hany\Desktop\ادارة المهام\backend\node_modules\express\lib\router\index.js:280:10)
    at requestLogger (C:\Users\Mohamed Hany\Desktop\ادارة المهام\backend\src\middleware\requestLogger.ts:6:3)
    at Layer.handle [as handle_request] (C:\Users\Mohamed Hany\Desktop\ادارة المهام\backend\node_modules\express\lib\router\layer.js:95:5)
    at trim_prefix (C:\Users\Mohamed Hany\Desktop\ادارة المهام\backend\node_modules\express\lib\router\index.js:328:13)
    at C:\Users\Mohamed Hany\Desktop\ادارة المهام\backend\node_modules\express\lib\router\index.js:286:9
    at Function.process_params (C:\Users\Mohamed Hany\Desktop\ادارة المهام\backend\node_modules\express\lib\router\index.js:346:12)
    at next (C:\Users\Mohamed Hany\Desktop\ادارة المهام\backend\node_modules\express\lib\router\index.js:280:10)
    at urlencodedParser (C:\Users\Mohamed Hany\Desktop\ادارة المهام\backend\node_modules\body-parser\lib\types\urlencoded.js:82:7)
    at Layer.handle [as handle_request] (C:\Users\Mohamed Hany\Desktop\ادارة المهام\backend\node_modules\express\lib\router\layer.js:95:5)
    at trim_prefix (C:\Users\Mohamed Hany\Desktop\ادارة المهام\backend\node_modules\express\lib\router\index.js:328:13)
[2026-05-11 01:13:32] error: Error: No token provided
    at authenticate (C:\Users\Mohamed Hany\Desktop\ادارة المهام\backend\src\middleware\auth.ts:24:13)
    at Layer.handle [as handle_request] (C:\Users\Mohamed Hany\Desktop\ادارة المهام\backend\node_modules\express\lib\router\layer.js:95:5)
    at trim_prefix (C:\Users\Mohamed Hany\Desktop\ادارة المهام\backend\node_modules\express\lib\router\index.js:328:13)
    at C:\Users\Mohamed Hany\Desktop\ادارة المهام\backend\node_modules\express\lib\router\index.js:286:9
    at Function.process_params (C:\Users\Mohamed Hany\Desktop\ادارة المهام\backend\node_modules\express\lib\router\index.js:346:12)
    at next (C:\Users\Mohamed Hany\Desktop\ادارة المهام\backend\node_modules\express\lib\router\index.js:280:10)
    at Function.handle (C:\Users\Mohamed Hany\Desktop\ادارة المهام\backend\node_modules\express\lib\router\index.js:175:3)
    at router (C:\Users\Mohamed Hany\Desktop\ادارة المهام\backend\node_modules\express\lib\router\index.js:47:12)
    at Layer.handle [as handle_request] (C:\Users\Mohamed Hany\Desktop\ادارة المهام\backend\node_modules\express\lib\router\layer.js:95:5)
    at trim_prefix (C:\Users\Mohamed Hany\Desktop\ادارة المهام\backend\node_modules\express\lib\router\index.js:328:13)
    at C:\Users\Mohamed Hany\Desktop\ادارة المهام\backend\node_modules\express\lib\router\index.js:286:9
    at Function.process_params (C:\Users\Mohamed Hany\Desktop\ادارة المهام\backend\node_modules\express\lib\router\index.js:346:12)
    at next (C:\Users\Mohamed Hany\Desktop\ادارة المهام\backend\node_modules\express\lib\router\index.js:280:10)
    at requestLogger (C:\Users\Mohamed Hany\Desktop\ادارة المهام\backend\src\middleware\requestLogger.ts:6:3)
    at Layer.handle [as handle_request] (C:\Users\Mohamed Hany\Desktop\ادارة المهام\backend\node_modules\express\lib\router\layer.js:95:5)
    at trim_prefix (C:\Users\Mohamed Hany\Desktop\ادارة المهام\backend\node_modules\express\lib\router\index.js:328:13)
    at C:\Users\Mohamed Hany\Desktop\ادارة المهام\backend\node_modules\express\lib\router\index.js:286:9
    at Function.process_params (C:\Users\Mohamed Hany\Desktop\ادارة المهام\backend\node_modules\express\lib\router\index.js:346:12)
    at next (C:\Users\Mohamed Hany\Desktop\ادارة المهام\backend\node_modules\express\lib\router\index.js:280:10)
    at urlencodedParser (C:\Users\Mohamed Hany\Desktop\ادارة المهام\backend\node_modules\body-parser\lib\types\urlencoded.js:82:7)
    at Layer.handle [as handle_request] (C:\Users\Mohamed Hany\Desktop\ادارة المهام\backend\node_modules\express\lib\router\layer.js:95:5)
    at trim_prefix (C:\Users\Mohamed Hany\Desktop\ادارة المهام\backend\node_modules\express\lib\router\index.js:328:13)
[2026-05-11 01:13:32] error: Error: No token provided
    at authenticate (C:\Users\Mohamed Hany\Desktop\ادارة المهام\backend\src\middleware\auth.ts:24:13)
    at Layer.handle [as handle_request] (C:\Users\Mohamed Hany\Desktop\ادارة المهام\backend\node_modules\express\lib\router\layer.js:95:5)
    at trim_prefix (C:\Users\Mohamed Hany\Desktop\ادارة المهام\backend\node_modules\express\lib\router\index.js:328:13)
    at C:\Users\Mohamed Hany\Desktop\ادارة المهام\backend\node_modules\express\lib\router\index.js:286:9
    at Function.process_params (C:\Users\Mohamed Hany\Desktop\ادارة المهام\backend\node_modules\express\lib\router\index.js:346:12)
    at next (C:\Users\Mohamed Hany\Desktop\ادارة المهام\backend\node_modules\express\lib\router\index.js:280:10)
    at Function.handle (C:\Users\Mohamed Hany\Desktop\ادارة المهام\backend\node_modules\express\lib\router\index.js:175:3)
    at router (C:\Users\Mohamed Hany\Desktop\ادارة المهام\backend\node_modules\express\lib\router\index.js:47:12)
    at Layer.handle [as handle_request] (C:\Users\Mohamed Hany\Desktop\ادارة المهام\backend\node_modules\express\lib\router\layer.js:95:5)
    at trim_prefix (C:\Users\Mohamed Hany\Desktop\ادارة المهام\backend\node_modules\express\lib\router\index.js:328:13)
    at C:\Users\Mohamed Hany\Desktop\ادارة المهام\backend\node_modules\express\lib\router\index.js:286:9
    at Function.process_params (C:\Users\Mohamed Hany\Desktop\ادارة المهام\backend\node_modules\express\lib\router\index.js:346:12)
    at next (C:\Users\Mohamed Hany\Desktop\ادارة المهام\backend\node_modules\express\lib\router\index.js:280:10)
    at requestLogger (C:\Users\Mohamed Hany\Desktop\ادارة المهام\backend\src\middleware\requestLogger.ts:6:3)
    at Layer.handle [as handle_request] (C:\Users\Mohamed Hany\Desktop\ادارة المهام\backend\node_modules\express\lib\router\layer.js:95:5)
    at trim_prefix (C:\Users\Mohamed Hany\Desktop\ادارة المهام\backend\node_modules\express\lib\router\index.js:328:13)
    at C:\Users\Mohamed Hany\Desktop\ادارة المهام\backend\node_modules\express\lib\router\index.js:286:9
    at Function.process_params (C:\Users\Mohamed Hany\Desktop\ادارة المهام\backend\node_modules\express\lib\router\index.js:346:12)
    at next (C:\Users\Mohamed Hany\Desktop\ادارة المهام\backend\node_modules\express\lib\router\index.js:280:10)
    at urlencodedParser (C:\Users\Mohamed Hany\Desktop\ادارة المهام\backend\node_modules\body-parser\lib\types\urlencoded.js:91:7)
    at Layer.handle [as handle_request] (C:\Users\Mohamed Hany\Desktop\ادارة المهام\backend\node_modules\express\lib\router\layer.js:95:5)
    at trim_prefix (C:\Users\Mohamed Hany\Desktop\ادارة المهام\backend\node_modules\express\lib\router\index.js:328:13)
[2026-05-11 01:13:32] error: Error: No token provided
    at authenticate (C:\Users\Mohamed Hany\Desktop\ادارة المهام\backend\src\middleware\auth.ts:24:13)
    at Layer.handle [as handle_request] (C:\Users\Mohamed Hany\Desktop\ادارة المهام\backend\node_modules\express\lib\router\layer.js:95:5)
    at trim_prefix (C:\Users\Mohamed Hany\Desktop\ادارة المهام\backend\node_modules\express\lib\router\index.js:328:13)
    at C:\Users\Mohamed Hany\Desktop\ادارة المهام\backend\node_modules\express\lib\router\index.js:286:9
    at Function.process_params (C:\Users\Mohamed Hany\Desktop\ادارة المهام\backend\node_modules\express\lib\router\index.js:346:12)
    at next (C:\Users\Mohamed Hany\Desktop\ادارة المهام\backend\node_modules\express\lib\router\index.js:280:10)
    at Function.handle (C:\Users\Mohamed Hany\Desktop\ادارة المهام\backend\node_modules\express\lib\router\index.js:175:3)
    at router (C:\Users\Mohamed Hany\Desktop\ادارة المهام\backend\node_modules\express\lib\router\index.js:47:12)
    at Layer.handle [as handle_request] (C:\Users\Mohamed Hany\Desktop\ادارة المهام\backend\node_modules\express\lib\router\layer.js:95:5)
    at trim_prefix (C:\Users\Mohamed Hany\Desktop\ادارة المهام\backend\node_modules\express\lib\router\index.js:328:13)
    at C:\Users\Mohamed Hany\Desktop\ادارة المهام\backend\node_modules\express\lib\router\index.js:286:9
    at Function.process_params (C:\Users\Mohamed Hany\Desktop\ادارة المهام\backend\node_modules\express\lib\router\index.js:346:12)
    at next (C:\Users\Mohamed Hany\Desktop\ادارة المهام\backend\node_modules\express\lib\router\index.js:280:10)
    at requestLogger (C:\Users\Mohamed Hany\Desktop\ادارة المهام\backend\src\middleware\requestLogger.ts:6:3)
    at Layer.handle [as handle_request] (C:\Users\Mohamed Hany\Desktop\ادارة المهام\backend\node_modules\express\lib\router\layer.js:95:5)
    at trim_prefix (C:\Users\Mohamed Hany\Desktop\ادارة المهام\backend\node_modules\express\lib\router\index.js:328:13)
    at C:\Users\Mohamed Hany\Desktop\ادارة المهام\backend\node_modules\express\lib\router\index.js:286:9
    at Function.process_params (C:\Users\Mohamed Hany\Desktop\ادارة المهام\backend\node_modules\express\lib\router\index.js:346:12)
    at next (C:\Users\Mohamed Hany\Desktop\ادارة المهام\backend\node_modules\express\lib\router\index.js:280:10)
    at urlencodedParser (C:\Users\Mohamed Hany\Desktop\ادارة المهام\backend\node_modules\body-parser\lib\types\urlencoded.js:91:7)
    at Layer.handle [as handle_request] (C:\Users\Mohamed Hany\Desktop\ادارة المهام\backend\node_modules\express\lib\router\layer.js:95:5)
    at trim_prefix (C:\Users\Mohamed Hany\Desktop\ادارة المهام\backend\node_modules\express\lib\router\index.js:328:13)
[2026-05-11 01:13:32] error: Error: No token provided
    at authenticate (C:\Users\Mohamed Hany\Desktop\ادارة المهام\backend\src\middleware\auth.ts:24:13)
    at Layer.handle [as handle_request] (C:\Users\Mohamed Hany\Desktop\ادارة المهام\backend\node_modules\express\lib\router\layer.js:95:5)
    at trim_prefix (C:\Users\Mohamed Hany\Desktop\ادارة المهام\backend\node_modules\express\lib\router\index.js:328:13)
    at C:\Users\Mohamed Hany\Desktop\ادارة المهام\backend\node_modules\express\lib\router\index.js:286:9
    at Function.process_params (C:\Users\Mohamed Hany\Desktop\ادارة المهام\backend\node_modules\express\lib\router\index.js:346:12)
    at next (C:\Users\Mohamed Hany\Desktop\ادارة المهام\backend\node_modules\express\lib\router\index.js:280:10)
    at Function.handle (C:\Users\Mohamed Hany\Desktop\ادارة المهام\backend\node_modules\express\lib\router\index.js:175:3)
    at router (C:\Users\Mohamed Hany\Desktop\ادارة المهام\backend\node_modules\express\lib\router\index.js:47:12)
    at Layer.handle [as handle_request] (C:\Users\Mohamed Hany\Desktop\ادارة المهام\backend\node_modules\express\lib\router\layer.js:95:5)
    at trim_prefix (C:\Users\Mohamed Hany\Desktop\ادارة المهام\backend\node_modules\express\lib\router\index.js:328:13)
    at C:\Users\Mohamed Hany\Desktop\ادارة المهام\backend\node_modules\express\lib\router\index.js:286:9
    at Function.process_params (C:\Users\Mohamed Hany\Desktop\ادارة المهام\backend\node_modules\express\lib\router\index.js:346:12)
    at next (C:\Users\Mohamed Hany\Desktop\ادارة المهام\backend\node_modules\express\lib\router\index.js:280:10)
    at requestLogger (C:\Users\Mohamed Hany\Desktop\ادارة المهام\backend\src\middleware\requestLogger.ts:6:3)
    at Layer.handle [as handle_request] (C:\Users\Mohamed Hany\Desktop\ادارة المهام\backend\node_modules\express\lib\router\layer.js:95:5)
    at trim_prefix (C:\Users\Mohamed Hany\Desktop\ادارة المهام\backend\node_modules\express\lib\router\index.js:328:13)
    at C:\Users\Mohamed Hany\Desktop\ادارة المهام\backend\node_modules\express\lib\router\index.js:286:9
    at Function.process_params (C:\Users\Mohamed Hany\Desktop\ادارة المهام\backend\node_modules\express\lib\router\index.js:346:12)
    at next (C:\Users\Mohamed Hany\Desktop\ادارة المهام\backend\node_modules\express\lib\router\index.js:280:10)
    at urlencodedParser (C:\Users\Mohamed Hany\Desktop\ادارة المهام\backend\node_modules\body-parser\lib\types\urlencoded.js:91:7)
    at Layer.handle [as handle_request] (C:\Users\Mohamed Hany\Desktop\ادارة المهام\backend\node_modules\express\lib\router\layer.js:95:5)
    at trim_prefix (C:\Users\Mohamed Hany\Desktop\ادارة المهام\backend\node_modules\express\lib\router\index.js:328:13)
[2026-05-11 01:13:32] error: Error: No token provided
    at authenticate (C:\Users\Mohamed Hany\Desktop\ادارة المهام\backend\src\middleware\auth.ts:24:13)
    at Layer.handle [as handle_request] (C:\Users\Mohamed Hany\Desktop\ادارة المهام\backend\node_modules\express\lib\router\layer.js:95:5)
    at trim_prefix (C:\Users\Mohamed Hany\Desktop\ادارة المهام\backend\node_modules\express\lib\router\index.js:328:13)
    at C:\Users\Mohamed Hany\Desktop\ادارة المهام\backend\node_modules\express\lib\router\index.js:286:9
    at Function.process_params (C:\Users\Mohamed Hany\Desktop\ادارة المهام\backend\node_modules\express\lib\router\index.js:346:12)
    at next (C:\Users\Mohamed Hany\Desktop\ادارة المهام\backend\node_modules\express\lib\router\index.js:280:10)
    at Function.handle (C:\Users\Mohamed Hany\Desktop\ادارة المهام\backend\node_modules\express\lib\router\index.js:175:3)
    at router (C:\Users\Mohamed Hany\Desktop\ادارة المهام\backend\node_modules\express\lib\router\index.js:47:12)
    at Layer.handle [as handle_request] (C:\Users\Mohamed Hany\Desktop\ادارة المهام\backend\node_modules\express\lib\router\layer.js:95:5)
    at trim_prefix (C:\Users\Mohamed Hany\Desktop\ادارة المهام\backend\node_modules\express\lib\router\index.js:328:13)
    at C:\Users\Mohamed Hany\Desktop\ادارة المهام\backend\node_modules\express\lib\router\index.js:286:9
    at Function.process_params (C:\Users\Mohamed Hany\Desktop\ادارة المهام\backend\node_modules\express\lib\router\index.js:346:12)
    at next (C:\Users\Mohamed Hany\Desktop\ادارة المهام\backend\node_modules\express\lib\router\index.js:280:10)
    at requestLogger (C:\Users\Mohamed Hany\Desktop\ادارة المهام\backend\src\middleware\requestLogger.ts:6:3)
    at Layer.handle [as handle_request] (C:\Users\Mohamed Hany\Desktop\ادارة المهام\backend\node_modules\express\lib\router\layer.js:95:5)
    at trim_prefix (C:\Users\Mohamed Hany\Desktop\ادارة المهام\backend\node_modules\express\lib\router\index.js:328:13)
    at C:\Users\Mohamed Hany\Desktop\ادارة المهام\backend\node_modules\express\lib\router\index.js:286:9
    at Function.process_params (C:\Users\Mohamed Hany\Desktop\ادارة المهام\backend\node_modules\express\lib\router\index.js:346:12)
    at next (C:\Users\Mohamed Hany\Desktop\ادارة المهام\backend\node_modules\express\lib\router\index.js:280:10)
    at urlencodedParser (C:\Users\Mohamed Hany\Desktop\ادارة المهام\backend\node_modules\body-parser\lib\types\urlencoded.js:91:7)
    at Layer.handle [as handle_request] (C:\Users\Mohamed Hany\Desktop\ادارة المهام\backend\node_modules\express\lib\router\layer.js:95:5)
    at trim_prefix (C:\Users\Mohamed Hany\Desktop\ادارة المهام\backend\node_modules\express\lib\router\index.js:328:13)
[2026-05-11 01:13:32] error: Error: No token provided
    at authenticate (C:\Users\Mohamed Hany\Desktop\ادارة المهام\backend\src\middleware\auth.ts:24:13)
    at Layer.handle [as handle_request] (C:\Users\Mohamed Hany\Desktop\ادارة المهام\backend\node_modules\express\lib\router\layer.js:95:5)
    at trim_prefix (C:\Users\Mohamed Hany\Desktop\ادارة المهام\backend\node_modules\express\lib\router\index.js:328:13)
    at C:\Users\Mohamed Hany\Desktop\ادارة المهام\backend\node_modules\express\lib\router\index.js:286:9
    at Function.process_params (C:\Users\Mohamed Hany\Desktop\ادارة المهام\backend\node_modules\express\lib\router\index.js:346:12)
    at next (C:\Users\Mohamed Hany\Desktop\ادارة المهام\backend\node_modules\express\lib\router\index.js:280:10)
    at Function.handle (C:\Users\Mohamed Hany\Desktop\ادارة المهام\backend\node_modules\express\lib\router\index.js:175:3)
    at router (C:\Users\Mohamed Hany\Desktop\ادارة المهام\backend\node_modules\express\lib\router\index.js:47:12)
    at Layer.handle [as handle_request] (C:\Users\Mohamed Hany\Desktop\ادارة المهام\backend\node_modules\express\lib\router\layer.js:95:5)
    at trim_prefix (C:\Users\Mohamed Hany\Desktop\ادارة المهام\backend\node_modules\express\lib\router\index.js:328:13)
    at C:\Users\Mohamed Hany\Desktop\ادارة المهام\backend\node_modules\express\lib\router\index.js:286:9
    at Function.process_params (C:\Users\Mohamed Hany\Desktop\ادارة المهام\backend\node_modules\express\lib\router\index.js:346:12)
    at next (C:\Users\Mohamed Hany\Desktop\ادارة المهام\backend\node_modules\express\lib\router\index.js:280:10)
    at requestLogger (C:\Users\Mohamed Hany\Desktop\ادارة المهام\backend\src\middleware\requestLogger.ts:6:3)
    at Layer.handle [as handle_request] (C:\Users\Mohamed Hany\Desktop\ادارة المهام\backend\node_modules\express\lib\router\layer.js:95:5)
    at trim_prefix (C:\Users\Mohamed Hany\Desktop\ادارة المهام\backend\node_modules\express\lib\router\index.js:328:13)
    at C:\Users\Mohamed Hany\Desktop\ادارة المهام\backend\node_modules\express\lib\router\index.js:286:9
    at Function.process_params (C:\Users\Mohamed Hany\Desktop\ادارة المهام\backend\node_modules\express\lib\router\index.js:346:12)
    at next (C:\Users\Mohamed Hany\Desktop\ادارة المهام\backend\node_modules\express\lib\router\index.js:280:10)
    at urlencodedParser (C:\Users\Mohamed Hany\Desktop\ادارة المهام\backend\node_modules\body-parser\lib\types\urlencoded.js:82:7)
    at Layer.handle [as handle_request] (C:\Users\Mohamed Hany\Desktop\ادارة المهام\backend\node_modules\express\lib\router\layer.js:95:5)
    at trim_prefix (C:\Users\Mohamed Hany\Desktop\ادارة المهام\backend\node_modules\express\lib\router\index.js:328:13)
[2026-05-11 01:13:32] error: Error: No token provided
    at authenticate (C:\Users\Mohamed Hany\Desktop\ادارة المهام\backend\src\middleware\auth.ts:24:13)
    at Layer.handle [as handle_request] (C:\Users\Mohamed Hany\Desktop\ادارة المهام\backend\node_modules\express\lib\router\layer.js:95:5)
    at trim_prefix (C:\Users\Mohamed Hany\Desktop\ادارة المهام\backend\node_modules\express\lib\router\index.js:328:13)
    at C:\Users\Mohamed Hany\Desktop\ادارة المهام\backend\node_modules\express\lib\router\index.js:286:9
    at Function.process_params (C:\Users\Mohamed Hany\Desktop\ادارة المهام\backend\node_modules\express\lib\router\index.js:346:12)
    at next (C:\Users\Mohamed Hany\Desktop\ادارة المهام\backend\node_modules\express\lib\router\index.js:280:10)
    at Function.handle (C:\Users\Mohamed Hany\Desktop\ادارة المهام\backend\node_modules\express\lib\router\index.js:175:3)
    at router (C:\Users\Mohamed Hany\Desktop\ادارة المهام\backend\node_modules\express\lib\router\index.js:47:12)
    at Layer.handle [as handle_request] (C:\Users\Mohamed Hany\Desktop\ادارة المهام\backend\node_modules\express\lib\router\layer.js:95:5)
    at trim_prefix (C:\Users\Mohamed Hany\Desktop\ادارة المهام\backend\node_modules\express\lib\router\index.js:328:13)
    at C:\Users\Mohamed Hany\Desktop\ادارة المهام\backend\node_modules\express\lib\router\index.js:286:9
    at Function.process_params (C:\Users\Mohamed Hany\Desktop\ادارة المهام\backend\node_modules\express\lib\router\index.js:346:12)
    at next (C:\Users\Mohamed Hany\Desktop\ادارة المهام\backend\node_modules\express\lib\router\index.js:280:10)
    at requestLogger (C:\Users\Mohamed Hany\Desktop\ادارة المهام\backend\src\middleware\requestLogger.ts:6:3)
    at Layer.handle [as handle_request] (C:\Users\Mohamed Hany\Desktop\ادارة المهام\backend\node_modules\express\lib\router\layer.js:95:5)
    at trim_prefix (C:\Users\Mohamed Hany\Desktop\ادارة المهام\backend\node_modules\express\lib\router\index.js:328:13)
    at C:\Users\Mohamed Hany\Desktop\ادارة المهام\backend\node_modules\express\lib\router\index.js:286:9
    at Function.process_params (C:\Users\Mohamed Hany\Desktop\ادارة المهام\backend\node_modules\express\lib\router\index.js:346:12)
    at next (C:\Users\Mohamed Hany\Desktop\ادارة المهام\backend\node_modules\express\lib\router\index.js:280:10)
    at urlencodedParser (C:\Users\Mohamed Hany\Desktop\ادارة المهام\backend\node_modules\body-parser\lib\types\urlencoded.js:82:7)
    at Layer.handle [as handle_request] (C:\Users\Mohamed Hany\Desktop\ادارة المهام\backend\node_modules\express\lib\router\layer.js:95:5)
    at trim_prefix (C:\Users\Mohamed Hany\Desktop\ادارة المهام\backend\node_modules\express\lib\router\index.js:328:13)
[2026-05-11 01:14:38] error: Error: No token provided
    at authenticate (C:\Users\Mohamed Hany\Desktop\ادارة المهام\backend\src\middleware\auth.ts:24:13)
    at Layer.handle [as handle_request] (C:\Users\Mohamed Hany\Desktop\ادارة المهام\backend\node_modules\express\lib\router\layer.js:95:5)
    at trim_prefix (C:\Users\Mohamed Hany\Desktop\ادارة المهام\backend\node_modules\express\lib\router\index.js:328:13)
    at C:\Users\Mohamed Hany\Desktop\ادارة المهام\backend\node_modules\express\lib\router\index.js:286:9
    at Function.process_params (C:\Users\Mohamed Hany\Desktop\ادارة المهام\backend\node_modules\express\lib\router\index.js:346:12)
    at next (C:\Users\Mohamed Hany\Desktop\ادارة المهام\backend\node_modules\express\lib\router\index.js:280:10)
    at Function.handle (C:\Users\Mohamed Hany\Desktop\ادارة المهام\backend\node_modules\express\lib\router\index.js:175:3)
    at router (C:\Users\Mohamed Hany\Desktop\ادارة المهام\backend\node_modules\express\lib\router\index.js:47:12)
    at Layer.handle [as handle_request] (C:\Users\Mohamed Hany\Desktop\ادارة المهام\backend\node_modules\express\lib\router\layer.js:95:5)
    at trim_prefix (C:\Users\Mohamed Hany\Desktop\ادارة المهام\backend\node_modules\express\lib\router\index.js:328:13)
    at C:\Users\Mohamed Hany\Desktop\ادارة المهام\backend\node_modules\express\lib\router\index.js:286:9
    at Function.process_params (C:\Users\Mohamed Hany\Desktop\ادارة المهام\backend\node_modules\express\lib\router\index.js:346:12)
    at next (C:\Users\Mohamed Hany\Desktop\ادارة المهام\backend\node_modules\express\lib\router\index.js:280:10)
    at requestLogger (C:\Users\Mohamed Hany\Desktop\ادارة المهام\backend\src\middleware\requestLogger.ts:6:3)
    at Layer.handle [as handle_request] (C:\Users\Mohamed Hany\Desktop\ادارة المهام\backend\node_modules\express\lib\router\layer.js:95:5)
    at trim_prefix (C:\Users\Mohamed Hany\Desktop\ادارة المهام\backend\node_modules\express\lib\router\index.js:328:13)
    at C:\Users\Mohamed Hany\Desktop\ادارة المهام\backend\node_modules\express\lib\router\index.js:286:9
    at Function.process_params (C:\Users\Mohamed Hany\Desktop\ادارة المهام\backend\node_modules\express\lib\router\index.js:346:12)
    at next (C:\Users\Mohamed Hany\Desktop\ادارة المهام\backend\node_modules\express\lib\router\index.js:280:10)
    at urlencodedParser (C:\Users\Mohamed Hany\Desktop\ادارة المهام\backend\node_modules\body-parser\lib\types\urlencoded.js:82:7)
    at Layer.handle [as handle_request] (C:\Users\Mohamed Hany\Desktop\ادارة المهام\backend\node_modules\express\lib\router\layer.js:95:5)
    at trim_prefix (C:\Users\Mohamed Hany\Desktop\ادارة المهام\backend\node_modules\express\lib\router\index.js:328:13)
[2026-05-11 01:14:38] error: Error: No token provided
    at authenticate (C:\Users\Mohamed Hany\Desktop\ادارة المهام\backend\src\middleware\auth.ts:24:13)
    at Layer.handle [as handle_request] (C:\Users\Mohamed Hany\Desktop\ادارة المهام\backend\node_modules\express\lib\router\layer.js:95:5)
    at trim_prefix (C:\Users\Mohamed Hany\Desktop\ادارة المهام\backend\node_modules\express\lib\router\index.js:328:13)
    at C:\Users\Mohamed Hany\Desktop\ادارة المهام\backend\node_modules\express\lib\router\index.js:286:9
    at Function.process_params (C:\Users\Mohamed Hany\Desktop\ادارة المهام\backend\node_modules\express\lib\router\index.js:346:12)
    at next (C:\Users\Mohamed Hany\Desktop\ادارة المهام\backend\node_modules\express\lib\router\index.js:280:10)
    at Function.handle (C:\Users\Mohamed Hany\Desktop\ادارة المهام\backend\node_modules\express\lib\router\index.js:175:3)
    at router (C:\Users\Mohamed Hany\Desktop\ادارة المهام\backend\node_modules\express\lib\router\index.js:47:12)
    at Layer.handle [as handle_request] (C:\Users\Mohamed Hany\Desktop\ادارة المهام\backend\node_modules\express\lib\router\layer.js:95:5)
    at trim_prefix (C:\Users\Mohamed Hany\Desktop\ادارة المهام\backend\node_modules\express\lib\router\index.js:328:13)
    at C:\Users\Mohamed Hany\Desktop\ادارة المهام\backend\node_modules\express\lib\router\index.js:286:9
    at Function.process_params (C:\Users\Mohamed Hany\Desktop\ادارة المهام\backend\node_modules\express\lib\router\index.js:346:12)
    at next (C:\Users\Mohamed Hany\Desktop\ادارة المهام\backend\node_modules\express\lib\router\index.js:280:10)
    at requestLogger (C:\Users\Mohamed Hany\Desktop\ادارة المهام\backend\src\middleware\requestLogger.ts:6:3)
    at Layer.handle [as handle_request] (C:\Users\Mohamed Hany\Desktop\ادارة المهام\backend\node_modules\express\lib\router\layer.js:95:5)
    at trim_prefix (C:\Users\Mohamed Hany\Desktop\ادارة المهام\backend\node_modules\express\lib\router\index.js:328:13)
    at C:\Users\Mohamed Hany\Desktop\ادارة المهام\backend\node_modules\express\lib\router\index.js:286:9
    at Function.process_params (C:\Users\Mohamed Hany\Desktop\ادارة المهام\backend\node_modules\express\lib\router\index.js:346:12)
    at next (C:\Users\Mohamed Hany\Desktop\ادارة المهام\backend\node_modules\express\lib\router\index.js:280:10)
    at urlencodedParser (C:\Users\Mohamed Hany\Desktop\ادارة المهام\backend\node_modules\body-parser\lib\types\urlencoded.js:82:7)
    at Layer.handle [as handle_request] (C:\Users\Mohamed Hany\Desktop\ادارة المهام\backend\node_modules\express\lib\router\layer.js:95:5)
    at trim_prefix (C:\Users\Mohamed Hany\Desktop\ادارة المهام\backend\node_modules\express\lib\router\index.js:328:13)
[2026-05-11 01:14:38] error: Error: No token provided
    at authenticate (C:\Users\Mohamed Hany\Desktop\ادارة المهام\backend\src\middleware\auth.ts:24:13)
    at Layer.handle [as handle_request] (C:\Users\Mohamed Hany\Desktop\ادارة المهام\backend\node_modules\express\lib\router\layer.js:95:5)
    at trim_prefix (C:\Users\Mohamed Hany\Desktop\ادارة المهام\backend\node_modules\express\lib\router\index.js:328:13)
    at C:\Users\Mohamed Hany\Desktop\ادارة المهام\backend\node_modules\express\lib\router\index.js:286:9
    at Function.process_params (C:\Users\Mohamed Hany\Desktop\ادارة المهام\backend\node_modules\express\lib\router\index.js:346:12)
    at next (C:\Users\Mohamed Hany\Desktop\ادارة المهام\backend\node_modules\express\lib\router\index.js:280:10)
    at Function.handle (C:\Users\Mohamed Hany\Desktop\ادارة المهام\backend\node_modules\express\lib\router\index.js:175:3)
    at router (C:\Users\Mohamed Hany\Desktop\ادارة المهام\backend\node_modules\express\lib\router\index.js:47:12)
    at Layer.handle [as handle_request] (C:\Users\Mohamed Hany\Desktop\ادارة المهام\backend\node_modules\express\lib\router\layer.js:95:5)
    at trim_prefix (C:\Users\Mohamed Hany\Desktop\ادارة المهام\backend\node_modules\express\lib\router\index.js:328:13)
    at C:\Users\Mohamed Hany\Desktop\ادارة المهام\backend\node_modules\express\lib\router\index.js:286:9
    at Function.process_params (C:\Users\Mohamed Hany\Desktop\ادارة المهام\backend\node_modules\express\lib\router\index.js:346:12)
    at next (C:\Users\Mohamed Hany\Desktop\ادارة المهام\backend\node_modules\express\lib\router\index.js:280:10)
    at requestLogger (C:\Users\Mohamed Hany\Desktop\ادارة المهام\backend\src\middleware\requestLogger.ts:6:3)
    at Layer.handle [as handle_request] (C:\Users\Mohamed Hany\Desktop\ادارة المهام\backend\node_modules\express\lib\router\layer.js:95:5)
    at trim_prefix (C:\Users\Mohamed Hany\Desktop\ادارة المهام\backend\node_modules\express\lib\router\index.js:328:13)
    at C:\Users\Mohamed Hany\Desktop\ادارة المهام\backend\node_modules\express\lib\router\index.js:286:9
    at Function.process_params (C:\Users\Mohamed Hany\Desktop\ادارة المهام\backend\node_modules\express\lib\router\index.js:346:12)
    at next (C:\Users\Mohamed Hany\Desktop\ادارة المهام\backend\node_modules\express\lib\router\index.js:280:10)
    at urlencodedParser (C:\Users\Mohamed Hany\Desktop\ادارة المهام\backend\node_modules\body-parser\lib\types\urlencoded.js:91:7)
    at Layer.handle [as handle_request] (C:\Users\Mohamed Hany\Desktop\ادارة المهام\backend\node_modules\express\lib\router\layer.js:95:5)
    at trim_prefix (C:\Users\Mohamed Hany\Desktop\ادارة المهام\backend\node_modules\express\lib\router\index.js:328:13)
[2026-05-11 01:14:38] error: Error: No token provided
    at authenticate (C:\Users\Mohamed Hany\Desktop\ادارة المهام\backend\src\middleware\auth.ts:24:13)
    at Layer.handle [as handle_request] (C:\Users\Mohamed Hany\Desktop\ادارة المهام\backend\node_modules\express\lib\router\layer.js:95:5)
    at trim_prefix (C:\Users\Mohamed Hany\Desktop\ادارة المهام\backend\node_modules\express\lib\router\index.js:328:13)
    at C:\Users\Mohamed Hany\Desktop\ادارة المهام\backend\node_modules\express\lib\router\index.js:286:9
    at Function.process_params (C:\Users\Mohamed Hany\Desktop\ادارة المهام\backend\node_modules\express\lib\router\index.js:346:12)
    at next (C:\Users\Mohamed Hany\Desktop\ادارة المهام\backend\node_modules\express\lib\router\index.js:280:10)
    at Function.handle (C:\Users\Mohamed Hany\Desktop\ادارة المهام\backend\node_modules\express\lib\router\index.js:175:3)
    at router (C:\Users\Mohamed Hany\Desktop\ادارة المهام\backend\node_modules\express\lib\router\index.js:47:12)
    at Layer.handle [as handle_request] (C:\Users\Mohamed Hany\Desktop\ادارة المهام\backend\node_modules\express\lib\router\layer.js:95:5)
    at trim_prefix (C:\Users\Mohamed Hany\Desktop\ادارة المهام\backend\node_modules\express\lib\router\index.js:328:13)
    at C:\Users\Mohamed Hany\Desktop\ادارة المهام\backend\node_modules\express\lib\router\index.js:286:9
    at Function.process_params (C:\Users\Mohamed Hany\Desktop\ادارة المهام\backend\node_modules\express\lib\router\index.js:346:12)
    at next (C:\Users\Mohamed Hany\Desktop\ادارة المهام\backend\node_modules\express\lib\router\index.js:280:10)
    at requestLogger (C:\Users\Mohamed Hany\Desktop\ادارة المهام\backend\src\middleware\requestLogger.ts:6:3)
    at Layer.handle [as handle_request] (C:\Users\Mohamed Hany\Desktop\ادارة المهام\backend\node_modules\express\lib\router\layer.js:95:5)
    at trim_prefix (C:\Users\Mohamed Hany\Desktop\ادارة المهام\backend\node_modules\express\lib\router\index.js:328:13)
    at C:\Users\Mohamed Hany\Desktop\ادارة المهام\backend\node_modules\express\lib\router\index.js:286:9
    at Function.process_params (C:\Users\Mohamed Hany\Desktop\ادارة المهام\backend\node_modules\express\lib\router\index.js:346:12)
    at next (C:\Users\Mohamed Hany\Desktop\ادارة المهام\backend\node_modules\express\lib\router\index.js:280:10)
    at urlencodedParser (C:\Users\Mohamed Hany\Desktop\ادارة المهام\backend\node_modules\body-parser\lib\types\urlencoded.js:82:7)
    at Layer.handle [as handle_request] (C:\Users\Mohamed Hany\Desktop\ادارة المهام\backend\node_modules\express\lib\router\layer.js:95:5)
    at trim_prefix (C:\Users\Mohamed Hany\Desktop\ادارة المهام\backend\node_modules\express\lib\router\index.js:328:13)
[2026-05-11 01:14:38] error: Error: No token provided
    at authenticate (C:\Users\Mohamed Hany\Desktop\ادارة المهام\backend\src\middleware\auth.ts:24:13)
    at Layer.handle [as handle_request] (C:\Users\Mohamed Hany\Desktop\ادارة المهام\backend\node_modules\express\lib\router\layer.js:95:5)
    at trim_prefix (C:\Users\Mohamed Hany\Desktop\ادارة المهام\backend\node_modules\express\lib\router\index.js:328:13)
    at C:\Users\Mohamed Hany\Desktop\ادارة المهام\backend\node_modules\express\lib\router\index.js:286:9
    at Function.process_params (C:\Users\Mohamed Hany\Desktop\ادارة المهام\backend\node_modules\express\lib\router\index.js:346:12)
    at next (C:\Users\Mohamed Hany\Desktop\ادارة المهام\backend\node_modules\express\lib\router\index.js:280:10)
    at Function.handle (C:\Users\Mohamed Hany\Desktop\ادارة المهام\backend\node_modules\express\lib\router\index.js:175:3)
    at router (C:\Users\Mohamed Hany\Desktop\ادارة المهام\backend\node_modules\express\lib\router\index.js:47:12)
    at Layer.handle [as handle_request] (C:\Users\Mohamed Hany\Desktop\ادارة المهام\backend\node_modules\express\lib\router\layer.js:95:5)
    at trim_prefix (C:\Users\Mohamed Hany\Desktop\ادارة المهام\backend\node_modules\express\lib\router\index.js:328:13)
    at C:\Users\Mohamed Hany\Desktop\ادارة المهام\backend\node_modules\express\lib\router\index.js:286:9
    at Function.process_params (C:\Users\Mohamed Hany\Desktop\ادارة المهام\backend\node_modules\express\lib\router\index.js:346:12)
    at next (C:\Users\Mohamed Hany\Desktop\ادارة المهام\backend\node_modules\express\lib\router\index.js:280:10)
    at requestLogger (C:\Users\Mohamed Hany\Desktop\ادارة المهام\backend\src\middleware\requestLogger.ts:6:3)
    at Layer.handle [as handle_request] (C:\Users\Mohamed Hany\Desktop\ادارة المهام\backend\node_modules\express\lib\router\layer.js:95:5)
    at trim_prefix (C:\Users\Mohamed Hany\Desktop\ادارة المهام\backend\node_modules\express\lib\router\index.js:328:13)
    at C:\Users\Mohamed Hany\Desktop\ادارة المهام\backend\node_modules\express\lib\router\index.js:286:9
    at Function.process_params (C:\Users\Mohamed Hany\Desktop\ادارة المهام\backend\node_modules\express\lib\router\index.js:346:12)
    at next (C:\Users\Mohamed Hany\Desktop\ادارة المهام\backend\node_modules\express\lib\router\index.js:280:10)
    at urlencodedParser (C:\Users\Mohamed Hany\Desktop\ادارة المهام\backend\node_modules\body-parser\lib\types\urlencoded.js:82:7)
    at Layer.handle [as handle_request] (C:\Users\Mohamed Hany\Desktop\ادارة المهام\backend\node_modules\express\lib\router\layer.js:95:5)
    at trim_prefix (C:\Users\Mohamed Hany\Desktop\ادارة المهام\backend\node_modules\express\lib\router\index.js:328:13)
[2026-05-11 01:14:38] error: Error: No token provided
    at authenticate (C:\Users\Mohamed Hany\Desktop\ادارة المهام\backend\src\middleware\auth.ts:24:13)
    at Layer.handle [as handle_request] (C:\Users\Mohamed Hany\Desktop\ادارة المهام\backend\node_modules\express\lib\router\layer.js:95:5)
    at trim_prefix (C:\Users\Mohamed Hany\Desktop\ادارة المهام\backend\node_modules\express\lib\router\index.js:328:13)
    at C:\Users\Mohamed Hany\Desktop\ادارة المهام\backend\node_modules\express\lib\router\index.js:286:9
    at Function.process_params (C:\Users\Mohamed Hany\Desktop\ادارة المهام\backend\node_modules\express\lib\router\index.js:346:12)
    at next (C:\Users\Mohamed Hany\Desktop\ادارة المهام\backend\node_modules\express\lib\router\index.js:280:10)
    at Function.handle (C:\Users\Mohamed Hany\Desktop\ادارة المهام\backend\node_modules\express\lib\router\index.js:175:3)
    at router (C:\Users\Mohamed Hany\Desktop\ادارة المهام\backend\node_modules\express\lib\router\index.js:47:12)
    at Layer.handle [as handle_request] (C:\Users\Mohamed Hany\Desktop\ادارة المهام\backend\node_modules\express\lib\router\layer.js:95:5)
    at trim_prefix (C:\Users\Mohamed Hany\Desktop\ادارة المهام\backend\node_modules\express\lib\router\index.js:328:13)
    at C:\Users\Mohamed Hany\Desktop\ادارة المهام\backend\node_modules\express\lib\router\index.js:286:9
    at Function.process_params (C:\Users\Mohamed Hany\Desktop\ادارة المهام\backend\node_modules\express\lib\router\index.js:346:12)
    at next (C:\Users\Mohamed Hany\Desktop\ادارة المهام\backend\node_modules\express\lib\router\index.js:280:10)
    at requestLogger (C:\Users\Mohamed Hany\Desktop\ادارة المهام\backend\src\middleware\requestLogger.ts:6:3)
    at Layer.handle [as handle_request] (C:\Users\Mohamed Hany\Desktop\ادارة المهام\backend\node_modules\express\lib\router\layer.js:95:5)
    at trim_prefix (C:\Users\Mohamed Hany\Desktop\ادارة المهام\backend\node_modules\express\lib\router\index.js:328:13)
    at C:\Users\Mohamed Hany\Desktop\ادارة المهام\backend\node_modules\express\lib\router\index.js:286:9
    at Function.process_params (C:\Users\Mohamed Hany\Desktop\ادارة المهام\backend\node_modules\express\lib\router\index.js:346:12)
    at next (C:\Users\Mohamed Hany\Desktop\ادارة المهام\backend\node_modules\express\lib\router\index.js:280:10)
    at urlencodedParser (C:\Users\Mohamed Hany\Desktop\ادارة المهام\backend\node_modules\body-parser\lib\types\urlencoded.js:82:7)
    at Layer.handle [as handle_request] (C:\Users\Mohamed Hany\Desktop\ادارة المهام\backend\node_modules\express\lib\router\layer.js:95:5)
    at trim_prefix (C:\Users\Mohamed Hany\Desktop\ادارة المهام\backend\node_modules\express\lib\router\index.js:328:13)
[2026-05-11 01:14:38] error: Error: No token provided
    at authenticate (C:\Users\Mohamed Hany\Desktop\ادارة المهام\backend\src\middleware\auth.ts:24:13)
    at Layer.handle [as handle_request] (C:\Users\Mohamed Hany\Desktop\ادارة المهام\backend\node_modules\express\lib\router\layer.js:95:5)
    at trim_prefix (C:\Users\Mohamed Hany\Desktop\ادارة المهام\backend\node_modules\express\lib\router\index.js:328:13)
    at C:\Users\Mohamed Hany\Desktop\ادارة المهام\backend\node_modules\express\lib\router\index.js:286:9
    at Function.process_params (C:\Users\Mohamed Hany\Desktop\ادارة المهام\backend\node_modules\express\lib\router\index.js:346:12)
    at next (C:\Users\Mohamed Hany\Desktop\ادارة المهام\backend\node_modules\express\lib\router\index.js:280:10)
    at Function.handle (C:\Users\Mohamed Hany\Desktop\ادارة المهام\backend\node_modules\express\lib\router\index.js:175:3)
    at router (C:\Users\Mohamed Hany\Desktop\ادارة المهام\backend\node_modules\express\lib\router\index.js:47:12)
    at Layer.handle [as handle_request] (C:\Users\Mohamed Hany\Desktop\ادارة المهام\backend\node_modules\express\lib\router\layer.js:95:5)
    at trim_prefix (C:\Users\Mohamed Hany\Desktop\ادارة المهام\backend\node_modules\express\lib\router\index.js:328:13)
    at C:\Users\Mohamed Hany\Desktop\ادارة المهام\backend\node_modules\express\lib\router\index.js:286:9
    at Function.process_params (C:\Users\Mohamed Hany\Desktop\ادارة المهام\backend\node_modules\express\lib\router\index.js:346:12)
    at next (C:\Users\Mohamed Hany\Desktop\ادارة المهام\backend\node_modules\express\lib\router\index.js:280:10)
    at requestLogger (C:\Users\Mohamed Hany\Desktop\ادارة المهام\backend\src\middleware\requestLogger.ts:6:3)
    at Layer.handle [as handle_request] (C:\Users\Mohamed Hany\Desktop\ادارة المهام\backend\node_modules\express\lib\router\layer.js:95:5)
    at trim_prefix (C:\Users\Mohamed Hany\Desktop\ادارة المهام\backend\node_modules\express\lib\router\index.js:328:13)
    at C:\Users\Mohamed Hany\Desktop\ادارة المهام\backend\node_modules\express\lib\router\index.js:286:9
    at Function.process_params (C:\Users\Mohamed Hany\Desktop\ادارة المهام\backend\node_modules\express\lib\router\index.js:346:12)
    at next (C:\Users\Mohamed Hany\Desktop\ادارة المهام\backend\node_modules\express\lib\router\index.js:280:10)
    at urlencodedParser (C:\Users\Mohamed Hany\Desktop\ادارة المهام\backend\node_modules\body-parser\lib\types\urlencoded.js:82:7)
    at Layer.handle [as handle_request] (C:\Users\Mohamed Hany\Desktop\ادارة المهام\backend\node_modules\express\lib\router\layer.js:95:5)
    at trim_prefix (C:\Users\Mohamed Hany\Desktop\ادارة المهام\backend\node_modules\express\lib\router\index.js:328:13)
[2026-05-11 01:14:38] error: Error: No token provided
    at authenticate (C:\Users\Mohamed Hany\Desktop\ادارة المهام\backend\src\middleware\auth.ts:24:13)
    at Layer.handle [as handle_request] (C:\Users\Mohamed Hany\Desktop\ادارة المهام\backend\node_modules\express\lib\router\layer.js:95:5)
    at trim_prefix (C:\Users\Mohamed Hany\Desktop\ادارة المهام\backend\node_modules\express\lib\router\index.js:328:13)
    at C:\Users\Mohamed Hany\Desktop\ادارة المهام\backend\node_modules\express\lib\router\index.js:286:9
    at Function.process_params (C:\Users\Mohamed Hany\Desktop\ادارة المهام\backend\node_modules\express\lib\router\index.js:346:12)
    at next (C:\Users\Mohamed Hany\Desktop\ادارة المهام\backend\node_modules\express\lib\router\index.js:280:10)
    at Function.handle (C:\Users\Mohamed Hany\Desktop\ادارة المهام\backend\node_modules\express\lib\router\index.js:175:3)
    at router (C:\Users\Mohamed Hany\Desktop\ادارة المهام\backend\node_modules\express\lib\router\index.js:47:12)
    at Layer.handle [as handle_request] (C:\Users\Mohamed Hany\Desktop\ادارة المهام\backend\node_modules\express\lib\router\layer.js:95:5)
    at trim_prefix (C:\Users\Mohamed Hany\Desktop\ادارة المهام\backend\node_modules\express\lib\router\index.js:328:13)
    at C:\Users\Mohamed Hany\Desktop\ادارة المهام\backend\node_modules\express\lib\router\index.js:286:9
    at Function.process_params (C:\Users\Mohamed Hany\Desktop\ادارة المهام\backend\node_modules\express\lib\router\index.js:346:12)
    at next (C:\Users\Mohamed Hany\Desktop\ادارة المهام\backend\node_modules\express\lib\router\index.js:280:10)
    at requestLogger (C:\Users\Mohamed Hany\Desktop\ادارة المهام\backend\src\middleware\requestLogger.ts:6:3)
    at Layer.handle [as handle_request] (C:\Users\Mohamed Hany\Desktop\ادارة المهام\backend\node_modules\express\lib\router\layer.js:95:5)
    at trim_prefix (C:\Users\Mohamed Hany\Desktop\ادارة المهام\backend\node_modules\express\lib\router\index.js:328:13)
    at C:\Users\Mohamed Hany\Desktop\ادارة المهام\backend\node_modules\express\lib\router\index.js:286:9
    at Function.process_params (C:\Users\Mohamed Hany\Desktop\ادارة المهام\backend\node_modules\express\lib\router\index.js:346:12)
    at next (C:\Users\Mohamed Hany\Desktop\ادارة المهام\backend\node_modules\express\lib\router\index.js:280:10)
    at urlencodedParser (C:\Users\Mohamed Hany\Desktop\ادارة المهام\backend\node_modules\body-parser\lib\types\urlencoded.js:82:7)
    at Layer.handle [as handle_request] (C:\Users\Mohamed Hany\Desktop\ادارة المهام\backend\node_modules\express\lib\router\layer.js:95:5)
    at trim_prefix (C:\Users\Mohamed Hany\Desktop\ادارة المهام\backend\node_modules\express\lib\router\index.js:328:13)
[2026-05-11 01:14:38] error: Error: No token provided
    at authenticate (C:\Users\Mohamed Hany\Desktop\ادارة المهام\backend\src\middleware\auth.ts:24:13)
    at Layer.handle [as handle_request] (C:\Users\Mohamed Hany\Desktop\ادارة المهام\backend\node_modules\express\lib\router\layer.js:95:5)
    at trim_prefix (C:\Users\Mohamed Hany\Desktop\ادارة المهام\backend\node_modules\express\lib\router\index.js:328:13)
    at C:\Users\Mohamed Hany\Desktop\ادارة المهام\backend\node_modules\express\lib\router\index.js:286:9
    at Function.process_params (C:\Users\Mohamed Hany\Desktop\ادارة المهام\backend\node_modules\express\lib\router\index.js:346:12)
    at next (C:\Users\Mohamed Hany\Desktop\ادارة المهام\backend\node_modules\express\lib\router\index.js:280:10)
    at Function.handle (C:\Users\Mohamed Hany\Desktop\ادارة المهام\backend\node_modules\express\lib\router\index.js:175:3)
    at router (C:\Users\Mohamed Hany\Desktop\ادارة المهام\backend\node_modules\express\lib\router\index.js:47:12)
    at Layer.handle [as handle_request] (C:\Users\Mohamed Hany\Desktop\ادارة المهام\backend\node_modules\express\lib\router\layer.js:95:5)
    at trim_prefix (C:\Users\Mohamed Hany\Desktop\ادارة المهام\backend\node_modules\express\lib\router\index.js:328:13)
    at C:\Users\Mohamed Hany\Desktop\ادارة المهام\backend\node_modules\express\lib\router\index.js:286:9
    at Function.process_params (C:\Users\Mohamed Hany\Desktop\ادارة المهام\backend\node_modules\express\lib\router\index.js:346:12)
    at next (C:\Users\Mohamed Hany\Desktop\ادارة المهام\backend\node_modules\express\lib\router\index.js:280:10)
    at requestLogger (C:\Users\Mohamed Hany\Desktop\ادارة المهام\backend\src\middleware\requestLogger.ts:6:3)
    at Layer.handle [as handle_request] (C:\Users\Mohamed Hany\Desktop\ادارة المهام\backend\node_modules\express\lib\router\layer.js:95:5)
    at trim_prefix (C:\Users\Mohamed Hany\Desktop\ادارة المهام\backend\node_modules\express\lib\router\index.js:328:13)
    at C:\Users\Mohamed Hany\Desktop\ادارة المهام\backend\node_modules\express\lib\router\index.js:286:9
    at Function.process_params (C:\Users\Mohamed Hany\Desktop\ادارة المهام\backend\node_modules\express\lib\router\index.js:346:12)
    at next (C:\Users\Mohamed Hany\Desktop\ادارة المهام\backend\node_modules\express\lib\router\index.js:280:10)
    at urlencodedParser (C:\Users\Mohamed Hany\Desktop\ادارة المهام\backend\node_modules\body-parser\lib\types\urlencoded.js:82:7)
    at Layer.handle [as handle_request] (C:\Users\Mohamed Hany\Desktop\ادارة المهام\backend\node_modules\express\lib\router\layer.js:95:5)
    at trim_prefix (C:\Users\Mohamed Hany\Desktop\ادارة المهام\backend\node_modules\express\lib\router\index.js:328:13)
[2026-05-11 01:14:38] error: Error: No token provided
    at authenticate (C:\Users\Mohamed Hany\Desktop\ادارة المهام\backend\src\middleware\auth.ts:24:13)
    at Layer.handle [as handle_request] (C:\Users\Mohamed Hany\Desktop\ادارة المهام\backend\node_modules\express\lib\router\layer.js:95:5)
    at trim_prefix (C:\Users\Mohamed Hany\Desktop\ادارة المهام\backend\node_modules\express\lib\router\index.js:328:13)
    at C:\Users\Mohamed Hany\Desktop\ادارة المهام\backend\node_modules\express\lib\router\index.js:286:9
    at Function.process_params (C:\Users\Mohamed Hany\Desktop\ادارة المهام\backend\node_modules\express\lib\router\index.js:346:12)
    at next (C:\Users\Mohamed Hany\Desktop\ادارة المهام\backend\node_modules\express\lib\router\index.js:280:10)
    at Function.handle (C:\Users\Mohamed Hany\Desktop\ادارة المهام\backend\node_modules\express\lib\router\index.js:175:3)
    at router (C:\Users\Mohamed Hany\Desktop\ادارة المهام\backend\node_modules\express\lib\router\index.js:47:12)
    at Layer.handle [as handle_request] (C:\Users\Mohamed Hany\Desktop\ادارة المهام\backend\node_modules\express\lib\router\layer.js:95:5)
    at trim_prefix (C:\Users\Mohamed Hany\Desktop\ادارة المهام\backend\node_modules\express\lib\router\index.js:328:13)
    at C:\Users\Mohamed Hany\Desktop\ادارة المهام\backend\node_modules\express\lib\router\index.js:286:9
    at Function.process_params (C:\Users\Mohamed Hany\Desktop\ادارة المهام\backend\node_modules\express\lib\router\index.js:346:12)
    at next (C:\Users\Mohamed Hany\Desktop\ادارة المهام\backend\node_modules\express\lib\router\index.js:280:10)
    at requestLogger (C:\Users\Mohamed Hany\Desktop\ادارة المهام\backend\src\middleware\requestLogger.ts:6:3)
    at Layer.handle [as handle_request] (C:\Users\Mohamed Hany\Desktop\ادارة المهام\backend\node_modules\express\lib\router\layer.js:95:5)
    at trim_prefix (C:\Users\Mohamed Hany\Desktop\ادارة المهام\backend\node_modules\express\lib\router\index.js:328:13)
    at C:\Users\Mohamed Hany\Desktop\ادارة المهام\backend\node_modules\express\lib\router\index.js:286:9
    at Function.process_params (C:\Users\Mohamed Hany\Desktop\ادارة المهام\backend\node_modules\express\lib\router\index.js:346:12)
    at next (C:\Users\Mohamed Hany\Desktop\ادارة المهام\backend\node_modules\express\lib\router\index.js:280:10)
    at urlencodedParser (C:\Users\Mohamed Hany\Desktop\ادارة المهام\backend\node_modules\body-parser\lib\types\urlencoded.js:82:7)
    at Layer.handle [as handle_request] (C:\Users\Mohamed Hany\Desktop\ادارة المهام\backend\node_modules\express\lib\router\layer.js:95:5)
    at trim_prefix (C:\Users\Mohamed Hany\Desktop\ادارة المهام\backend\node_modules\express\lib\router\index.js:328:13)
[2026-05-11 01:14:38] error: Error: No token provided
    at authenticate (C:\Users\Mohamed Hany\Desktop\ادارة المهام\backend\src\middleware\auth.ts:24:13)
    at Layer.handle [as handle_request] (C:\Users\Mohamed Hany\Desktop\ادارة المهام\backend\node_modules\express\lib\router\layer.js:95:5)
    at trim_prefix (C:\Users\Mohamed Hany\Desktop\ادارة المهام\backend\node_modules\express\lib\router\index.js:328:13)
    at C:\Users\Mohamed Hany\Desktop\ادارة المهام\backend\node_modules\express\lib\router\index.js:286:9
    at Function.process_params (C:\Users\Mohamed Hany\Desktop\ادارة المهام\backend\node_modules\express\lib\router\index.js:346:12)
    at next (C:\Users\Mohamed Hany\Desktop\ادارة المهام\backend\node_modules\express\lib\router\index.js:280:10)
    at Function.handle (C:\Users\Mohamed Hany\Desktop\ادارة المهام\backend\node_modules\express\lib\router\index.js:175:3)
    at router (C:\Users\Mohamed Hany\Desktop\ادارة المهام\backend\node_modules\express\lib\router\index.js:47:12)
    at Layer.handle [as handle_request] (C:\Users\Mohamed Hany\Desktop\ادارة المهام\backend\node_modules\express\lib\router\layer.js:95:5)
    at trim_prefix (C:\Users\Mohamed Hany\Desktop\ادارة المهام\backend\node_modules\express\lib\router\index.js:328:13)
    at C:\Users\Mohamed Hany\Desktop\ادارة المهام\backend\node_modules\express\lib\router\index.js:286:9
    at Function.process_params (C:\Users\Mohamed Hany\Desktop\ادارة المهام\backend\node_modules\express\lib\router\index.js:346:12)
    at next (C:\Users\Mohamed Hany\Desktop\ادارة المهام\backend\node_modules\express\lib\router\index.js:280:10)
    at requestLogger (C:\Users\Mohamed Hany\Desktop\ادارة المهام\backend\src\middleware\requestLogger.ts:6:3)
    at Layer.handle [as handle_request] (C:\Users\Mohamed Hany\Desktop\ادارة المهام\backend\node_modules\express\lib\router\layer.js:95:5)
    at trim_prefix (C:\Users\Mohamed Hany\Desktop\ادارة المهام\backend\node_modules\express\lib\router\index.js:328:13)
    at C:\Users\Mohamed Hany\Desktop\ادارة المهام\backend\node_modules\express\lib\router\index.js:286:9
    at Function.process_params (C:\Users\Mohamed Hany\Desktop\ادارة المهام\backend\node_modules\express\lib\router\index.js:346:12)
    at next (C:\Users\Mohamed Hany\Desktop\ادارة المهام\backend\node_modules\express\lib\router\index.js:280:10)
    at urlencodedParser (C:\Users\Mohamed Hany\Desktop\ادارة المهام\backend\node_modules\body-parser\lib\types\urlencoded.js:82:7)
    at Layer.handle [as handle_request] (C:\Users\Mohamed Hany\Desktop\ادارة المهام\backend\node_modules\express\lib\router\layer.js:95:5)
    at trim_prefix (C:\Users\Mohamed Hany\Desktop\ادارة المهام\backend\node_modules\express\lib\router\index.js:328:13)
[2026-05-11 01:14:38] error: Error: No token provided
    at authenticate (C:\Users\Mohamed Hany\Desktop\ادارة المهام\backend\src\middleware\auth.ts:24:13)
    at Layer.handle [as handle_request] (C:\Users\Mohamed Hany\Desktop\ادارة المهام\backend\node_modules\express\lib\router\layer.js:95:5)
    at trim_prefix (C:\Users\Mohamed Hany\Desktop\ادارة المهام\backend\node_modules\express\lib\router\index.js:328:13)
    at C:\Users\Mohamed Hany\Desktop\ادارة المهام\backend\node_modules\express\lib\router\index.js:286:9
    at Function.process_params (C:\Users\Mohamed Hany\Desktop\ادارة المهام\backend\node_modules\express\lib\router\index.js:346:12)
    at next (C:\Users\Mohamed Hany\Desktop\ادارة المهام\backend\node_modules\express\lib\router\index.js:280:10)
    at Function.handle (C:\Users\Mohamed Hany\Desktop\ادارة المهام\backend\node_modules\express\lib\router\index.js:175:3)
    at router (C:\Users\Mohamed Hany\Desktop\ادارة المهام\backend\node_modules\express\lib\router\index.js:47:12)
    at Layer.handle [as handle_request] (C:\Users\Mohamed Hany\Desktop\ادارة المهام\backend\node_modules\express\lib\router\layer.js:95:5)
    at trim_prefix (C:\Users\Mohamed Hany\Desktop\ادارة المهام\backend\node_modules\express\lib\router\index.js:328:13)
    at C:\Users\Mohamed Hany\Desktop\ادارة المهام\backend\node_modules\express\lib\router\index.js:286:9
    at Function.process_params (C:\Users\Mohamed Hany\Desktop\ادارة المهام\backend\node_modules\express\lib\router\index.js:346:12)
    at next (C:\Users\Mohamed Hany\Desktop\ادارة المهام\backend\node_modules\express\lib\router\index.js:280:10)
    at requestLogger (C:\Users\Mohamed Hany\Desktop\ادارة المهام\backend\src\middleware\requestLogger.ts:6:3)
    at Layer.handle [as handle_request] (C:\Users\Mohamed Hany\Desktop\ادارة المهام\backend\node_modules\express\lib\router\layer.js:95:5)
    at trim_prefix (C:\Users\Mohamed Hany\Desktop\ادارة المهام\backend\node_modules\express\lib\router\index.js:328:13)
    at C:\Users\Mohamed Hany\Desktop\ادارة المهام\backend\node_modules\express\lib\router\index.js:286:9
    at Function.process_params (C:\Users\Mohamed Hany\Desktop\ادارة المهام\backend\node_modules\express\lib\router\index.js:346:12)
    at next (C:\Users\Mohamed Hany\Desktop\ادارة المهام\backend\node_modules\express\lib\router\index.js:280:10)
    at urlencodedParser (C:\Users\Mohamed Hany\Desktop\ادارة المهام\backend\node_modules\body-parser\lib\types\urlencoded.js:82:7)
    at Layer.handle [as handle_request] (C:\Users\Mohamed Hany\Desktop\ادارة المهام\backend\node_modules\express\lib\router\layer.js:95:5)
    at trim_prefix (C:\Users\Mohamed Hany\Desktop\ادارة المهام\backend\node_modules\express\lib\router\index.js:328:13)
[2026-05-11 01:14:38] error: Error: No token provided
    at authenticate (C:\Users\Mohamed Hany\Desktop\ادارة المهام\backend\src\middleware\auth.ts:24:13)
    at Layer.handle [as handle_request] (C:\Users\Mohamed Hany\Desktop\ادارة المهام\backend\node_modules\express\lib\router\layer.js:95:5)
    at trim_prefix (C:\Users\Mohamed Hany\Desktop\ادارة المهام\backend\node_modules\express\lib\router\index.js:328:13)
    at C:\Users\Mohamed Hany\Desktop\ادارة المهام\backend\node_modules\express\lib\router\index.js:286:9
    at Function.process_params (C:\Users\Mohamed Hany\Desktop\ادارة المهام\backend\node_modules\express\lib\router\index.js:346:12)
    at next (C:\Users\Mohamed Hany\Desktop\ادارة المهام\backend\node_modules\express\lib\router\index.js:280:10)
    at Function.handle (C:\Users\Mohamed Hany\Desktop\ادارة المهام\backend\node_modules\express\lib\router\index.js:175:3)
    at router (C:\Users\Mohamed Hany\Desktop\ادارة المهام\backend\node_modules\express\lib\router\index.js:47:12)
    at Layer.handle [as handle_request] (C:\Users\Mohamed Hany\Desktop\ادارة المهام\backend\node_modules\express\lib\router\layer.js:95:5)
    at trim_prefix (C:\Users\Mohamed Hany\Desktop\ادارة المهام\backend\node_modules\express\lib\router\index.js:328:13)
    at C:\Users\Mohamed Hany\Desktop\ادارة المهام\backend\node_modules\express\lib\router\index.js:286:9
    at Function.process_params (C:\Users\Mohamed Hany\Desktop\ادارة المهام\backend\node_modules\express\lib\router\index.js:346:12)
    at next (C:\Users\Mohamed Hany\Desktop\ادارة المهام\backend\node_modules\express\lib\router\index.js:280:10)
    at requestLogger (C:\Users\Mohamed Hany\Desktop\ادارة المهام\backend\src\middleware\requestLogger.ts:6:3)
    at Layer.handle [as handle_request] (C:\Users\Mohamed Hany\Desktop\ادارة المهام\backend\node_modules\express\lib\router\layer.js:95:5)
    at trim_prefix (C:\Users\Mohamed Hany\Desktop\ادارة المهام\backend\node_modules\express\lib\router\index.js:328:13)
    at C:\Users\Mohamed Hany\Desktop\ادارة المهام\backend\node_modules\express\lib\router\index.js:286:9
    at Function.process_params (C:\Users\Mohamed Hany\Desktop\ادارة المهام\backend\node_modules\express\lib\router\index.js:346:12)
    at next (C:\Users\Mohamed Hany\Desktop\ادارة المهام\backend\node_modules\express\lib\router\index.js:280:10)
    at urlencodedParser (C:\Users\Mohamed Hany\Desktop\ادارة المهام\backend\node_modules\body-parser\lib\types\urlencoded.js:82:7)
    at Layer.handle [as handle_request] (C:\Users\Mohamed Hany\Desktop\ادارة المهام\backend\node_modules\express\lib\router\layer.js:95:5)
    at trim_prefix (C:\Users\Mohamed Hany\Desktop\ادارة المهام\backend\node_modules\express\lib\router\index.js:328:13)
[2026-05-11 01:14:38] error: Error: No token provided
    at authenticate (C:\Users\Mohamed Hany\Desktop\ادارة المهام\backend\src\middleware\auth.ts:24:13)
    at Layer.handle [as handle_request] (C:\Users\Mohamed Hany\Desktop\ادارة المهام\backend\node_modules\express\lib\router\layer.js:95:5)
    at trim_prefix (C:\Users\Mohamed Hany\Desktop\ادارة المهام\backend\node_modules\express\lib\router\index.js:328:13)
    at C:\Users\Mohamed Hany\Desktop\ادارة المهام\backend\node_modules\express\lib\router\index.js:286:9
    at Function.process_params (C:\Users\Mohamed Hany\Desktop\ادارة المهام\backend\node_modules\express\lib\router\index.js:346:12)
    at next (C:\Users\Mohamed Hany\Desktop\ادارة المهام\backend\node_modules\express\lib\router\index.js:280:10)
    at Function.handle (C:\Users\Mohamed Hany\Desktop\ادارة المهام\backend\node_modules\express\lib\router\index.js:175:3)
    at router (C:\Users\Mohamed Hany\Desktop\ادارة المهام\backend\node_modules\express\lib\router\index.js:47:12)
    at Layer.handle [as handle_request] (C:\Users\Mohamed Hany\Desktop\ادارة المهام\backend\node_modules\express\lib\router\layer.js:95:5)
    at trim_prefix (C:\Users\Mohamed Hany\Desktop\ادارة المهام\backend\node_modules\express\lib\router\index.js:328:13)
    at C:\Users\Mohamed Hany\Desktop\ادارة المهام\backend\node_modules\express\lib\router\index.js:286:9
    at Function.process_params (C:\Users\Mohamed Hany\Desktop\ادارة المهام\backend\node_modules\express\lib\router\index.js:346:12)
    at next (C:\Users\Mohamed Hany\Desktop\ادارة المهام\backend\node_modules\express\lib\router\index.js:280:10)
    at requestLogger (C:\Users\Mohamed Hany\Desktop\ادارة المهام\backend\src\middleware\requestLogger.ts:6:3)
    at Layer.handle [as handle_request] (C:\Users\Mohamed Hany\Desktop\ادارة المهام\backend\node_modules\express\lib\router\layer.js:95:5)
    at trim_prefix (C:\Users\Mohamed Hany\Desktop\ادارة المهام\backend\node_modules\express\lib\router\index.js:328:13)
    at C:\Users\Mohamed Hany\Desktop\ادارة المهام\backend\node_modules\express\lib\router\index.js:286:9
    at Function.process_params (C:\Users\Mohamed Hany\Desktop\ادارة المهام\backend\node_modules\express\lib\router\index.js:346:12)
    at next (C:\Users\Mohamed Hany\Desktop\ادارة المهام\backend\node_modules\express\lib\router\index.js:280:10)
    at urlencodedParser (C:\Users\Mohamed Hany\Desktop\ادارة المهام\backend\node_modules\body-parser\lib\types\urlencoded.js:91:7)
    at Layer.handle [as handle_request] (C:\Users\Mohamed Hany\Desktop\ادارة المهام\backend\node_modules\express\lib\router\layer.js:95:5)
    at trim_prefix (C:\Users\Mohamed Hany\Desktop\ادارة المهام\backend\node_modules\express\lib\router\index.js:328:13)
[2026-05-11 01:14:38] error: Error: No token provided
    at authenticate (C:\Users\Mohamed Hany\Desktop\ادارة المهام\backend\src\middleware\auth.ts:24:13)
    at Layer.handle [as handle_request] (C:\Users\Mohamed Hany\Desktop\ادارة المهام\backend\node_modules\express\lib\router\layer.js:95:5)
    at trim_prefix (C:\Users\Mohamed Hany\Desktop\ادارة المهام\backend\node_modules\express\lib\router\index.js:328:13)
    at C:\Users\Mohamed Hany\Desktop\ادارة المهام\backend\node_modules\express\lib\router\index.js:286:9
    at Function.process_params (C:\Users\Mohamed Hany\Desktop\ادارة المهام\backend\node_modules\express\lib\router\index.js:346:12)
    at next (C:\Users\Mohamed Hany\Desktop\ادارة المهام\backend\node_modules\express\lib\router\index.js:280:10)
    at Function.handle (C:\Users\Mohamed Hany\Desktop\ادارة المهام\backend\node_modules\express\lib\router\index.js:175:3)
    at router (C:\Users\Mohamed Hany\Desktop\ادارة المهام\backend\node_modules\express\lib\router\index.js:47:12)
    at Layer.handle [as handle_request] (C:\Users\Mohamed Hany\Desktop\ادارة المهام\backend\node_modules\express\lib\router\layer.js:95:5)
    at trim_prefix (C:\Users\Mohamed Hany\Desktop\ادارة المهام\backend\node_modules\express\lib\router\index.js:328:13)
    at C:\Users\Mohamed Hany\Desktop\ادارة المهام\backend\node_modules\express\lib\router\index.js:286:9
    at Function.process_params (C:\Users\Mohamed Hany\Desktop\ادارة المهام\backend\node_modules\express\lib\router\index.js:346:12)
    at next (C:\Users\Mohamed Hany\Desktop\ادارة المهام\backend\node_modules\express\lib\router\index.js:280:10)
    at requestLogger (C:\Users\Mohamed Hany\Desktop\ادارة المهام\backend\src\middleware\requestLogger.ts:6:3)
    at Layer.handle [as handle_request] (C:\Users\Mohamed Hany\Desktop\ادارة المهام\backend\node_modules\express\lib\router\layer.js:95:5)
    at trim_prefix (C:\Users\Mohamed Hany\Desktop\ادارة المهام\backend\node_modules\express\lib\router\index.js:328:13)
    at C:\Users\Mohamed Hany\Desktop\ادارة المهام\backend\node_modules\express\lib\router\index.js:286:9
    at Function.process_params (C:\Users\Mohamed Hany\Desktop\ادارة المهام\backend\node_modules\express\lib\router\index.js:346:12)
    at next (C:\Users\Mohamed Hany\Desktop\ادارة المهام\backend\node_modules\express\lib\router\index.js:280:10)
    at urlencodedParser (C:\Users\Mohamed Hany\Desktop\ادارة المهام\backend\node_modules\body-parser\lib\types\urlencoded.js:91:7)
    at Layer.handle [as handle_request] (C:\Users\Mohamed Hany\Desktop\ادارة المهام\backend\node_modules\express\lib\router\layer.js:95:5)
    at trim_prefix (C:\Users\Mohamed Hany\Desktop\ادارة المهام\backend\node_modules\express\lib\router\index.js:328:13)
[2026-05-11 01:14:38] error: Error: No token provided
    at authenticate (C:\Users\Mohamed Hany\Desktop\ادارة المهام\backend\src\middleware\auth.ts:24:13)
    at Layer.handle [as handle_request] (C:\Users\Mohamed Hany\Desktop\ادارة المهام\backend\node_modules\express\lib\router\layer.js:95:5)
    at trim_prefix (C:\Users\Mohamed Hany\Desktop\ادارة المهام\backend\node_modules\express\lib\router\index.js:328:13)
    at C:\Users\Mohamed Hany\Desktop\ادارة المهام\backend\node_modules\express\lib\router\index.js:286:9
    at Function.process_params (C:\Users\Mohamed Hany\Desktop\ادارة المهام\backend\node_modules\express\lib\router\index.js:346:12)
    at next (C:\Users\Mohamed Hany\Desktop\ادارة المهام\backend\node_modules\express\lib\router\index.js:280:10)
    at Function.handle (C:\Users\Mohamed Hany\Desktop\ادارة المهام\backend\node_modules\express\lib\router\index.js:175:3)
    at router (C:\Users\Mohamed Hany\Desktop\ادارة المهام\backend\node_modules\express\lib\router\index.js:47:12)
    at Layer.handle [as handle_request] (C:\Users\Mohamed Hany\Desktop\ادارة المهام\backend\node_modules\express\lib\router\layer.js:95:5)
    at trim_prefix (C:\Users\Mohamed Hany\Desktop\ادارة المهام\backend\node_modules\express\lib\router\index.js:328:13)
    at C:\Users\Mohamed Hany\Desktop\ادارة المهام\backend\node_modules\express\lib\router\index.js:286:9
    at Function.process_params (C:\Users\Mohamed Hany\Desktop\ادارة المهام\backend\node_modules\express\lib\router\index.js:346:12)
    at next (C:\Users\Mohamed Hany\Desktop\ادارة المهام\backend\node_modules\express\lib\router\index.js:280:10)
    at requestLogger (C:\Users\Mohamed Hany\Desktop\ادارة المهام\backend\src\middleware\requestLogger.ts:6:3)
    at Layer.handle [as handle_request] (C:\Users\Mohamed Hany\Desktop\ادارة المهام\backend\node_modules\express\lib\router\layer.js:95:5)
    at trim_prefix (C:\Users\Mohamed Hany\Desktop\ادارة المهام\backend\node_modules\express\lib\router\index.js:328:13)
    at C:\Users\Mohamed Hany\Desktop\ادارة المهام\backend\node_modules\express\lib\router\index.js:286:9
    at Function.process_params (C:\Users\Mohamed Hany\Desktop\ادارة المهام\backend\node_modules\express\lib\router\index.js:346:12)
    at next (C:\Users\Mohamed Hany\Desktop\ادارة المهام\backend\node_modules\express\lib\router\index.js:280:10)
    at urlencodedParser (C:\Users\Mohamed Hany\Desktop\ادارة المهام\backend\node_modules\body-parser\lib\types\urlencoded.js:91:7)
    at Layer.handle [as handle_request] (C:\Users\Mohamed Hany\Desktop\ادارة المهام\backend\node_modules\express\lib\router\layer.js:95:5)
    at trim_prefix (C:\Users\Mohamed Hany\Desktop\ادارة المهام\backend\node_modules\express\lib\router\index.js:328:13)
[2026-05-11 01:14:38] error: Error: No token provided
    at authenticate (C:\Users\Mohamed Hany\Desktop\ادارة المهام\backend\src\middleware\auth.ts:24:13)
    at Layer.handle [as handle_request] (C:\Users\Mohamed Hany\Desktop\ادارة المهام\backend\node_modules\express\lib\router\layer.js:95:5)
    at trim_prefix (C:\Users\Mohamed Hany\Desktop\ادارة المهام\backend\node_modules\express\lib\router\index.js:328:13)
    at C:\Users\Mohamed Hany\Desktop\ادارة المهام\backend\node_modules\express\lib\router\index.js:286:9
    at Function.process_params (C:\Users\Mohamed Hany\Desktop\ادارة المهام\backend\node_modules\express\lib\router\index.js:346:12)
    at next (C:\Users\Mohamed Hany\Desktop\ادارة المهام\backend\node_modules\express\lib\router\index.js:280:10)
    at Function.handle (C:\Users\Mohamed Hany\Desktop\ادارة المهام\backend\node_modules\express\lib\router\index.js:175:3)
    at router (C:\Users\Mohamed Hany\Desktop\ادارة المهام\backend\node_modules\express\lib\router\index.js:47:12)
    at Layer.handle [as handle_request] (C:\Users\Mohamed Hany\Desktop\ادارة المهام\backend\node_modules\express\lib\router\layer.js:95:5)
    at trim_prefix (C:\Users\Mohamed Hany\Desktop\ادارة المهام\backend\node_modules\express\lib\router\index.js:328:13)
    at C:\Users\Mohamed Hany\Desktop\ادارة المهام\backend\node_modules\express\lib\router\index.js:286:9
    at Function.process_params (C:\Users\Mohamed Hany\Desktop\ادارة المهام\backend\node_modules\express\lib\router\index.js:346:12)
    at next (C:\Users\Mohamed Hany\Desktop\ادارة المهام\backend\node_modules\express\lib\router\index.js:280:10)
    at requestLogger (C:\Users\Mohamed Hany\Desktop\ادارة المهام\backend\src\middleware\requestLogger.ts:6:3)
    at Layer.handle [as handle_request] (C:\Users\Mohamed Hany\Desktop\ادارة المهام\backend\node_modules\express\lib\router\layer.js:95:5)
    at trim_prefix (C:\Users\Mohamed Hany\Desktop\ادارة المهام\backend\node_modules\express\lib\router\index.js:328:13)
    at C:\Users\Mohamed Hany\Desktop\ادارة المهام\backend\node_modules\express\lib\router\index.js:286:9
    at Function.process_params (C:\Users\Mohamed Hany\Desktop\ادارة المهام\backend\node_modules\express\lib\router\index.js:346:12)
    at next (C:\Users\Mohamed Hany\Desktop\ادارة المهام\backend\node_modules\express\lib\router\index.js:280:10)
    at urlencodedParser (C:\Users\Mohamed Hany\Desktop\ادارة المهام\backend\node_modules\body-parser\lib\types\urlencoded.js:91:7)
    at Layer.handle [as handle_request] (C:\Users\Mohamed Hany\Desktop\ادارة المهام\backend\node_modules\express\lib\router\layer.js:95:5)
    at trim_prefix (C:\Users\Mohamed Hany\Desktop\ادارة المهام\backend\node_modules\express\lib\router\index.js:328:13)
[2026-05-11 01:14:38] error: Error: No token provided
    at authenticate (C:\Users\Mohamed Hany\Desktop\ادارة المهام\backend\src\middleware\auth.ts:24:13)
    at Layer.handle [as handle_request] (C:\Users\Mohamed Hany\Desktop\ادارة المهام\backend\node_modules\express\lib\router\layer.js:95:5)
    at trim_prefix (C:\Users\Mohamed Hany\Desktop\ادارة المهام\backend\node_modules\express\lib\router\index.js:328:13)
    at C:\Users\Mohamed Hany\Desktop\ادارة المهام\backend\node_modules\express\lib\router\index.js:286:9
    at Function.process_params (C:\Users\Mohamed Hany\Desktop\ادارة المهام\backend\node_modules\express\lib\router\index.js:346:12)
    at next (C:\Users\Mohamed Hany\Desktop\ادارة المهام\backend\node_modules\express\lib\router\index.js:280:10)
    at Function.handle (C:\Users\Mohamed Hany\Desktop\ادارة المهام\backend\node_modules\express\lib\router\index.js:175:3)
    at router (C:\Users\Mohamed Hany\Desktop\ادارة المهام\backend\node_modules\express\lib\router\index.js:47:12)
    at Layer.handle [as handle_request] (C:\Users\Mohamed Hany\Desktop\ادارة المهام\backend\node_modules\express\lib\router\layer.js:95:5)
    at trim_prefix (C:\Users\Mohamed Hany\Desktop\ادارة المهام\backend\node_modules\express\lib\router\index.js:328:13)
    at C:\Users\Mohamed Hany\Desktop\ادارة المهام\backend\node_modules\express\lib\router\index.js:286:9
    at Function.process_params (C:\Users\Mohamed Hany\Desktop\ادارة المهام\backend\node_modules\express\lib\router\index.js:346:12)
    at next (C:\Users\Mohamed Hany\Desktop\ادارة المهام\backend\node_modules\express\lib\router\index.js:280:10)
    at requestLogger (C:\Users\Mohamed Hany\Desktop\ادارة المهام\backend\src\middleware\requestLogger.ts:6:3)
    at Layer.handle [as handle_request] (C:\Users\Mohamed Hany\Desktop\ادارة المهام\backend\node_modules\express\lib\router\layer.js:95:5)
    at trim_prefix (C:\Users\Mohamed Hany\Desktop\ادارة المهام\backend\node_modules\express\lib\router\index.js:328:13)
    at C:\Users\Mohamed Hany\Desktop\ادارة المهام\backend\node_modules\express\lib\router\index.js:286:9
    at Function.process_params (C:\Users\Mohamed Hany\Desktop\ادارة المهام\backend\node_modules\express\lib\router\index.js:346:12)
    at next (C:\Users\Mohamed Hany\Desktop\ادارة المهام\backend\node_modules\express\lib\router\index.js:280:10)
    at urlencodedParser (C:\Users\Mohamed Hany\Desktop\ادارة المهام\backend\node_modules\body-parser\lib\types\urlencoded.js:82:7)
    at Layer.handle [as handle_request] (C:\Users\Mohamed Hany\Desktop\ادارة المهام\backend\node_modules\express\lib\router\layer.js:95:5)
    at trim_prefix (C:\Users\Mohamed Hany\Desktop\ادارة المهام\backend\node_modules\express\lib\router\index.js:328:13)
[2026-05-11 01:14:38] error: Error: No token provided
    at authenticate (C:\Users\Mohamed Hany\Desktop\ادارة المهام\backend\src\middleware\auth.ts:24:13)
    at Layer.handle [as handle_request] (C:\Users\Mohamed Hany\Desktop\ادارة المهام\backend\node_modules\express\lib\router\layer.js:95:5)
    at trim_prefix (C:\Users\Mohamed Hany\Desktop\ادارة المهام\backend\node_modules\express\lib\router\index.js:328:13)
    at C:\Users\Mohamed Hany\Desktop\ادارة المهام\backend\node_modules\express\lib\router\index.js:286:9
    at Function.process_params (C:\Users\Mohamed Hany\Desktop\ادارة المهام\backend\node_modules\express\lib\router\index.js:346:12)
    at next (C:\Users\Mohamed Hany\Desktop\ادارة المهام\backend\node_modules\express\lib\router\index.js:280:10)
    at Function.handle (C:\Users\Mohamed Hany\Desktop\ادارة المهام\backend\node_modules\express\lib\router\index.js:175:3)
    at router (C:\Users\Mohamed Hany\Desktop\ادارة المهام\backend\node_modules\express\lib\router\index.js:47:12)
    at Layer.handle [as handle_request] (C:\Users\Mohamed Hany\Desktop\ادارة المهام\backend\node_modules\express\lib\router\layer.js:95:5)
    at trim_prefix (C:\Users\Mohamed Hany\Desktop\ادارة المهام\backend\node_modules\express\lib\router\index.js:328:13)
    at C:\Users\Mohamed Hany\Desktop\ادارة المهام\backend\node_modules\express\lib\router\index.js:286:9
    at Function.process_params (C:\Users\Mohamed Hany\Desktop\ادارة المهام\backend\node_modules\express\lib\router\index.js:346:12)
    at next (C:\Users\Mohamed Hany\Desktop\ادارة المهام\backend\node_modules\express\lib\router\index.js:280:10)
    at requestLogger (C:\Users\Mohamed Hany\Desktop\ادارة المهام\backend\src\middleware\requestLogger.ts:6:3)
    at Layer.handle [as handle_request] (C:\Users\Mohamed Hany\Desktop\ادارة المهام\backend\node_modules\express\lib\router\layer.js:95:5)
    at trim_prefix (C:\Users\Mohamed Hany\Desktop\ادارة المهام\backend\node_modules\express\lib\router\index.js:328:13)
    at C:\Users\Mohamed Hany\Desktop\ادارة المهام\backend\node_modules\express\lib\router\index.js:286:9
    at Function.process_params (C:\Users\Mohamed Hany\Desktop\ادارة المهام\backend\node_modules\express\lib\router\index.js:346:12)
    at next (C:\Users\Mohamed Hany\Desktop\ادارة المهام\backend\node_modules\express\lib\router\index.js:280:10)
    at urlencodedParser (C:\Users\Mohamed Hany\Desktop\ادارة المهام\backend\node_modules\body-parser\lib\types\urlencoded.js:82:7)
    at Layer.handle [as handle_request] (C:\Users\Mohamed Hany\Desktop\ادارة المهام\backend\node_modules\express\lib\router\layer.js:95:5)
    at trim_prefix (C:\Users\Mohamed Hany\Desktop\ادارة المهام\backend\node_modules\express\lib\router\index.js:328:13)
[2026-05-11 01:17:22] error: Prisma error: 
Invalid `prisma.contractor.create()` invocation in
C:\Users\Mohamed Hany\Desktop\ادارة المهام\backend\src\modules\extracts\contractor.routes.ts:150:42

  147 if ((req.user!.roleLevel ?? 99) > 4) return res.status(403).json({ success: false, message: 'Forbidden' });
  148 const { code, name, nameAr, phone, email } = req.body;
  149 if (!name?.trim()) return res.status(400).json({ success: false, message: 'الاسم مطلوب' });
→ 150 const data = await prisma.contractor.create(
Unique constraint failed on the fields: (`code`)
[2026-05-11 01:17:24] error: Prisma error: 
Invalid `prisma.task.create()` invocation in
C:\Users\Mohamed Hany\Desktop\ادارة المهام\backend\src\modules\tasks\task.service.ts:115:36

  112   attempts++;
  113 } while (attempts < 10);
  114 
→ 115 const task = await prisma.task.create({
        data: {
          taskCode: "TSK-2026-97853",
          title: "Workflow Task",
          titleAr: "مهمة الاختبار",
          description: "Test workflow task",
          categoryId: undefined,
          priority: "HIGH",
          assignedToId: undefined,
          createdById: 1,
          startDate: null,
          dueDate: new Date("2026-05-10T22:17:22.897Z"),
          status: "NEW",
      +   assignedTo: {
      +     create: UserCreateWithoutTasksAssignedInput | UserUncheckedCreateWithoutTasksAssignedInput,
      +     connectOrCreate: UserCreateOrConnectWithoutTasksAssignedInput,
      +     connect: UserWhereUniqueInput
      +   }
        },
        include: {
          assignedTo: true,
          createdBy: true,
          category: true
        }
      })

Argument `assignedTo` is missing.
[2026-05-11 01:17:24] error: PrismaClientValidationError: 
Invalid `prisma.task.create()` invocation in
C:\Users\Mohamed Hany\Desktop\ادارة المهام\backend\src\modules\tasks\task.service.ts:115:36

  112   attempts++;
  113 } while (attempts < 10);
  114 
→ 115 const task = await prisma.task.create({
        data: {
          taskCode: "TSK-2026-97853",
          title: "Workflow Task",
          titleAr: "مهمة الاختبار",
          description: "Test workflow task",
          categoryId: undefined,
          priority: "HIGH",
          assignedToId: undefined,
          createdById: 1,
          startDate: null,
          dueDate: new Date("2026-05-10T22:17:22.897Z"),
          status: "NEW",
      +   assignedTo: {
      +     create: UserCreateWithoutTasksAssignedInput | UserUncheckedCreateWithoutTasksAssignedInput,
      +     connectOrCreate: UserCreateOrConnectWithoutTasksAssignedInput,
      +     connect: UserWhereUniqueInput
      +   }
        },
        include: {
          assignedTo: true,
          createdBy: true,
          category: true
        }
      })

Argument `assignedTo` is missing.
    at throwValidationException (C:\Users\Mohamed Hany\Desktop\ادارة المهام\backend\node_modules\@prisma\client\src\runtime\core\errorRendering\throwValidationException.ts:45:9)
    at ei.handleRequestError (C:\Users\Mohamed Hany\Desktop\ادارة المهام\backend\node_modules\@prisma\client\src\runtime\RequestHandler.ts:202:7)
    at ei.handleAndLogRequestError (C:\Users\Mohamed Hany\Desktop\ادارة المهام\backend\node_modules\@prisma\client\src\runtime\RequestHandler.ts:174:12)
    at ei.request (C:\Users\Mohamed Hany\Desktop\ادارة المهام\backend\node_modules\@prisma\client\src\runtime\RequestHandler.ts:143:12)
    at async a (C:\Users\Mohamed Hany\Desktop\ادارة المهام\backend\node_modules\@prisma\client\src\runtime\getPrismaClient.ts:833:24)
    at async Object.create (C:\Users\Mohamed Hany\Desktop\ادارة المهام\backend\src\modules\tasks\task.service.ts:115:18)
    at async create (C:\Users\Mohamed Hany\Desktop\ادارة المهام\backend\src\modules\tasks\task.controller.ts:44:20)
[2026-05-11 01:17:25] error: Prisma error: 
Invalid `prisma.taskExtract.findUnique()` invocation in
C:\Users\Mohamed Hany\Desktop\ادارة المهام\backend\src\modules\extracts\extract.routes.ts:104:46

  101 router.patch('/:id/status', async (req: AuthRequest, res: Response, next: NextFunction) => {
  102   try {
  103     const { status: newStatus, returnComment } = req.body;
→ 104     const extract = await prisma.taskExtract.findUnique({
            where: {
          +   id: Int
            }
          })

Argument `id` is missing.
[2026-05-11 01:17:25] error: PrismaClientValidationError: 
Invalid `prisma.taskExtract.findUnique()` invocation in
C:\Users\Mohamed Hany\Desktop\ادارة المهام\backend\src\modules\extracts\extract.routes.ts:104:46

  101 router.patch('/:id/status', async (req: AuthRequest, res: Response, next: NextFunction) => {
  102   try {
  103     const { status: newStatus, returnComment } = req.body;
→ 104     const extract = await prisma.taskExtract.findUnique({
            where: {
          +   id: Int
            }
          })

Argument `id` is missing.
    at throwValidationException (C:\Users\Mohamed Hany\Desktop\ادارة المهام\backend\node_modules\@prisma\client\src\runtime\core\errorRendering\throwValidationException.ts:45:9)
    at ei.handleRequestError (C:\Users\Mohamed Hany\Desktop\ادارة المهام\backend\node_modules\@prisma\client\src\runtime\RequestHandler.ts:202:7)
    at ei.handleAndLogRequestError (C:\Users\Mohamed Hany\Desktop\ادارة المهام\backend\node_modules\@prisma\client\src\runtime\RequestHandler.ts:174:12)
    at ei.request (C:\Users\Mohamed Hany\Desktop\ادارة المهام\backend\node_modules\@prisma\client\src\runtime\RequestHandler.ts:143:12)
    at async a (C:\Users\Mohamed Hany\Desktop\ادارة المهام\backend\node_modules\@prisma\client\src\runtime\getPrismaClient.ts:833:24)
    at async C:\Users\Mohamed Hany\Desktop\ادارة المهام\backend\src\modules\extracts\extract.routes.ts:104:21
[2026-05-11 01:17:26] error: Prisma error: 
Invalid `prisma.taskExtract.findUnique()` invocation in
C:\Users\Mohamed Hany\Desktop\ادارة المهام\backend\src\modules\extracts\extract.routes.ts:104:46

  101 router.patch('/:id/status', async (req: AuthRequest, res: Response, next: NextFunction) => {
  102   try {
  103     const { status: newStatus, returnComment } = req.body;
→ 104     const extract = await prisma.taskExtract.findUnique({
            where: {
          +   id: Int
            }
          })

Argument `id` is missing.
[2026-05-11 01:17:26] error: PrismaClientValidationError: 
Invalid `prisma.taskExtract.findUnique()` invocation in
C:\Users\Mohamed Hany\Desktop\ادارة المهام\backend\src\modules\extracts\extract.routes.ts:104:46

  101 router.patch('/:id/status', async (req: AuthRequest, res: Response, next: NextFunction) => {
  102   try {
  103     const { status: newStatus, returnComment } = req.body;
→ 104     const extract = await prisma.taskExtract.findUnique({
            where: {
          +   id: Int
            }
          })

Argument `id` is missing.
    at throwValidationException (C:\Users\Mohamed Hany\Desktop\ادارة المهام\backend\node_modules\@prisma\client\src\runtime\core\errorRendering\throwValidationException.ts:45:9)
    at ei.handleRequestError (C:\Users\Mohamed Hany\Desktop\ادارة المهام\backend\node_modules\@prisma\client\src\runtime\RequestHandler.ts:202:7)
    at ei.handleAndLogRequestError (C:\Users\Mohamed Hany\Desktop\ادارة المهام\backend\node_modules\@prisma\client\src\runtime\RequestHandler.ts:174:12)
    at ei.request (C:\Users\Mohamed Hany\Desktop\ادارة المهام\backend\node_modules\@prisma\client\src\runtime\RequestHandler.ts:143:12)
    at async a (C:\Users\Mohamed Hany\Desktop\ادارة المهام\backend\node_modules\@prisma\client\src\runtime\getPrismaClient.ts:833:24)
    at async C:\Users\Mohamed Hany\Desktop\ادارة المهام\backend\src\modules\extracts\extract.routes.ts:104:21
[2026-05-11 01:17:26] error: Prisma error: 
Invalid `prisma.taskExtract.findUnique()` invocation in
C:\Users\Mohamed Hany\Desktop\ادارة المهام\backend\src\modules\extracts\extract.routes.ts:104:46

  101 router.patch('/:id/status', async (req: AuthRequest, res: Response, next: NextFunction) => {
  102   try {
  103     const { status: newStatus, returnComment } = req.body;
→ 104     const extract = await prisma.taskExtract.findUnique({
            where: {
          +   id: Int
            }
          })

Argument `id` is missing.
[2026-05-11 01:17:26] error: PrismaClientValidationError: 
Invalid `prisma.taskExtract.findUnique()` invocation in
C:\Users\Mohamed Hany\Desktop\ادارة المهام\backend\src\modules\extracts\extract.routes.ts:104:46

  101 router.patch('/:id/status', async (req: AuthRequest, res: Response, next: NextFunction) => {
  102   try {
  103     const { status: newStatus, returnComment } = req.body;
→ 104     const extract = await prisma.taskExtract.findUnique({
            where: {
          +   id: Int
            }
          })

Argument `id` is missing.
    at throwValidationException (C:\Users\Mohamed Hany\Desktop\ادارة المهام\backend\node_modules\@prisma\client\src\runtime\core\errorRendering\throwValidationException.ts:45:9)
    at ei.handleRequestError (C:\Users\Mohamed Hany\Desktop\ادارة المهام\backend\node_modules\@prisma\client\src\runtime\RequestHandler.ts:202:7)
    at ei.handleAndLogRequestError (C:\Users\Mohamed Hany\Desktop\ادارة المهام\backend\node_modules\@prisma\client\src\runtime\RequestHandler.ts:174:12)
    at ei.request (C:\Users\Mohamed Hany\Desktop\ادارة المهام\backend\node_modules\@prisma\client\src\runtime\RequestHandler.ts:143:12)
    at async a (C:\Users\Mohamed Hany\Desktop\ادارة المهام\backend\node_modules\@prisma\client\src\runtime\getPrismaClient.ts:833:24)
    at async C:\Users\Mohamed Hany\Desktop\ادارة المهام\backend\src\modules\extracts\extract.routes.ts:104:21
[2026-05-11 01:17:27] error: Prisma error: 
Invalid `prisma.taskExtract.findUnique()` invocation in
C:\Users\Mohamed Hany\Desktop\ادارة المهام\backend\src\modules\extracts\extract.routes.ts:104:46

  101 router.patch('/:id/status', async (req: AuthRequest, res: Response, next: NextFunction) => {
  102   try {
  103     const { status: newStatus, returnComment } = req.body;
→ 104     const extract = await prisma.taskExtract.findUnique({
            where: {
          +   id: Int
            }
          })

Argument `id` is missing.
[2026-05-11 01:17:27] error: PrismaClientValidationError: 
Invalid `prisma.taskExtract.findUnique()` invocation in
C:\Users\Mohamed Hany\Desktop\ادارة المهام\backend\src\modules\extracts\extract.routes.ts:104:46

  101 router.patch('/:id/status', async (req: AuthRequest, res: Response, next: NextFunction) => {
  102   try {
  103     const { status: newStatus, returnComment } = req.body;
→ 104     const extract = await prisma.taskExtract.findUnique({
            where: {
          +   id: Int
            }
          })

Argument `id` is missing.
    at throwValidationException (C:\Users\Mohamed Hany\Desktop\ادارة المهام\backend\node_modules\@prisma\client\src\runtime\core\errorRendering\throwValidationException.ts:45:9)
    at ei.handleRequestError (C:\Users\Mohamed Hany\Desktop\ادارة المهام\backend\node_modules\@prisma\client\src\runtime\RequestHandler.ts:202:7)
    at ei.handleAndLogRequestError (C:\Users\Mohamed Hany\Desktop\ادارة المهام\backend\node_modules\@prisma\client\src\runtime\RequestHandler.ts:174:12)
    at ei.request (C:\Users\Mohamed Hany\Desktop\ادارة المهام\backend\node_modules\@prisma\client\src\runtime\RequestHandler.ts:143:12)
    at async a (C:\Users\Mohamed Hany\Desktop\ادارة المهام\backend\node_modules\@prisma\client\src\runtime\getPrismaClient.ts:833:24)
    at async C:\Users\Mohamed Hany\Desktop\ادارة المهام\backend\src\modules\extracts\extract.routes.ts:104:21
[2026-05-11 01:17:28] error: Prisma error: 
Invalid `prisma.taskExtract.findUnique()` invocation in
C:\Users\Mohamed Hany\Desktop\ادارة المهام\backend\src\modules\extracts\extract.routes.ts:104:46

  101 router.patch('/:id/status', async (req: AuthRequest, res: Response, next: NextFunction) => {
  102   try {
  103     const { status: newStatus, returnComment } = req.body;
→ 104     const extract = await prisma.taskExtract.findUnique({
            where: {
          +   id: Int
            }
          })

Argument `id` is missing.
[2026-05-11 01:17:28] error: PrismaClientValidationError: 
Invalid `prisma.taskExtract.findUnique()` invocation in
C:\Users\Mohamed Hany\Desktop\ادارة المهام\backend\src\modules\extracts\extract.routes.ts:104:46

  101 router.patch('/:id/status', async (req: AuthRequest, res: Response, next: NextFunction) => {
  102   try {
  103     const { status: newStatus, returnComment } = req.body;
→ 104     const extract = await prisma.taskExtract.findUnique({
            where: {
          +   id: Int
            }
          })

Argument `id` is missing.
    at throwValidationException (C:\Users\Mohamed Hany\Desktop\ادارة المهام\backend\node_modules\@prisma\client\src\runtime\core\errorRendering\throwValidationException.ts:45:9)
    at ei.handleRequestError (C:\Users\Mohamed Hany\Desktop\ادارة المهام\backend\node_modules\@prisma\client\src\runtime\RequestHandler.ts:202:7)
    at ei.handleAndLogRequestError (C:\Users\Mohamed Hany\Desktop\ادارة المهام\backend\node_modules\@prisma\client\src\runtime\RequestHandler.ts:174:12)
    at ei.request (C:\Users\Mohamed Hany\Desktop\ادارة المهام\backend\node_modules\@prisma\client\src\runtime\RequestHandler.ts:143:12)
    at async a (C:\Users\Mohamed Hany\Desktop\ادارة المهام\backend\node_modules\@prisma\client\src\runtime\getPrismaClient.ts:833:24)
    at async C:\Users\Mohamed Hany\Desktop\ادارة المهام\backend\src\modules\extracts\extract.routes.ts:104:21
[2026-05-11 01:17:29] error: Prisma error: 
Invalid `prisma.taskExtract.findUnique()` invocation in
C:\Users\Mohamed Hany\Desktop\ادارة المهام\backend\src\modules\extracts\extract.routes.ts:104:46

  101 router.patch('/:id/status', async (req: AuthRequest, res: Response, next: NextFunction) => {
  102   try {
  103     const { status: newStatus, returnComment } = req.body;
→ 104     const extract = await prisma.taskExtract.findUnique({
            where: {
          +   id: Int
            }
          })

Argument `id` is missing.
[2026-05-11 01:17:29] error: PrismaClientValidationError: 
Invalid `prisma.taskExtract.findUnique()` invocation in
C:\Users\Mohamed Hany\Desktop\ادارة المهام\backend\src\modules\extracts\extract.routes.ts:104:46

  101 router.patch('/:id/status', async (req: AuthRequest, res: Response, next: NextFunction) => {
  102   try {
  103     const { status: newStatus, returnComment } = req.body;
→ 104     const extract = await prisma.taskExtract.findUnique({
            where: {
          +   id: Int
            }
          })

Argument `id` is missing.
    at throwValidationException (C:\Users\Mohamed Hany\Desktop\ادارة المهام\backend\node_modules\@prisma\client\src\runtime\core\errorRendering\throwValidationException.ts:45:9)
    at ei.handleRequestError (C:\Users\Mohamed Hany\Desktop\ادارة المهام\backend\node_modules\@prisma\client\src\runtime\RequestHandler.ts:202:7)
    at ei.handleAndLogRequestError (C:\Users\Mohamed Hany\Desktop\ادارة المهام\backend\node_modules\@prisma\client\src\runtime\RequestHandler.ts:174:12)
    at ei.request (C:\Users\Mohamed Hany\Desktop\ادارة المهام\backend\node_modules\@prisma\client\src\runtime\RequestHandler.ts:143:12)
    at async a (C:\Users\Mohamed Hany\Desktop\ادارة المهام\backend\node_modules\@prisma\client\src\runtime\getPrismaClient.ts:833:24)
    at async C:\Users\Mohamed Hany\Desktop\ادارة المهام\backend\src\modules\extracts\extract.routes.ts:104:21
[2026-05-11 01:17:29] error: Prisma error: 
Invalid `prisma.taskExtract.findUnique()` invocation in
C:\Users\Mohamed Hany\Desktop\ادارة المهام\backend\src\modules\extracts\extract.routes.ts:104:46

  101 router.patch('/:id/status', async (req: AuthRequest, res: Response, next: NextFunction) => {
  102   try {
  103     const { status: newStatus, returnComment } = req.body;
→ 104     const extract = await prisma.taskExtract.findUnique({
            where: {
          +   id: Int
            }
          })

Argument `id` is missing.
[2026-05-11 01:17:29] error: PrismaClientValidationError: 
Invalid `prisma.taskExtract.findUnique()` invocation in
C:\Users\Mohamed Hany\Desktop\ادارة المهام\backend\src\modules\extracts\extract.routes.ts:104:46

  101 router.patch('/:id/status', async (req: AuthRequest, res: Response, next: NextFunction) => {
  102   try {
  103     const { status: newStatus, returnComment } = req.body;
→ 104     const extract = await prisma.taskExtract.findUnique({
            where: {
          +   id: Int
            }
          })

Argument `id` is missing.
    at throwValidationException (C:\Users\Mohamed Hany\Desktop\ادارة المهام\backend\node_modules\@prisma\client\src\runtime\core\errorRendering\throwValidationException.ts:45:9)
    at ei.handleRequestError (C:\Users\Mohamed Hany\Desktop\ادارة المهام\backend\node_modules\@prisma\client\src\runtime\RequestHandler.ts:202:7)
    at ei.handleAndLogRequestError (C:\Users\Mohamed Hany\Desktop\ادارة المهام\backend\node_modules\@prisma\client\src\runtime\RequestHandler.ts:174:12)
    at ei.request (C:\Users\Mohamed Hany\Desktop\ادارة المهام\backend\node_modules\@prisma\client\src\runtime\RequestHandler.ts:143:12)
    at async a (C:\Users\Mohamed Hany\Desktop\ادارة المهام\backend\node_modules\@prisma\client\src\runtime\getPrismaClient.ts:833:24)
    at async C:\Users\Mohamed Hany\Desktop\ادارة المهام\backend\src\modules\extracts\extract.routes.ts:104:21
[2026-05-11 01:17:30] error: Prisma error: 
Invalid `prisma.taskExtract.findUnique()` invocation in
C:\Users\Mohamed Hany\Desktop\ادارة المهام\backend\src\modules\extracts\extract.routes.ts:104:46

  101 router.patch('/:id/status', async (req: AuthRequest, res: Response, next: NextFunction) => {
  102   try {
  103     const { status: newStatus, returnComment } = req.body;
→ 104     const extract = await prisma.taskExtract.findUnique({
            where: {
          +   id: Int
            }
          })

Argument `id` is missing.
[2026-05-11 01:17:30] error: PrismaClientValidationError: 
Invalid `prisma.taskExtract.findUnique()` invocation in
C:\Users\Mohamed Hany\Desktop\ادارة المهام\backend\src\modules\extracts\extract.routes.ts:104:46

  101 router.patch('/:id/status', async (req: AuthRequest, res: Response, next: NextFunction) => {
  102   try {
  103     const { status: newStatus, returnComment } = req.body;
→ 104     const extract = await prisma.taskExtract.findUnique({
            where: {
          +   id: Int
            }
          })

Argument `id` is missing.
    at throwValidationException (C:\Users\Mohamed Hany\Desktop\ادارة المهام\backend\node_modules\@prisma\client\src\runtime\core\errorRendering\throwValidationException.ts:45:9)
    at ei.handleRequestError (C:\Users\Mohamed Hany\Desktop\ادارة المهام\backend\node_modules\@prisma\client\src\runtime\RequestHandler.ts:202:7)
    at ei.handleAndLogRequestError (C:\Users\Mohamed Hany\Desktop\ادارة المهام\backend\node_modules\@prisma\client\src\runtime\RequestHandler.ts:174:12)
    at ei.request (C:\Users\Mohamed Hany\Desktop\ادارة المهام\backend\node_modules\@prisma\client\src\runtime\RequestHandler.ts:143:12)
    at async a (C:\Users\Mohamed Hany\Desktop\ادارة المهام\backend\node_modules\@prisma\client\src\runtime\getPrismaClient.ts:833:24)
    at async C:\Users\Mohamed Hany\Desktop\ادارة المهام\backend\src\modules\extracts\extract.routes.ts:104:21
[2026-05-11 01:17:37] error: Prisma error: 
Invalid `prisma.taskExtract.findUnique()` invocation in
C:\Users\Mohamed Hany\Desktop\ادارة المهام\backend\src\modules\extracts\extract.routes.ts:104:46

  101 router.patch('/:id/status', async (req: AuthRequest, res: Response, next: NextFunction) => {
  102   try {
  103     const { status: newStatus, returnComment } = req.body;
→ 104     const extract = await prisma.taskExtract.findUnique({
            where: {
          +   id: Int
            }
          })

Argument `id` is missing.
[2026-05-11 01:17:37] error: PrismaClientValidationError: 
Invalid `prisma.taskExtract.findUnique()` invocation in
C:\Users\Mohamed Hany\Desktop\ادارة المهام\backend\src\modules\extracts\extract.routes.ts:104:46

  101 router.patch('/:id/status', async (req: AuthRequest, res: Response, next: NextFunction) => {
  102   try {
  103     const { status: newStatus, returnComment } = req.body;
→ 104     const extract = await prisma.taskExtract.findUnique({
            where: {
          +   id: Int
            }
          })

Argument `id` is missing.
    at throwValidationException (C:\Users\Mohamed Hany\Desktop\ادارة المهام\backend\node_modules\@prisma\client\src\runtime\core\errorRendering\throwValidationException.ts:45:9)
    at ei.handleRequestError (C:\Users\Mohamed Hany\Desktop\ادارة المهام\backend\node_modules\@prisma\client\src\runtime\RequestHandler.ts:202:7)
    at ei.handleAndLogRequestError (C:\Users\Mohamed Hany\Desktop\ادارة المهام\backend\node_modules\@prisma\client\src\runtime\RequestHandler.ts:174:12)
    at ei.request (C:\Users\Mohamed Hany\Desktop\ادارة المهام\backend\node_modules\@prisma\client\src\runtime\RequestHandler.ts:143:12)
    at async a (C:\Users\Mohamed Hany\Desktop\ادارة المهام\backend\node_modules\@prisma\client\src\runtime\getPrismaClient.ts:833:24)
    at async C:\Users\Mohamed Hany\Desktop\ادارة المهام\backend\src\modules\extracts\extract.routes.ts:104:21
[2026-05-11 01:17:37] error: Prisma error: 
Invalid `prisma.taskExtract.findUnique()` invocation in
C:\Users\Mohamed Hany\Desktop\ادارة المهام\backend\src\modules\extracts\extract.routes.ts:104:46

  101 router.patch('/:id/status', async (req: AuthRequest, res: Response, next: NextFunction) => {
  102   try {
  103     const { status: newStatus, returnComment } = req.body;
→ 104     const extract = await prisma.taskExtract.findUnique({
            where: {
          +   id: Int
            }
          })

Argument `id` is missing.
[2026-05-11 01:17:37] error: PrismaClientValidationError: 
Invalid `prisma.taskExtract.findUnique()` invocation in
C:\Users\Mohamed Hany\Desktop\ادارة المهام\backend\src\modules\extracts\extract.routes.ts:104:46

  101 router.patch('/:id/status', async (req: AuthRequest, res: Response, next: NextFunction) => {
  102   try {
  103     const { status: newStatus, returnComment } = req.body;
→ 104     const extract = await prisma.taskExtract.findUnique({
            where: {
          +   id: Int
            }
          })

Argument `id` is missing.
    at throwValidationException (C:\Users\Mohamed Hany\Desktop\ادارة المهام\backend\node_modules\@prisma\client\src\runtime\core\errorRendering\throwValidationException.ts:45:9)
    at ei.handleRequestError (C:\Users\Mohamed Hany\Desktop\ادارة المهام\backend\node_modules\@prisma\client\src\runtime\RequestHandler.ts:202:7)
    at ei.handleAndLogRequestError (C:\Users\Mohamed Hany\Desktop\ادارة المهام\backend\node_modules\@prisma\client\src\runtime\RequestHandler.ts:174:12)
    at ei.request (C:\Users\Mohamed Hany\Desktop\ادارة المهام\backend\node_modules\@prisma\client\src\runtime\RequestHandler.ts:143:12)
    at async a (C:\Users\Mohamed Hany\Desktop\ادارة المهام\backend\node_modules\@prisma\client\src\runtime\getPrismaClient.ts:833:24)
    at async C:\Users\Mohamed Hany\Desktop\ادارة المهام\backend\src\modules\extracts\extract.routes.ts:104:21
[2026-05-12 20:51:51] error: Error: No token provided
    at authenticate (C:\Users\Mohamed Hany\Desktop\ادارة المهام\backend\src\middleware\auth.ts:24:13)
    at Layer.handle [as handle_request] (C:\Users\Mohamed Hany\Desktop\ادارة المهام\backend\node_modules\express\lib\router\layer.js:95:5)
    at trim_prefix (C:\Users\Mohamed Hany\Desktop\ادارة المهام\backend\node_modules\express\lib\router\index.js:328:13)
    at C:\Users\Mohamed Hany\Desktop\ادارة المهام\backend\node_modules\express\lib\router\index.js:286:9
    at Function.process_params (C:\Users\Mohamed Hany\Desktop\ادارة المهام\backend\node_modules\express\lib\router\index.js:346:12)
    at next (C:\Users\Mohamed Hany\Desktop\ادارة المهام\backend\node_modules\express\lib\router\index.js:280:10)
    at Function.handle (C:\Users\Mohamed Hany\Desktop\ادارة المهام\backend\node_modules\express\lib\router\index.js:175:3)
    at router (C:\Users\Mohamed Hany\Desktop\ادارة المهام\backend\node_modules\express\lib\router\index.js:47:12)
    at Layer.handle [as handle_request] (C:\Users\Mohamed Hany\Desktop\ادارة المهام\backend\node_modules\express\lib\router\layer.js:95:5)
    at trim_prefix (C:\Users\Mohamed Hany\Desktop\ادارة المهام\backend\node_modules\express\lib\router\index.js:328:13)
    at C:\Users\Mohamed Hany\Desktop\ادارة المهام\backend\node_modules\express\lib\router\index.js:286:9
    at Function.process_params (C:\Users\Mohamed Hany\Desktop\ادارة المهام\backend\node_modules\express\lib\router\index.js:346:12)
    at next (C:\Users\Mohamed Hany\Desktop\ادارة المهام\backend\node_modules\express\lib\router\index.js:280:10)
    at requestLogger (C:\Users\Mohamed Hany\Desktop\ادارة المهام\backend\src\middleware\requestLogger.ts:6:3)
    at Layer.handle [as handle_request] (C:\Users\Mohamed Hany\Desktop\ادارة المهام\backend\node_modules\express\lib\router\layer.js:95:5)
    at trim_prefix (C:\Users\Mohamed Hany\Desktop\ادارة المهام\backend\node_modules\express\lib\router\index.js:328:13)
    at C:\Users\Mohamed Hany\Desktop\ادارة المهام\backend\node_modules\express\lib\router\index.js:286:9
    at Function.process_params (C:\Users\Mohamed Hany\Desktop\ادارة المهام\backend\node_modules\express\lib\router\index.js:346:12)
    at next (C:\Users\Mohamed Hany\Desktop\ادارة المهام\backend\node_modules\express\lib\router\index.js:280:10)
    at urlencodedParser (C:\Users\Mohamed Hany\Desktop\ادارة المهام\backend\node_modules\body-parser\lib\types\urlencoded.js:91:7)
    at Layer.handle [as handle_request] (C:\Users\Mohamed Hany\Desktop\ادارة المهام\backend\node_modules\express\lib\router\layer.js:95:5)
    at trim_prefix (C:\Users\Mohamed Hany\Desktop\ادارة المهام\backend\node_modules\express\lib\router\index.js:328:13)
[2026-05-12 20:52:11] error: Error: No token provided
    at authenticate (C:\Users\Mohamed Hany\Desktop\ادارة المهام\backend\src\middleware\auth.ts:24:13)
    at Layer.handle [as handle_request] (C:\Users\Mohamed Hany\Desktop\ادارة المهام\backend\node_modules\express\lib\router\layer.js:95:5)
    at trim_prefix (C:\Users\Mohamed Hany\Desktop\ادارة المهام\backend\node_modules\express\lib\router\index.js:328:13)
    at C:\Users\Mohamed Hany\Desktop\ادارة المهام\backend\node_modules\express\lib\router\index.js:286:9
    at Function.process_params (C:\Users\Mohamed Hany\Desktop\ادارة المهام\backend\node_modules\express\lib\router\index.js:346:12)
    at next (C:\Users\Mohamed Hany\Desktop\ادارة المهام\backend\node_modules\express\lib\router\index.js:280:10)
    at Function.handle (C:\Users\Mohamed Hany\Desktop\ادارة المهام\backend\node_modules\express\lib\router\index.js:175:3)
    at router (C:\Users\Mohamed Hany\Desktop\ادارة المهام\backend\node_modules\express\lib\router\index.js:47:12)
    at Layer.handle [as handle_request] (C:\Users\Mohamed Hany\Desktop\ادارة المهام\backend\node_modules\express\lib\router\layer.js:95:5)
    at trim_prefix (C:\Users\Mohamed Hany\Desktop\ادارة المهام\backend\node_modules\express\lib\router\index.js:328:13)
    at C:\Users\Mohamed Hany\Desktop\ادارة المهام\backend\node_modules\express\lib\router\index.js:286:9
    at Function.process_params (C:\Users\Mohamed Hany\Desktop\ادارة المهام\backend\node_modules\express\lib\router\index.js:346:12)
    at next (C:\Users\Mohamed Hany\Desktop\ادارة المهام\backend\node_modules\express\lib\router\index.js:280:10)
    at requestLogger (C:\Users\Mohamed Hany\Desktop\ادارة المهام\backend\src\middleware\requestLogger.ts:6:3)
    at Layer.handle [as handle_request] (C:\Users\Mohamed Hany\Desktop\ادارة المهام\backend\node_modules\express\lib\router\layer.js:95:5)
    at trim_prefix (C:\Users\Mohamed Hany\Desktop\ادارة المهام\backend\node_modules\express\lib\router\index.js:328:13)
    at C:\Users\Mohamed Hany\Desktop\ادارة المهام\backend\node_modules\express\lib\router\index.js:286:9
    at Function.process_params (C:\Users\Mohamed Hany\Desktop\ادارة المهام\backend\node_modules\express\lib\router\index.js:346:12)
    at next (C:\Users\Mohamed Hany\Desktop\ادارة المهام\backend\node_modules\express\lib\router\index.js:280:10)
    at urlencodedParser (C:\Users\Mohamed Hany\Desktop\ادارة المهام\backend\node_modules\body-parser\lib\types\urlencoded.js:91:7)
    at Layer.handle [as handle_request] (C:\Users\Mohamed Hany\Desktop\ادارة المهام\backend\node_modules\express\lib\router\layer.js:95:5)
    at trim_prefix (C:\Users\Mohamed Hany\Desktop\ادارة المهام\backend\node_modules\express\lib\router\index.js:328:13)
[2026-05-12 20:53:33] error: Error: Invalid or expired token
    at authenticate (C:\Users\Mohamed Hany\Desktop\ادارة المهام\backend\src\middleware\auth.ts:51:12)
    at Layer.handle [as handle_request] (C:\Users\Mohamed Hany\Desktop\ادارة المهام\backend\node_modules\express\lib\router\layer.js:95:5)
    at trim_prefix (C:\Users\Mohamed Hany\Desktop\ادارة المهام\backend\node_modules\express\lib\router\index.js:328:13)
    at C:\Users\Mohamed Hany\Desktop\ادارة المهام\backend\node_modules\express\lib\router\index.js:286:9
    at Function.process_params (C:\Users\Mohamed Hany\Desktop\ادارة المهام\backend\node_modules\express\lib\router\index.js:346:12)
    at next (C:\Users\Mohamed Hany\Desktop\ادارة المهام\backend\node_modules\express\lib\router\index.js:280:10)
    at Function.handle (C:\Users\Mohamed Hany\Desktop\ادارة المهام\backend\node_modules\express\lib\router\index.js:175:3)
    at router (C:\Users\Mohamed Hany\Desktop\ادارة المهام\backend\node_modules\express\lib\router\index.js:47:12)
    at Layer.handle [as handle_request] (C:\Users\Mohamed Hany\Desktop\ادارة المهام\backend\node_modules\express\lib\router\layer.js:95:5)
    at trim_prefix (C:\Users\Mohamed Hany\Desktop\ادارة المهام\backend\node_modules\express\lib\router\index.js:328:13)
    at C:\Users\Mohamed Hany\Desktop\ادارة المهام\backend\node_modules\express\lib\router\index.js:286:9
    at Function.process_params (C:\Users\Mohamed Hany\Desktop\ادارة المهام\backend\node_modules\express\lib\router\index.js:346:12)
    at next (C:\Users\Mohamed Hany\Desktop\ادارة المهام\backend\node_modules\express\lib\router\index.js:280:10)
    at requestLogger (C:\Users\Mohamed Hany\Desktop\ادارة المهام\backend\src\middleware\requestLogger.ts:6:3)
    at Layer.handle [as handle_request] (C:\Users\Mohamed Hany\Desktop\ادارة المهام\backend\node_modules\express\lib\router\layer.js:95:5)
    at trim_prefix (C:\Users\Mohamed Hany\Desktop\ادارة المهام\backend\node_modules\express\lib\router\index.js:328:13)
    at C:\Users\Mohamed Hany\Desktop\ادارة المهام\backend\node_modules\express\lib\router\index.js:286:9
    at Function.process_params (C:\Users\Mohamed Hany\Desktop\ادارة المهام\backend\node_modules\express\lib\router\index.js:346:12)
    at next (C:\Users\Mohamed Hany\Desktop\ادارة المهام\backend\node_modules\express\lib\router\index.js:280:10)
    at urlencodedParser (C:\Users\Mohamed Hany\Desktop\ادارة المهام\backend\node_modules\body-parser\lib\types\urlencoded.js:91:7)
    at Layer.handle [as handle_request] (C:\Users\Mohamed Hany\Desktop\ادارة المهام\backend\node_modules\express\lib\router\layer.js:95:5)
    at trim_prefix (C:\Users\Mohamed Hany\Desktop\ادارة المهام\backend\node_modules\express\lib\router\index.js:328:13)
[2026-05-12 20:53:33] error: Error: Invalid or expired token
    at authenticate (C:\Users\Mohamed Hany\Desktop\ادارة المهام\backend\src\middleware\auth.ts:51:12)
    at Layer.handle [as handle_request] (C:\Users\Mohamed Hany\Desktop\ادارة المهام\backend\node_modules\express\lib\router\layer.js:95:5)
    at trim_prefix (C:\Users\Mohamed Hany\Desktop\ادارة المهام\backend\node_modules\express\lib\router\index.js:328:13)
    at C:\Users\Mohamed Hany\Desktop\ادارة المهام\backend\node_modules\express\lib\router\index.js:286:9
    at Function.process_params (C:\Users\Mohamed Hany\Desktop\ادارة المهام\backend\node_modules\express\lib\router\index.js:346:12)
    at next (C:\Users\Mohamed Hany\Desktop\ادارة المهام\backend\node_modules\express\lib\router\index.js:280:10)
    at Function.handle (C:\Users\Mohamed Hany\Desktop\ادارة المهام\backend\node_modules\express\lib\router\index.js:175:3)
    at router (C:\Users\Mohamed Hany\Desktop\ادارة المهام\backend\node_modules\express\lib\router\index.js:47:12)
    at Layer.handle [as handle_request] (C:\Users\Mohamed Hany\Desktop\ادارة المهام\backend\node_modules\express\lib\router\layer.js:95:5)
    at trim_prefix (C:\Users\Mohamed Hany\Desktop\ادارة المهام\backend\node_modules\express\lib\router\index.js:328:13)
    at C:\Users\Mohamed Hany\Desktop\ادارة المهام\backend\node_modules\express\lib\router\index.js:286:9
    at Function.process_params (C:\Users\Mohamed Hany\Desktop\ادارة المهام\backend\node_modules\express\lib\router\index.js:346:12)
    at next (C:\Users\Mohamed Hany\Desktop\ادارة المهام\backend\node_modules\express\lib\router\index.js:280:10)
    at requestLogger (C:\Users\Mohamed Hany\Desktop\ادارة المهام\backend\src\middleware\requestLogger.ts:6:3)
    at Layer.handle [as handle_request] (C:\Users\Mohamed Hany\Desktop\ادارة المهام\backend\node_modules\express\lib\router\layer.js:95:5)
    at trim_prefix (C:\Users\Mohamed Hany\Desktop\ادارة المهام\backend\node_modules\express\lib\router\index.js:328:13)
    at C:\Users\Mohamed Hany\Desktop\ادارة المهام\backend\node_modules\express\lib\router\index.js:286:9
    at Function.process_params (C:\Users\Mohamed Hany\Desktop\ادارة المهام\backend\node_modules\express\lib\router\index.js:346:12)
    at next (C:\Users\Mohamed Hany\Desktop\ادارة المهام\backend\node_modules\express\lib\router\index.js:280:10)
    at urlencodedParser (C:\Users\Mohamed Hany\Desktop\ادارة المهام\backend\node_modules\body-parser\lib\types\urlencoded.js:91:7)
    at Layer.handle [as handle_request] (C:\Users\Mohamed Hany\Desktop\ادارة المهام\backend\node_modules\express\lib\router\layer.js:95:5)
    at trim_prefix (C:\Users\Mohamed Hany\Desktop\ادارة المهام\backend\node_modules\express\lib\router\index.js:328:13)
[2026-05-12 20:53:33] error: Error: Invalid or expired token
    at authenticate (C:\Users\Mohamed Hany\Desktop\ادارة المهام\backend\src\middleware\auth.ts:51:12)
    at Layer.handle [as handle_request] (C:\Users\Mohamed Hany\Desktop\ادارة المهام\backend\node_modules\express\lib\router\layer.js:95:5)
    at trim_prefix (C:\Users\Mohamed Hany\Desktop\ادارة المهام\backend\node_modules\express\lib\router\index.js:328:13)
    at C:\Users\Mohamed Hany\Desktop\ادارة المهام\backend\node_modules\express\lib\router\index.js:286:9
    at Function.process_params (C:\Users\Mohamed Hany\Desktop\ادارة المهام\backend\node_modules\express\lib\router\index.js:346:12)
    at next (C:\Users\Mohamed Hany\Desktop\ادارة المهام\backend\node_modules\express\lib\router\index.js:280:10)
    at Function.handle (C:\Users\Mohamed Hany\Desktop\ادارة المهام\backend\node_modules\express\lib\router\index.js:175:3)
    at router (C:\Users\Mohamed Hany\Desktop\ادارة المهام\backend\node_modules\express\lib\router\index.js:47:12)
    at Layer.handle [as handle_request] (C:\Users\Mohamed Hany\Desktop\ادارة المهام\backend\node_modules\express\lib\router\layer.js:95:5)
    at trim_prefix (C:\Users\Mohamed Hany\Desktop\ادارة المهام\backend\node_modules\express\lib\router\index.js:328:13)
    at C:\Users\Mohamed Hany\Desktop\ادارة المهام\backend\node_modules\express\lib\router\index.js:286:9
    at Function.process_params (C:\Users\Mohamed Hany\Desktop\ادارة المهام\backend\node_modules\express\lib\router\index.js:346:12)
    at next (C:\Users\Mohamed Hany\Desktop\ادارة المهام\backend\node_modules\express\lib\router\index.js:280:10)
    at requestLogger (C:\Users\Mohamed Hany\Desktop\ادارة المهام\backend\src\middleware\requestLogger.ts:6:3)
    at Layer.handle [as handle_request] (C:\Users\Mohamed Hany\Desktop\ادارة المهام\backend\node_modules\express\lib\router\layer.js:95:5)
    at trim_prefix (C:\Users\Mohamed Hany\Desktop\ادارة المهام\backend\node_modules\express\lib\router\index.js:328:13)
    at C:\Users\Mohamed Hany\Desktop\ادارة المهام\backend\node_modules\express\lib\router\index.js:286:9
    at Function.process_params (C:\Users\Mohamed Hany\Desktop\ادارة المهام\backend\node_modules\express\lib\router\index.js:346:12)
    at next (C:\Users\Mohamed Hany\Desktop\ادارة المهام\backend\node_modules\express\lib\router\index.js:280:10)
    at urlencodedParser (C:\Users\Mohamed Hany\Desktop\ادارة المهام\backend\node_modules\body-parser\lib\types\urlencoded.js:91:7)
    at Layer.handle [as handle_request] (C:\Users\Mohamed Hany\Desktop\ادارة المهام\backend\node_modules\express\lib\router\layer.js:95:5)
    at trim_prefix (C:\Users\Mohamed Hany\Desktop\ادارة المهام\backend\node_modules\express\lib\router\index.js:328:13)
[2026-05-12 20:53:33] error: Error: Invalid or expired token
    at authenticate (C:\Users\Mohamed Hany\Desktop\ادارة المهام\backend\src\middleware\auth.ts:51:12)
    at Layer.handle [as handle_request] (C:\Users\Mohamed Hany\Desktop\ادارة المهام\backend\node_modules\express\lib\router\layer.js:95:5)
    at trim_prefix (C:\Users\Mohamed Hany\Desktop\ادارة المهام\backend\node_modules\express\lib\router\index.js:328:13)
    at C:\Users\Mohamed Hany\Desktop\ادارة المهام\backend\node_modules\express\lib\router\index.js:286:9
    at Function.process_params (C:\Users\Mohamed Hany\Desktop\ادارة المهام\backend\node_modules\express\lib\router\index.js:346:12)
    at next (C:\Users\Mohamed Hany\Desktop\ادارة المهام\backend\node_modules\express\lib\router\index.js:280:10)
    at Function.handle (C:\Users\Mohamed Hany\Desktop\ادارة المهام\backend\node_modules\express\lib\router\index.js:175:3)
    at router (C:\Users\Mohamed Hany\Desktop\ادارة المهام\backend\node_modules\express\lib\router\index.js:47:12)
    at Layer.handle [as handle_request] (C:\Users\Mohamed Hany\Desktop\ادارة المهام\backend\node_modules\express\lib\router\layer.js:95:5)
    at trim_prefix (C:\Users\Mohamed Hany\Desktop\ادارة المهام\backend\node_modules\express\lib\router\index.js:328:13)
    at C:\Users\Mohamed Hany\Desktop\ادارة المهام\backend\node_modules\express\lib\router\index.js:286:9
    at Function.process_params (C:\Users\Mohamed Hany\Desktop\ادارة المهام\backend\node_modules\express\lib\router\index.js:346:12)
    at next (C:\Users\Mohamed Hany\Desktop\ادارة المهام\backend\node_modules\express\lib\router\index.js:280:10)
    at requestLogger (C:\Users\Mohamed Hany\Desktop\ادارة المهام\backend\src\middleware\requestLogger.ts:6:3)
    at Layer.handle [as handle_request] (C:\Users\Mohamed Hany\Desktop\ادارة المهام\backend\node_modules\express\lib\router\layer.js:95:5)
    at trim_prefix (C:\Users\Mohamed Hany\Desktop\ادارة المهام\backend\node_modules\express\lib\router\index.js:328:13)
    at C:\Users\Mohamed Hany\Desktop\ادارة المهام\backend\node_modules\express\lib\router\index.js:286:9
    at Function.process_params (C:\Users\Mohamed Hany\Desktop\ادارة المهام\backend\node_modules\express\lib\router\index.js:346:12)
    at next (C:\Users\Mohamed Hany\Desktop\ادارة المهام\backend\node_modules\express\lib\router\index.js:280:10)
    at urlencodedParser (C:\Users\Mohamed Hany\Desktop\ادارة المهام\backend\node_modules\body-parser\lib\types\urlencoded.js:91:7)
    at Layer.handle [as handle_request] (C:\Users\Mohamed Hany\Desktop\ادارة المهام\backend\node_modules\express\lib\router\layer.js:95:5)
    at trim_prefix (C:\Users\Mohamed Hany\Desktop\ادارة المهام\backend\node_modules\express\lib\router\index.js:328:13)
[2026-05-12 20:53:33] error: Error: Invalid or expired token
    at authenticate (C:\Users\Mohamed Hany\Desktop\ادارة المهام\backend\src\middleware\auth.ts:51:12)
    at Layer.handle [as handle_request] (C:\Users\Mohamed Hany\Desktop\ادارة المهام\backend\node_modules\express\lib\router\layer.js:95:5)
    at trim_prefix (C:\Users\Mohamed Hany\Desktop\ادارة المهام\backend\node_modules\express\lib\router\index.js:328:13)
    at C:\Users\Mohamed Hany\Desktop\ادارة المهام\backend\node_modules\express\lib\router\index.js:286:9
    at Function.process_params (C:\Users\Mohamed Hany\Desktop\ادارة المهام\backend\node_modules\express\lib\router\index.js:346:12)
    at next (C:\Users\Mohamed Hany\Desktop\ادارة المهام\backend\node_modules\express\lib\router\index.js:280:10)
    at Function.handle (C:\Users\Mohamed Hany\Desktop\ادارة المهام\backend\node_modules\express\lib\router\index.js:175:3)
    at router (C:\Users\Mohamed Hany\Desktop\ادارة المهام\backend\node_modules\express\lib\router\index.js:47:12)
    at Layer.handle [as handle_request] (C:\Users\Mohamed Hany\Desktop\ادارة المهام\backend\node_modules\express\lib\router\layer.js:95:5)
    at trim_prefix (C:\Users\Mohamed Hany\Desktop\ادارة المهام\backend\node_modules\express\lib\router\index.js:328:13)
    at C:\Users\Mohamed Hany\Desktop\ادارة المهام\backend\node_modules\express\lib\router\index.js:286:9
    at Function.process_params (C:\Users\Mohamed Hany\Desktop\ادارة المهام\backend\node_modules\express\lib\router\index.js:346:12)
    at next (C:\Users\Mohamed Hany\Desktop\ادارة المهام\backend\node_modules\express\lib\router\index.js:280:10)
    at requestLogger (C:\Users\Mohamed Hany\Desktop\ادارة المهام\backend\src\middleware\requestLogger.ts:6:3)
    at Layer.handle [as handle_request] (C:\Users\Mohamed Hany\Desktop\ادارة المهام\backend\node_modules\express\lib\router\layer.js:95:5)
    at trim_prefix (C:\Users\Mohamed Hany\Desktop\ادارة المهام\backend\node_modules\express\lib\router\index.js:328:13)
    at C:\Users\Mohamed Hany\Desktop\ادارة المهام\backend\node_modules\express\lib\router\index.js:286:9
    at Function.process_params (C:\Users\Mohamed Hany\Desktop\ادارة المهام\backend\node_modules\express\lib\router\index.js:346:12)
    at next (C:\Users\Mohamed Hany\Desktop\ادارة المهام\backend\node_modules\express\lib\router\index.js:280:10)
    at urlencodedParser (C:\Users\Mohamed Hany\Desktop\ادارة المهام\backend\node_modules\body-parser\lib\types\urlencoded.js:91:7)
    at Layer.handle [as handle_request] (C:\Users\Mohamed Hany\Desktop\ادارة المهام\backend\node_modules\express\lib\router\layer.js:95:5)
    at trim_prefix (C:\Users\Mohamed Hany\Desktop\ادارة المهام\backend\node_modules\express\lib\router\index.js:328:13)
[2026-05-12 20:53:33] error: Error: Invalid or expired token
    at authenticate (C:\Users\Mohamed Hany\Desktop\ادارة المهام\backend\src\middleware\auth.ts:51:12)
    at Layer.handle [as handle_request] (C:\Users\Mohamed Hany\Desktop\ادارة المهام\backend\node_modules\express\lib\router\layer.js:95:5)
    at trim_prefix (C:\Users\Mohamed Hany\Desktop\ادارة المهام\backend\node_modules\express\lib\router\index.js:328:13)
    at C:\Users\Mohamed Hany\Desktop\ادارة المهام\backend\node_modules\express\lib\router\index.js:286:9
    at Function.process_params (C:\Users\Mohamed Hany\Desktop\ادارة المهام\backend\node_modules\express\lib\router\index.js:346:12)
    at next (C:\Users\Mohamed Hany\Desktop\ادارة المهام\backend\node_modules\express\lib\router\index.js:280:10)
    at Function.handle (C:\Users\Mohamed Hany\Desktop\ادارة المهام\backend\node_modules\express\lib\router\index.js:175:3)
    at router (C:\Users\Mohamed Hany\Desktop\ادارة المهام\backend\node_modules\express\lib\router\index.js:47:12)
    at Layer.handle [as handle_request] (C:\Users\Mohamed Hany\Desktop\ادارة المهام\backend\node_modules\express\lib\router\layer.js:95:5)
    at trim_prefix (C:\Users\Mohamed Hany\Desktop\ادارة المهام\backend\node_modules\express\lib\router\index.js:328:13)
    at C:\Users\Mohamed Hany\Desktop\ادارة المهام\backend\node_modules\express\lib\router\index.js:286:9
    at Function.process_params (C:\Users\Mohamed Hany\Desktop\ادارة المهام\backend\node_modules\express\lib\router\index.js:346:12)
    at next (C:\Users\Mohamed Hany\Desktop\ادارة المهام\backend\node_modules\express\lib\router\index.js:280:10)
    at requestLogger (C:\Users\Mohamed Hany\Desktop\ادارة المهام\backend\src\middleware\requestLogger.ts:6:3)
    at Layer.handle [as handle_request] (C:\Users\Mohamed Hany\Desktop\ادارة المهام\backend\node_modules\express\lib\router\layer.js:95:5)
    at trim_prefix (C:\Users\Mohamed Hany\Desktop\ادارة المهام\backend\node_modules\express\lib\router\index.js:328:13)
    at C:\Users\Mohamed Hany\Desktop\ادارة المهام\backend\node_modules\express\lib\router\index.js:286:9
    at Function.process_params (C:\Users\Mohamed Hany\Desktop\ادارة المهام\backend\node_modules\express\lib\router\index.js:346:12)
    at next (C:\Users\Mohamed Hany\Desktop\ادارة المهام\backend\node_modules\express\lib\router\index.js:280:10)
    at urlencodedParser (C:\Users\Mohamed Hany\Desktop\ادارة المهام\backend\node_modules\body-parser\lib\types\urlencoded.js:91:7)
    at Layer.handle [as handle_request] (C:\Users\Mohamed Hany\Desktop\ادارة المهام\backend\node_modules\express\lib\router\layer.js:95:5)
    at trim_prefix (C:\Users\Mohamed Hany\Desktop\ادارة المهام\backend\node_modules\express\lib\router\index.js:328:13)
[2026-05-12 20:53:34] error: Error: No token provided
    at authenticate (C:\Users\Mohamed Hany\Desktop\ادارة المهام\backend\src\middleware\auth.ts:24:13)
    at Layer.handle [as handle_request] (C:\Users\Mohamed Hany\Desktop\ادارة المهام\backend\node_modules\express\lib\router\layer.js:95:5)
    at trim_prefix (C:\Users\Mohamed Hany\Desktop\ادارة المهام\backend\node_modules\express\lib\router\index.js:328:13)
    at C:\Users\Mohamed Hany\Desktop\ادارة المهام\backend\node_modules\express\lib\router\index.js:286:9
    at Function.process_params (C:\Users\Mohamed Hany\Desktop\ادارة المهام\backend\node_modules\express\lib\router\index.js:346:12)
    at next (C:\Users\Mohamed Hany\Desktop\ادارة المهام\backend\node_modules\express\lib\router\index.js:280:10)
    at Function.handle (C:\Users\Mohamed Hany\Desktop\ادارة المهام\backend\node_modules\express\lib\router\index.js:175:3)
    at router (C:\Users\Mohamed Hany\Desktop\ادارة المهام\backend\node_modules\express\lib\router\index.js:47:12)
    at Layer.handle [as handle_request] (C:\Users\Mohamed Hany\Desktop\ادارة المهام\backend\node_modules\express\lib\router\layer.js:95:5)
    at trim_prefix (C:\Users\Mohamed Hany\Desktop\ادارة المهام\backend\node_modules\express\lib\router\index.js:328:13)
    at C:\Users\Mohamed Hany\Desktop\ادارة المهام\backend\node_modules\express\lib\router\index.js:286:9
    at Function.process_params (C:\Users\Mohamed Hany\Desktop\ادارة المهام\backend\node_modules\express\lib\router\index.js:346:12)
    at next (C:\Users\Mohamed Hany\Desktop\ادارة المهام\backend\node_modules\express\lib\router\index.js:280:10)
    at requestLogger (C:\Users\Mohamed Hany\Desktop\ادارة المهام\backend\src\middleware\requestLogger.ts:6:3)
    at Layer.handle [as handle_request] (C:\Users\Mohamed Hany\Desktop\ادارة المهام\backend\node_modules\express\lib\router\layer.js:95:5)
    at trim_prefix (C:\Users\Mohamed Hany\Desktop\ادارة المهام\backend\node_modules\express\lib\router\index.js:328:13)
    at C:\Users\Mohamed Hany\Desktop\ادارة المهام\backend\node_modules\express\lib\router\index.js:286:9
    at Function.process_params (C:\Users\Mohamed Hany\Desktop\ادارة المهام\backend\node_modules\express\lib\router\index.js:346:12)
    at next (C:\Users\Mohamed Hany\Desktop\ادارة المهام\backend\node_modules\express\lib\router\index.js:280:10)
    at urlencodedParser (C:\Users\Mohamed Hany\Desktop\ادارة المهام\backend\node_modules\body-parser\lib\types\urlencoded.js:91:7)
    at Layer.handle [as handle_request] (C:\Users\Mohamed Hany\Desktop\ادارة المهام\backend\node_modules\express\lib\router\layer.js:95:5)
    at trim_prefix (C:\Users\Mohamed Hany\Desktop\ادارة المهام\backend\node_modules\express\lib\router\index.js:328:13)
[2026-05-12 20:55:12] error: Prisma error: 
Invalid `prisma.user.findUnique()` invocation in
C:\Users\Mohamed Hany\Desktop\ادارة المهام\backend\src\modules\users\user.service.ts:39:36

  36 },
  37 
  38 async getById(id: number) {
→ 39   const user = await prisma.user.findUnique({
         where: {
       +   id: Int
         },
         include: {
           role: true,
           department: true,
           manager: {
             select: {
               id: true,
               fullName: true,
               fullNameAr: true,
               employeeCode: true
             }
           },
           subordinates: {
             select: {
               id: true,
               fullName: true,
               fullNameAr: true,
               employeeCode: true
             }
           },
           tasksAssigned: {
             where: {
               status: {
                 not: "COMPLETED"
               }
             },
             include: {
               category: true
             },
             take: 10
           }
         }
       })

Argument `id` is missing.
[2026-05-12 20:55:12] error: PrismaClientValidationError: 
Invalid `prisma.user.findUnique()` invocation in
C:\Users\Mohamed Hany\Desktop\ادارة المهام\backend\src\modules\users\user.service.ts:39:36

  36 },
  37 
  38 async getById(id: number) {
→ 39   const user = await prisma.user.findUnique({
         where: {
       +   id: Int
         },
         include: {
           role: true,
           department: true,
           manager: {
             select: {
               id: true,
               fullName: true,
               fullNameAr: true,
               employeeCode: true
             }
           },
           subordinates: {
             select: {
               id: true,
               fullName: true,
               fullNameAr: true,
               employeeCode: true
             }
           },
           tasksAssigned: {
             where: {
               status: {
                 not: "COMPLETED"
               }
             },
             include: {
               category: true
             },
             take: 10
           }
         }
       })

Argument `id` is missing.
    at throwValidationException (C:\Users\Mohamed Hany\Desktop\ادارة المهام\backend\node_modules\@prisma\client\src\runtime\core\errorRendering\throwValidationException.ts:45:9)
    at ei.handleRequestError (C:\Users\Mohamed Hany\Desktop\ادارة المهام\backend\node_modules\@prisma\client\src\runtime\RequestHandler.ts:202:7)
    at ei.handleAndLogRequestError (C:\Users\Mohamed Hany\Desktop\ادارة المهام\backend\node_modules\@prisma\client\src\runtime\RequestHandler.ts:174:12)
    at ei.request (C:\Users\Mohamed Hany\Desktop\ادارة المهام\backend\node_modules\@prisma\client\src\runtime\RequestHandler.ts:143:12)
    at async a (C:\Users\Mohamed Hany\Desktop\ادارة المهام\backend\node_modules\@prisma\client\src\runtime\getPrismaClient.ts:833:24)
    at async Object.getById (C:\Users\Mohamed Hany\Desktop\ادارة المهام\backend\src\modules\users\user.service.ts:39:18)
    at async getById (C:\Users\Mohamed Hany\Desktop\ادارة المهام\backend\src\modules\users\user.controller.ts:33:20)
[2026-05-12 20:57:24] error: Error: No token provided
    at authenticate (C:\Users\Mohamed Hany\Desktop\ادارة المهام\backend\src\middleware\auth.ts:24:13)
    at Layer.handle [as handle_request] (C:\Users\Mohamed Hany\Desktop\ادارة المهام\backend\node_modules\express\lib\router\layer.js:95:5)
    at trim_prefix (C:\Users\Mohamed Hany\Desktop\ادارة المهام\backend\node_modules\express\lib\router\index.js:328:13)
    at C:\Users\Mohamed Hany\Desktop\ادارة المهام\backend\node_modules\express\lib\router\index.js:286:9
    at Function.process_params (C:\Users\Mohamed Hany\Desktop\ادارة المهام\backend\node_modules\express\lib\router\index.js:346:12)
    at next (C:\Users\Mohamed Hany\Desktop\ادارة المهام\backend\node_modules\express\lib\router\index.js:280:10)
    at Function.handle (C:\Users\Mohamed Hany\Desktop\ادارة المهام\backend\node_modules\express\lib\router\index.js:175:3)
    at router (C:\Users\Mohamed Hany\Desktop\ادارة المهام\backend\node_modules\express\lib\router\index.js:47:12)
    at Layer.handle [as handle_request] (C:\Users\Mohamed Hany\Desktop\ادارة المهام\backend\node_modules\express\lib\router\layer.js:95:5)
    at trim_prefix (C:\Users\Mohamed Hany\Desktop\ادارة المهام\backend\node_modules\express\lib\router\index.js:328:13)
    at C:\Users\Mohamed Hany\Desktop\ادارة المهام\backend\node_modules\express\lib\router\index.js:286:9
    at Function.process_params (C:\Users\Mohamed Hany\Desktop\ادارة المهام\backend\node_modules\express\lib\router\index.js:346:12)
    at next (C:\Users\Mohamed Hany\Desktop\ادارة المهام\backend\node_modules\express\lib\router\index.js:280:10)
    at requestLogger (C:\Users\Mohamed Hany\Desktop\ادارة المهام\backend\src\middleware\requestLogger.ts:6:3)
    at Layer.handle [as handle_request] (C:\Users\Mohamed Hany\Desktop\ادارة المهام\backend\node_modules\express\lib\router\layer.js:95:5)
    at trim_prefix (C:\Users\Mohamed Hany\Desktop\ادارة المهام\backend\node_modules\express\lib\router\index.js:328:13)
    at C:\Users\Mohamed Hany\Desktop\ادارة المهام\backend\node_modules\express\lib\router\index.js:286:9
    at Function.process_params (C:\Users\Mohamed Hany\Desktop\ادارة المهام\backend\node_modules\express\lib\router\index.js:346:12)
    at next (C:\Users\Mohamed Hany\Desktop\ادارة المهام\backend\node_modules\express\lib\router\index.js:280:10)
    at urlencodedParser (C:\Users\Mohamed Hany\Desktop\ادارة المهام\backend\node_modules\body-parser\lib\types\urlencoded.js:91:7)
    at Layer.handle [as handle_request] (C:\Users\Mohamed Hany\Desktop\ادارة المهام\backend\node_modules\express\lib\router\layer.js:95:5)
    at trim_prefix (C:\Users\Mohamed Hany\Desktop\ادارة المهام\backend\node_modules\express\lib\router\index.js:328:13)
[2026-05-12 20:58:53] error: ZodError: [
  {
    "code": "invalid_type",
    "expected": "string",
    "received": "undefined",
    "path": [
      "username"
    ],
    "message": "Required"
  }
]
    at Object.get error [as error] (C:\Users\Mohamed Hany\Desktop\ادارة المهام\backend\node_modules\zod\v3\types.cjs:45:31)
    at ZodObject.parse (C:\Users\Mohamed Hany\Desktop\ادارة المهام\backend\node_modules\zod\v3\types.cjs:120:22)
    at login (C:\Users\Mohamed Hany\Desktop\ادارة المهام\backend\src\modules\auth\auth.controller.ts:28:50)
    at Layer.handle [as handle_request] (C:\Users\Mohamed Hany\Desktop\ادارة المهام\backend\node_modules\express\lib\router\layer.js:95:5)
    at next (C:\Users\Mohamed Hany\Desktop\ادارة المهام\backend\node_modules\express\lib\router\route.js:149:13)
    at Route.dispatch (C:\Users\Mohamed Hany\Desktop\ادارة المهام\backend\node_modules\express\lib\router\route.js:119:3)
    at Layer.handle [as handle_request] (C:\Users\Mohamed Hany\Desktop\ادارة المهام\backend\node_modules\express\lib\router\layer.js:95:5)
    at C:\Users\Mohamed Hany\Desktop\ادارة المهام\backend\node_modules\express\lib\router\index.js:284:15
    at Function.process_params (C:\Users\Mohamed Hany\Desktop\ادارة المهام\backend\node_modules\express\lib\router\index.js:346:12)
    at next (C:\Users\Mohamed Hany\Desktop\ادارة المهام\backend\node_modules\express\lib\router\index.js:280:10)
    at Function.handle (C:\Users\Mohamed Hany\Desktop\ادارة المهام\backend\node_modules\express\lib\router\index.js:175:3)
    at router (C:\Users\Mohamed Hany\Desktop\ادارة المهام\backend\node_modules\express\lib\router\index.js:47:12)
    at Layer.handle [as handle_request] (C:\Users\Mohamed Hany\Desktop\ادارة المهام\backend\node_modules\express\lib\router\layer.js:95:5)
    at trim_prefix (C:\Users\Mohamed Hany\Desktop\ادارة المهام\backend\node_modules\express\lib\router\index.js:328:13)
    at C:\Users\Mohamed Hany\Desktop\ادارة المهام\backend\node_modules\express\lib\router\index.js:286:9
    at Function.process_params (C:\Users\Mohamed Hany\Desktop\ادارة المهام\backend\node_modules\express\lib\router\index.js:346:12)
    at next (C:\Users\Mohamed Hany\Desktop\ادارة المهام\backend\node_modules\express\lib\router\index.js:280:10)
    at C:\Users\Mohamed Hany\Desktop\ادارة المهام\backend\node_modules\express-rate-limit\dist\index.cjs:999:7
    at processTicksAndRejections (node:internal/process/task_queues:105:5)
    at async C:\Users\Mohamed Hany\Desktop\ادارة المهام\backend\node_modules\express-rate-limit\dist\index.cjs:854:5
[2026-05-12 20:59:06] error: Error: بيانات الدخول غير صحيحة / Invalid credentials
    at Object.login (C:\Users\Mohamed Hany\Desktop\ادارة المهام\backend\src\modules\auth\auth.service.ts:18:22)
    at async login (C:\Users\Mohamed Hany\Desktop\ادارة المهام\backend\src\modules\auth\auth.controller.ts:30:22)
[2026-05-12 20:59:06] error: Error: No token provided
    at authenticate (C:\Users\Mohamed Hany\Desktop\ادارة المهام\backend\src\middleware\auth.ts:24:13)
    at Layer.handle [as handle_request] (C:\Users\Mohamed Hany\Desktop\ادارة المهام\backend\node_modules\express\lib\router\layer.js:95:5)
    at trim_prefix (C:\Users\Mohamed Hany\Desktop\ادارة المهام\backend\node_modules\express\lib\router\index.js:328:13)
    at C:\Users\Mohamed Hany\Desktop\ادارة المهام\backend\node_modules\express\lib\router\index.js:286:9
    at Function.process_params (C:\Users\Mohamed Hany\Desktop\ادارة المهام\backend\node_modules\express\lib\router\index.js:346:12)
    at next (C:\Users\Mohamed Hany\Desktop\ادارة المهام\backend\node_modules\express\lib\router\index.js:280:10)
    at Function.handle (C:\Users\Mohamed Hany\Desktop\ادارة المهام\backend\node_modules\express\lib\router\index.js:175:3)
    at router (C:\Users\Mohamed Hany\Desktop\ادارة المهام\backend\node_modules\express\lib\router\index.js:47:12)
    at Layer.handle [as handle_request] (C:\Users\Mohamed Hany\Desktop\ادارة المهام\backend\node_modules\express\lib\router\layer.js:95:5)
    at trim_prefix (C:\Users\Mohamed Hany\Desktop\ادارة المهام\backend\node_modules\express\lib\router\index.js:328:13)
    at C:\Users\Mohamed Hany\Desktop\ادارة المهام\backend\node_modules\express\lib\router\index.js:286:9
    at Function.process_params (C:\Users\Mohamed Hany\Desktop\ادارة المهام\backend\node_modules\express\lib\router\index.js:346:12)
    at next (C:\Users\Mohamed Hany\Desktop\ادارة المهام\backend\node_modules\express\lib\router\index.js:280:10)
    at requestLogger (C:\Users\Mohamed Hany\Desktop\ادارة المهام\backend\src\middleware\requestLogger.ts:6:3)
    at Layer.handle [as handle_request] (C:\Users\Mohamed Hany\Desktop\ادارة المهام\backend\node_modules\express\lib\router\layer.js:95:5)
    at trim_prefix (C:\Users\Mohamed Hany\Desktop\ادارة المهام\backend\node_modules\express\lib\router\index.js:328:13)
    at C:\Users\Mohamed Hany\Desktop\ادارة المهام\backend\node_modules\express\lib\router\index.js:286:9
    at Function.process_params (C:\Users\Mohamed Hany\Desktop\ادارة المهام\backend\node_modules\express\lib\router\index.js:346:12)
    at next (C:\Users\Mohamed Hany\Desktop\ادارة المهام\backend\node_modules\express\lib\router\index.js:280:10)
    at urlencodedParser (C:\Users\Mohamed Hany\Desktop\ادارة المهام\backend\node_modules\body-parser\lib\types\urlencoded.js:91:7)
    at Layer.handle [as handle_request] (C:\Users\Mohamed Hany\Desktop\ادارة المهام\backend\node_modules\express\lib\router\layer.js:95:5)
    at trim_prefix (C:\Users\Mohamed Hany\Desktop\ادارة المهام\backend\node_modules\express\lib\router\index.js:328:13)
[2026-05-12 21:01:56] error: Prisma error: 
Invalid `prisma.user.findUnique()` invocation in
C:\Users\Mohamed Hany\Desktop\ادارة المهام\backend\src\modules\users\user.service.ts:39:36

  36 },
  37 
  38 async getById(id: number) {
→ 39   const user = await prisma.user.findUnique({
         where: {
       +   id: Int
         },
         include: {
           role: true,
           department: true,
           manager: {
             select: {
               id: true,
               fullName: true,
               fullNameAr: true,
               employeeCode: true
             }
           },
           subordinates: {
             select: {
               id: true,
               fullName: true,
               fullNameAr: true,
               employeeCode: true
             }
           },
           tasksAssigned: {
             where: {
               status: {
                 not: "COMPLETED"
               }
             },
             include: {
               category: true
             },
             take: 10
           }
         }
       })

Argument `id` is missing.
[2026-05-12 21:01:56] error: PrismaClientValidationError: 
Invalid `prisma.user.findUnique()` invocation in
C:\Users\Mohamed Hany\Desktop\ادارة المهام\backend\src\modules\users\user.service.ts:39:36

  36 },
  37 
  38 async getById(id: number) {
→ 39   const user = await prisma.user.findUnique({
         where: {
       +   id: Int
         },
         include: {
           role: true,
           department: true,
           manager: {
             select: {
               id: true,
               fullName: true,
               fullNameAr: true,
               employeeCode: true
             }
           },
           subordinates: {
             select: {
               id: true,
               fullName: true,
               fullNameAr: true,
               employeeCode: true
             }
           },
           tasksAssigned: {
             where: {
               status: {
                 not: "COMPLETED"
               }
             },
             include: {
               category: true
             },
             take: 10
           }
         }
       })

Argument `id` is missing.
    at throwValidationException (C:\Users\Mohamed Hany\Desktop\ادارة المهام\backend\node_modules\@prisma\client\src\runtime\core\errorRendering\throwValidationException.ts:45:9)
    at ei.handleRequestError (C:\Users\Mohamed Hany\Desktop\ادارة المهام\backend\node_modules\@prisma\client\src\runtime\RequestHandler.ts:202:7)
    at ei.handleAndLogRequestError (C:\Users\Mohamed Hany\Desktop\ادارة المهام\backend\node_modules\@prisma\client\src\runtime\RequestHandler.ts:174:12)
    at ei.request (C:\Users\Mohamed Hany\Desktop\ادارة المهام\backend\node_modules\@prisma\client\src\runtime\RequestHandler.ts:143:12)
    at async a (C:\Users\Mohamed Hany\Desktop\ادارة المهام\backend\node_modules\@prisma\client\src\runtime\getPrismaClient.ts:833:24)
    at async Object.getById (C:\Users\Mohamed Hany\Desktop\ادارة المهام\backend\src\modules\users\user.service.ts:39:18)
    at async getById (C:\Users\Mohamed Hany\Desktop\ادارة المهام\backend\src\modules\users\user.controller.ts:33:20)
[2026-05-12 21:02:39] error: Error: No token provided
    at authenticate (C:\Users\Mohamed Hany\Desktop\ادارة المهام\backend\src\middleware\auth.ts:24:13)
    at Layer.handle [as handle_request] (C:\Users\Mohamed Hany\Desktop\ادارة المهام\backend\node_modules\express\lib\router\layer.js:95:5)
    at trim_prefix (C:\Users\Mohamed Hany\Desktop\ادارة المهام\backend\node_modules\express\lib\router\index.js:328:13)
    at C:\Users\Mohamed Hany\Desktop\ادارة المهام\backend\node_modules\express\lib\router\index.js:286:9
    at Function.process_params (C:\Users\Mohamed Hany\Desktop\ادارة المهام\backend\node_modules\express\lib\router\index.js:346:12)
    at next (C:\Users\Mohamed Hany\Desktop\ادارة المهام\backend\node_modules\express\lib\router\index.js:280:10)
    at Function.handle (C:\Users\Mohamed Hany\Desktop\ادارة المهام\backend\node_modules\express\lib\router\index.js:175:3)
    at router (C:\Users\Mohamed Hany\Desktop\ادارة المهام\backend\node_modules\express\lib\router\index.js:47:12)
    at Layer.handle [as handle_request] (C:\Users\Mohamed Hany\Desktop\ادارة المهام\backend\node_modules\express\lib\router\layer.js:95:5)
    at trim_prefix (C:\Users\Mohamed Hany\Desktop\ادارة المهام\backend\node_modules\express\lib\router\index.js:328:13)
    at C:\Users\Mohamed Hany\Desktop\ادارة المهام\backend\node_modules\express\lib\router\index.js:286:9
    at Function.process_params (C:\Users\Mohamed Hany\Desktop\ادارة المهام\backend\node_modules\express\lib\router\index.js:346:12)
    at next (C:\Users\Mohamed Hany\Desktop\ادارة المهام\backend\node_modules\express\lib\router\index.js:280:10)
    at requestLogger (C:\Users\Mohamed Hany\Desktop\ادارة المهام\backend\src\middleware\requestLogger.ts:6:3)
    at Layer.handle [as handle_request] (C:\Users\Mohamed Hany\Desktop\ادارة المهام\backend\node_modules\express\lib\router\layer.js:95:5)
    at trim_prefix (C:\Users\Mohamed Hany\Desktop\ادارة المهام\backend\node_modules\express\lib\router\index.js:328:13)
    at C:\Users\Mohamed Hany\Desktop\ادارة المهام\backend\node_modules\express\lib\router\index.js:286:9
    at Function.process_params (C:\Users\Mohamed Hany\Desktop\ادارة المهام\backend\node_modules\express\lib\router\index.js:346:12)
    at next (C:\Users\Mohamed Hany\Desktop\ادارة المهام\backend\node_modules\express\lib\router\index.js:280:10)
    at urlencodedParser (C:\Users\Mohamed Hany\Desktop\ادارة المهام\backend\node_modules\body-parser\lib\types\urlencoded.js:91:7)
    at Layer.handle [as handle_request] (C:\Users\Mohamed Hany\Desktop\ادارة المهام\backend\node_modules\express\lib\router\layer.js:95:5)
    at trim_prefix (C:\Users\Mohamed Hany\Desktop\ادارة المهام\backend\node_modules\express\lib\router\index.js:328:13)
[2026-05-12 21:06:24] error: Error: بيانات الدخول غير صحيحة / Invalid credentials
    at Object.login (C:\Users\Mohamed Hany\Desktop\ادارة المهام\backend\src\modules\auth\auth.service.ts:18:22)
    at async login (C:\Users\Mohamed Hany\Desktop\ادارة المهام\backend\src\modules\auth\auth.controller.ts:30:22)
[2026-05-12 21:06:40] error: Error: بيانات الدخول غير صحيحة / Invalid credentials
    at Object.login (C:\Users\Mohamed Hany\Desktop\ادارة المهام\backend\src\modules\auth\auth.service.ts:18:22)
    at async login (C:\Users\Mohamed Hany\Desktop\ادارة المهام\backend\src\modules\auth\auth.controller.ts:30:22)
[2026-05-12 21:07:23] error: Error: بيانات الدخول غير صحيحة / Invalid credentials
    at Object.login (C:\Users\Mohamed Hany\Desktop\ادارة المهام\backend\src\modules\auth\auth.service.ts:18:22)
    at async login (C:\Users\Mohamed Hany\Desktop\ادارة المهام\backend\src\modules\auth\auth.controller.ts:30:22)
[2026-05-12 21:07:56] error: Error: بيانات الدخول غير صحيحة / Invalid credentials
    at Object.login (C:\Users\Mohamed Hany\Desktop\ادارة المهام\backend\src\modules\auth\auth.service.ts:18:22)
    at async login (C:\Users\Mohamed Hany\Desktop\ادارة المهام\backend\src\modules\auth\auth.controller.ts:30:22)
[2026-05-12 21:14:24] error: Error: Unexpected end of form
    at Multipart._final (C:\Users\Mohamed Hany\Desktop\ادارة المهام\backend\node_modules\busboy\lib\types\multipart.js:588:17)
    at prefinish (node:internal/streams/writable:916:14)
    at finishMaybe (node:internal/streams/writable:930:5)
    at Multipart.Writable.end (node:internal/streams/writable:845:5)
    at IncomingMessage.onend (node:internal/streams/readable:948:10)
    at Object.onceWrapper (node:events:633:28)
    at IncomingMessage.emit (node:events:519:28)
    at IncomingMessage.emit (node:domain:489:12)
    at endReadableNT (node:internal/streams/readable:1698:12)
    at processTicksAndRejections (node:internal/process/task_queues:90:21)
[2026-05-12 21:18:56] error: Error: No token provided
    at authenticate (C:\Users\Mohamed Hany\Desktop\ادارة المهام\backend\src\middleware\auth.ts:24:13)
    at Layer.handle [as handle_request] (C:\Users\Mohamed Hany\Desktop\ادارة المهام\backend\node_modules\express\lib\router\layer.js:95:5)
    at trim_prefix (C:\Users\Mohamed Hany\Desktop\ادارة المهام\backend\node_modules\express\lib\router\index.js:328:13)
    at C:\Users\Mohamed Hany\Desktop\ادارة المهام\backend\node_modules\express\lib\router\index.js:286:9
    at Function.process_params (C:\Users\Mohamed Hany\Desktop\ادارة المهام\backend\node_modules\express\lib\router\index.js:346:12)
    at next (C:\Users\Mohamed Hany\Desktop\ادارة المهام\backend\node_modules\express\lib\router\index.js:280:10)
    at Function.handle (C:\Users\Mohamed Hany\Desktop\ادارة المهام\backend\node_modules\express\lib\router\index.js:175:3)
    at router (C:\Users\Mohamed Hany\Desktop\ادارة المهام\backend\node_modules\express\lib\router\index.js:47:12)
    at Layer.handle [as handle_request] (C:\Users\Mohamed Hany\Desktop\ادارة المهام\backend\node_modules\express\lib\router\layer.js:95:5)
    at trim_prefix (C:\Users\Mohamed Hany\Desktop\ادارة المهام\backend\node_modules\express\lib\router\index.js:328:13)
    at C:\Users\Mohamed Hany\Desktop\ادارة المهام\backend\node_modules\express\lib\router\index.js:286:9
    at Function.process_params (C:\Users\Mohamed Hany\Desktop\ادارة المهام\backend\node_modules\express\lib\router\index.js:346:12)
    at next (C:\Users\Mohamed Hany\Desktop\ادارة المهام\backend\node_modules\express\lib\router\index.js:280:10)
    at requestLogger (C:\Users\Mohamed Hany\Desktop\ادارة المهام\backend\src\middleware\requestLogger.ts:6:3)
    at Layer.handle [as handle_request] (C:\Users\Mohamed Hany\Desktop\ادارة المهام\backend\node_modules\express\lib\router\layer.js:95:5)
    at trim_prefix (C:\Users\Mohamed Hany\Desktop\ادارة المهام\backend\node_modules\express\lib\router\index.js:328:13)
    at C:\Users\Mohamed Hany\Desktop\ادارة المهام\backend\node_modules\express\lib\router\index.js:286:9
    at Function.process_params (C:\Users\Mohamed Hany\Desktop\ادارة المهام\backend\node_modules\express\lib\router\index.js:346:12)
    at next (C:\Users\Mohamed Hany\Desktop\ادارة المهام\backend\node_modules\express\lib\router\index.js:280:10)
    at urlencodedParser (C:\Users\Mohamed Hany\Desktop\ادارة المهام\backend\node_modules\body-parser\lib\types\urlencoded.js:91:7)
    at Layer.handle [as handle_request] (C:\Users\Mohamed Hany\Desktop\ادارة المهام\backend\node_modules\express\lib\router\layer.js:95:5)
    at trim_prefix (C:\Users\Mohamed Hany\Desktop\ادارة المهام\backend\node_modules\express\lib\router\index.js:328:13)
    at C:\Users\Mohamed Hany\Desktop\ادارة المهام\backend\node_modules\express\lib\router\index.js:286:9
    at Function.process_params (C:\Users\Mohamed Hany\Desktop\ادارة المهام\backend\node_modules\express\lib\router\index.js:346:12)
    at next (C:\Users\Mohamed Hany\Desktop\ادارة المهام\backend\node_modules\express\lib\router\index.js:280:10)
    at jsonParser (C:\Users\Mohamed Hany\Desktop\ادارة المهام\backend\node_modules\body-parser\lib\types\json.js:113:7)
    at Layer.handle [as handle_request] (C:\Users\Mohamed Hany\Desktop\ادارة المهام\backend\node_modules\express\lib\router\layer.js:95:5)
    at trim_prefix (C:\Users\Mohamed Hany\Desktop\ادارة المهام\backend\node_modules\express\lib\router\index.js:328:13)
[2026-05-12 21:22:59] error: Error: Multipart: Boundary not found
    at new Multipart (C:\Users\Mohamed Hany\Desktop\ادارة المهام\backend\node_modules\busboy\lib\types\multipart.js:233:13)
    at getInstance (C:\Users\Mohamed Hany\Desktop\ادارة المهام\backend\node_modules\busboy\lib\index.js:33:12)
    at module.exports (C:\Users\Mohamed Hany\Desktop\ادارة المهام\backend\node_modules\busboy\lib\index.js:56:10)
    at multerMiddleware (C:\Users\Mohamed Hany\Desktop\ادارة المهام\backend\node_modules\multer\lib\make-middleware.js:28:16)
    at Layer.handle [as handle_request] (C:\Users\Mohamed Hany\Desktop\ادارة المهام\backend\node_modules\express\lib\router\layer.js:95:5)
    at next (C:\Users\Mohamed Hany\Desktop\ادارة المهام\backend\node_modules\express\lib\router\route.js:149:13)
    at Route.dispatch (C:\Users\Mohamed Hany\Desktop\ادارة المهام\backend\node_modules\express\lib\router\route.js:119:3)
    at Layer.handle [as handle_request] (C:\Users\Mohamed Hany\Desktop\ادارة المهام\backend\node_modules\express\lib\router\layer.js:95:5)
    at C:\Users\Mohamed Hany\Desktop\ادارة المهام\backend\node_modules\express\lib\router\index.js:284:15
    at Function.process_params (C:\Users\Mohamed Hany\Desktop\ادارة المهام\backend\node_modules\express\lib\router\index.js:346:12)
    at next (C:\Users\Mohamed Hany\Desktop\ادارة المهام\backend\node_modules\express\lib\router\index.js:280:10)
    at authenticate (C:\Users\Mohamed Hany\Desktop\ادارة المهام\backend\src\middleware\auth.ts:48:5)
[2026-05-12 21:31:19] error: Error: Invalid or expired token
    at authenticate (C:\Users\Mohamed Hany\Desktop\ادارة المهام\backend\src\middleware\auth.ts:51:12)
    at Layer.handle [as handle_request] (C:\Users\Mohamed Hany\Desktop\ادارة المهام\backend\node_modules\express\lib\router\layer.js:95:5)
    at trim_prefix (C:\Users\Mohamed Hany\Desktop\ادارة المهام\backend\node_modules\express\lib\router\index.js:328:13)
    at C:\Users\Mohamed Hany\Desktop\ادارة المهام\backend\node_modules\express\lib\router\index.js:286:9
    at Function.process_params (C:\Users\Mohamed Hany\Desktop\ادارة المهام\backend\node_modules\express\lib\router\index.js:346:12)
    at next (C:\Users\Mohamed Hany\Desktop\ادارة المهام\backend\node_modules\express\lib\router\index.js:280:10)
    at Function.handle (C:\Users\Mohamed Hany\Desktop\ادارة المهام\backend\node_modules\express\lib\router\index.js:175:3)
    at router (C:\Users\Mohamed Hany\Desktop\ادارة المهام\backend\node_modules\express\lib\router\index.js:47:12)
    at Layer.handle [as handle_request] (C:\Users\Mohamed Hany\Desktop\ادارة المهام\backend\node_modules\express\lib\router\layer.js:95:5)
    at trim_prefix (C:\Users\Mohamed Hany\Desktop\ادارة المهام\backend\node_modules\express\lib\router\index.js:328:13)
    at C:\Users\Mohamed Hany\Desktop\ادارة المهام\backend\node_modules\express\lib\router\index.js:286:9
    at Function.process_params (C:\Users\Mohamed Hany\Desktop\ادارة المهام\backend\node_modules\express\lib\router\index.js:346:12)
    at next (C:\Users\Mohamed Hany\Desktop\ادارة المهام\backend\node_modules\express\lib\router\index.js:280:10)
    at requestLogger (C:\Users\Mohamed Hany\Desktop\ادارة المهام\backend\src\middleware\requestLogger.ts:6:3)
    at Layer.handle [as handle_request] (C:\Users\Mohamed Hany\Desktop\ادارة المهام\backend\node_modules\express\lib\router\layer.js:95:5)
    at trim_prefix (C:\Users\Mohamed Hany\Desktop\ادارة المهام\backend\node_modules\express\lib\router\index.js:328:13)
    at C:\Users\Mohamed Hany\Desktop\ادارة المهام\backend\node_modules\express\lib\router\index.js:286:9
    at Function.process_params (C:\Users\Mohamed Hany\Desktop\ادارة المهام\backend\node_modules\express\lib\router\index.js:346:12)
    at next (C:\Users\Mohamed Hany\Desktop\ادارة المهام\backend\node_modules\express\lib\router\index.js:280:10)
    at urlencodedParser (C:\Users\Mohamed Hany\Desktop\ادارة المهام\backend\node_modules\body-parser\lib\types\urlencoded.js:91:7)
    at Layer.handle [as handle_request] (C:\Users\Mohamed Hany\Desktop\ادارة المهام\backend\node_modules\express\lib\router\layer.js:95:5)
    at trim_prefix (C:\Users\Mohamed Hany\Desktop\ادارة المهام\backend\node_modules\express\lib\router\index.js:328:13)
    at C:\Users\Mohamed Hany\Desktop\ادارة المهام\backend\node_modules\express\lib\router\index.js:286:9
    at Function.process_params (C:\Users\Mohamed Hany\Desktop\ادارة المهام\backend\node_modules\express\lib\router\index.js:346:12)
    at next (C:\Users\Mohamed Hany\Desktop\ادارة المهام\backend\node_modules\express\lib\router\index.js:280:10)
    at jsonParser (C:\Users\Mohamed Hany\Desktop\ادارة المهام\backend\node_modules\body-parser\lib\types\json.js:113:7)
    at Layer.handle [as handle_request] (C:\Users\Mohamed Hany\Desktop\ادارة المهام\backend\node_modules\express\lib\router\layer.js:95:5)
    at trim_prefix (C:\Users\Mohamed Hany\Desktop\ادارة المهام\backend\node_modules\express\lib\router\index.js:328:13)
[2026-05-12 21:31:19] error: Error: Invalid or expired token
    at authenticate (C:\Users\Mohamed Hany\Desktop\ادارة المهام\backend\src\middleware\auth.ts:51:12)
    at Layer.handle [as handle_request] (C:\Users\Mohamed Hany\Desktop\ادارة المهام\backend\node_modules\express\lib\router\layer.js:95:5)
    at trim_prefix (C:\Users\Mohamed Hany\Desktop\ادارة المهام\backend\node_modules\express\lib\router\index.js:328:13)
    at C:\Users\Mohamed Hany\Desktop\ادارة المهام\backend\node_modules\express\lib\router\index.js:286:9
    at Function.process_params (C:\Users\Mohamed Hany\Desktop\ادارة المهام\backend\node_modules\express\lib\router\index.js:346:12)
    at next (C:\Users\Mohamed Hany\Desktop\ادارة المهام\backend\node_modules\express\lib\router\index.js:280:10)
    at Function.handle (C:\Users\Mohamed Hany\Desktop\ادارة المهام\backend\node_modules\express\lib\router\index.js:175:3)
    at router (C:\Users\Mohamed Hany\Desktop\ادارة المهام\backend\node_modules\express\lib\router\index.js:47:12)
    at Layer.handle [as handle_request] (C:\Users\Mohamed Hany\Desktop\ادارة المهام\backend\node_modules\express\lib\router\layer.js:95:5)
    at trim_prefix (C:\Users\Mohamed Hany\Desktop\ادارة المهام\backend\node_modules\express\lib\router\index.js:328:13)
    at C:\Users\Mohamed Hany\Desktop\ادارة المهام\backend\node_modules\express\lib\router\index.js:286:9
    at Function.process_params (C:\Users\Mohamed Hany\Desktop\ادارة المهام\backend\node_modules\express\lib\router\index.js:346:12)
    at next (C:\Users\Mohamed Hany\Desktop\ادارة المهام\backend\node_modules\express\lib\router\index.js:280:10)
    at requestLogger (C:\Users\Mohamed Hany\Desktop\ادارة المهام\backend\src\middleware\requestLogger.ts:6:3)
    at Layer.handle [as handle_request] (C:\Users\Mohamed Hany\Desktop\ادارة المهام\backend\node_modules\express\lib\router\layer.js:95:5)
    at trim_prefix (C:\Users\Mohamed Hany\Desktop\ادارة المهام\backend\node_modules\express\lib\router\index.js:328:13)
    at C:\Users\Mohamed Hany\Desktop\ادارة المهام\backend\node_modules\express\lib\router\index.js:286:9
    at Function.process_params (C:\Users\Mohamed Hany\Desktop\ادارة المهام\backend\node_modules\express\lib\router\index.js:346:12)
    at next (C:\Users\Mohamed Hany\Desktop\ادارة المهام\backend\node_modules\express\lib\router\index.js:280:10)
    at urlencodedParser (C:\Users\Mohamed Hany\Desktop\ادارة المهام\backend\node_modules\body-parser\lib\types\urlencoded.js:91:7)
    at Layer.handle [as handle_request] (C:\Users\Mohamed Hany\Desktop\ادارة المهام\backend\node_modules\express\lib\router\layer.js:95:5)
    at trim_prefix (C:\Users\Mohamed Hany\Desktop\ادارة المهام\backend\node_modules\express\lib\router\index.js:328:13)
    at C:\Users\Mohamed Hany\Desktop\ادارة المهام\backend\node_modules\express\lib\router\index.js:286:9
    at Function.process_params (C:\Users\Mohamed Hany\Desktop\ادارة المهام\backend\node_modules\express\lib\router\index.js:346:12)
    at next (C:\Users\Mohamed Hany\Desktop\ادارة المهام\backend\node_modules\express\lib\router\index.js:280:10)
    at jsonParser (C:\Users\Mohamed Hany\Desktop\ادارة المهام\backend\node_modules\body-parser\lib\types\json.js:113:7)
    at Layer.handle [as handle_request] (C:\Users\Mohamed Hany\Desktop\ادارة المهام\backend\node_modules\express\lib\router\layer.js:95:5)
    at trim_prefix (C:\Users\Mohamed Hany\Desktop\ادارة المهام\backend\node_modules\express\lib\router\index.js:328:13)
[2026-05-12 21:31:19] error: Error: Invalid or expired token
    at authenticate (C:\Users\Mohamed Hany\Desktop\ادارة المهام\backend\src\middleware\auth.ts:51:12)
    at Layer.handle [as handle_request] (C:\Users\Mohamed Hany\Desktop\ادارة المهام\backend\node_modules\express\lib\router\layer.js:95:5)
    at trim_prefix (C:\Users\Mohamed Hany\Desktop\ادارة المهام\backend\node_modules\express\lib\router\index.js:328:13)
    at C:\Users\Mohamed Hany\Desktop\ادارة المهام\backend\node_modules\express\lib\router\index.js:286:9
    at Function.process_params (C:\Users\Mohamed Hany\Desktop\ادارة المهام\backend\node_modules\express\lib\router\index.js:346:12)
    at next (C:\Users\Mohamed Hany\Desktop\ادارة المهام\backend\node_modules\express\lib\router\index.js:280:10)
    at Function.handle (C:\Users\Mohamed Hany\Desktop\ادارة المهام\backend\node_modules\express\lib\router\index.js:175:3)
    at router (C:\Users\Mohamed Hany\Desktop\ادارة المهام\backend\node_modules\express\lib\router\index.js:47:12)
    at Layer.handle [as handle_request] (C:\Users\Mohamed Hany\Desktop\ادارة المهام\backend\node_modules\express\lib\router\layer.js:95:5)
    at trim_prefix (C:\Users\Mohamed Hany\Desktop\ادارة المهام\backend\node_modules\express\lib\router\index.js:328:13)
    at C:\Users\Mohamed Hany\Desktop\ادارة المهام\backend\node_modules\express\lib\router\index.js:286:9
    at Function.process_params (C:\Users\Mohamed Hany\Desktop\ادارة المهام\backend\node_modules\express\lib\router\index.js:346:12)
    at next (C:\Users\Mohamed Hany\Desktop\ادارة المهام\backend\node_modules\express\lib\router\index.js:280:10)
    at requestLogger (C:\Users\Mohamed Hany\Desktop\ادارة المهام\backend\src\middleware\requestLogger.ts:6:3)
    at Layer.handle [as handle_request] (C:\Users\Mohamed Hany\Desktop\ادارة المهام\backend\node_modules\express\lib\router\layer.js:95:5)
    at trim_prefix (C:\Users\Mohamed Hany\Desktop\ادارة المهام\backend\node_modules\express\lib\router\index.js:328:13)
    at C:\Users\Mohamed Hany\Desktop\ادارة المهام\backend\node_modules\express\lib\router\index.js:286:9
    at Function.process_params (C:\Users\Mohamed Hany\Desktop\ادارة المهام\backend\node_modules\express\lib\router\index.js:346:12)
    at next (C:\Users\Mohamed Hany\Desktop\ادارة المهام\backend\node_modules\express\lib\router\index.js:280:10)
    at urlencodedParser (C:\Users\Mohamed Hany\Desktop\ادارة المهام\backend\node_modules\body-parser\lib\types\urlencoded.js:91:7)
    at Layer.handle [as handle_request] (C:\Users\Mohamed Hany\Desktop\ادارة المهام\backend\node_modules\express\lib\router\layer.js:95:5)
    at trim_prefix (C:\Users\Mohamed Hany\Desktop\ادارة المهام\backend\node_modules\express\lib\router\index.js:328:13)
    at C:\Users\Mohamed Hany\Desktop\ادارة المهام\backend\node_modules\express\lib\router\index.js:286:9
    at Function.process_params (C:\Users\Mohamed Hany\Desktop\ادارة المهام\backend\node_modules\express\lib\router\index.js:346:12)
    at next (C:\Users\Mohamed Hany\Desktop\ادارة المهام\backend\node_modules\express\lib\router\index.js:280:10)
    at jsonParser (C:\Users\Mohamed Hany\Desktop\ادارة المهام\backend\node_modules\body-parser\lib\types\json.js:113:7)
    at Layer.handle [as handle_request] (C:\Users\Mohamed Hany\Desktop\ادارة المهام\backend\node_modules\express\lib\router\layer.js:95:5)
    at trim_prefix (C:\Users\Mohamed Hany\Desktop\ادارة المهام\backend\node_modules\express\lib\router\index.js:328:13)
[2026-05-12 21:31:19] error: Error: Invalid or expired token
    at authenticate (C:\Users\Mohamed Hany\Desktop\ادارة المهام\backend\src\middleware\auth.ts:51:12)
    at Layer.handle [as handle_request] (C:\Users\Mohamed Hany\Desktop\ادارة المهام\backend\node_modules\express\lib\router\layer.js:95:5)
    at trim_prefix (C:\Users\Mohamed Hany\Desktop\ادارة المهام\backend\node_modules\express\lib\router\index.js:328:13)
    at C:\Users\Mohamed Hany\Desktop\ادارة المهام\backend\node_modules\express\lib\router\index.js:286:9
    at Function.process_params (C:\Users\Mohamed Hany\Desktop\ادارة المهام\backend\node_modules\express\lib\router\index.js:346:12)
    at next (C:\Users\Mohamed Hany\Desktop\ادارة المهام\backend\node_modules\express\lib\router\index.js:280:10)
    at Function.handle (C:\Users\Mohamed Hany\Desktop\ادارة المهام\backend\node_modules\express\lib\router\index.js:175:3)
    at router (C:\Users\Mohamed Hany\Desktop\ادارة المهام\backend\node_modules\express\lib\router\index.js:47:12)
    at Layer.handle [as handle_request] (C:\Users\Mohamed Hany\Desktop\ادارة المهام\backend\node_modules\express\lib\router\layer.js:95:5)
    at trim_prefix (C:\Users\Mohamed Hany\Desktop\ادارة المهام\backend\node_modules\express\lib\router\index.js:328:13)
    at C:\Users\Mohamed Hany\Desktop\ادارة المهام\backend\node_modules\express\lib\router\index.js:286:9
    at Function.process_params (C:\Users\Mohamed Hany\Desktop\ادارة المهام\backend\node_modules\express\lib\router\index.js:346:12)
    at next (C:\Users\Mohamed Hany\Desktop\ادارة المهام\backend\node_modules\express\lib\router\index.js:280:10)
    at requestLogger (C:\Users\Mohamed Hany\Desktop\ادارة المهام\backend\src\middleware\requestLogger.ts:6:3)
    at Layer.handle [as handle_request] (C:\Users\Mohamed Hany\Desktop\ادارة المهام\backend\node_modules\express\lib\router\layer.js:95:5)
    at trim_prefix (C:\Users\Mohamed Hany\Desktop\ادارة المهام\backend\node_modules\express\lib\router\index.js:328:13)
    at C:\Users\Mohamed Hany\Desktop\ادارة المهام\backend\node_modules\express\lib\router\index.js:286:9
    at Function.process_params (C:\Users\Mohamed Hany\Desktop\ادارة المهام\backend\node_modules\express\lib\router\index.js:346:12)
    at next (C:\Users\Mohamed Hany\Desktop\ادارة المهام\backend\node_modules\express\lib\router\index.js:280:10)
    at urlencodedParser (C:\Users\Mohamed Hany\Desktop\ادارة المهام\backend\node_modules\body-parser\lib\types\urlencoded.js:91:7)
    at Layer.handle [as handle_request] (C:\Users\Mohamed Hany\Desktop\ادارة المهام\backend\node_modules\express\lib\router\layer.js:95:5)
    at trim_prefix (C:\Users\Mohamed Hany\Desktop\ادارة المهام\backend\node_modules\express\lib\router\index.js:328:13)
    at C:\Users\Mohamed Hany\Desktop\ادارة المهام\backend\node_modules\express\lib\router\index.js:286:9
    at Function.process_params (C:\Users\Mohamed Hany\Desktop\ادارة المهام\backend\node_modules\express\lib\router\index.js:346:12)
    at next (C:\Users\Mohamed Hany\Desktop\ادارة المهام\backend\node_modules\express\lib\router\index.js:280:10)
    at jsonParser (C:\Users\Mohamed Hany\Desktop\ادارة المهام\backend\node_modules\body-parser\lib\types\json.js:113:7)
    at Layer.handle [as handle_request] (C:\Users\Mohamed Hany\Desktop\ادارة المهام\backend\node_modules\express\lib\router\layer.js:95:5)
    at trim_prefix (C:\Users\Mohamed Hany\Desktop\ادارة المهام\backend\node_modules\express\lib\router\index.js:328:13)
[2026-05-12 21:31:19] error: Error: Invalid or expired token
    at authenticate (C:\Users\Mohamed Hany\Desktop\ادارة المهام\backend\src\middleware\auth.ts:51:12)
    at Layer.handle [as handle_request] (C:\Users\Mohamed Hany\Desktop\ادارة المهام\backend\node_modules\express\lib\router\layer.js:95:5)
    at trim_prefix (C:\Users\Mohamed Hany\Desktop\ادارة المهام\backend\node_modules\express\lib\router\index.js:328:13)
    at C:\Users\Mohamed Hany\Desktop\ادارة المهام\backend\node_modules\express\lib\router\index.js:286:9
    at Function.process_params (C:\Users\Mohamed Hany\Desktop\ادارة المهام\backend\node_modules\express\lib\router\index.js:346:12)
    at next (C:\Users\Mohamed Hany\Desktop\ادارة المهام\backend\node_modules\express\lib\router\index.js:280:10)
    at Function.handle (C:\Users\Mohamed Hany\Desktop\ادارة المهام\backend\node_modules\express\lib\router\index.js:175:3)
    at router (C:\Users\Mohamed Hany\Desktop\ادارة المهام\backend\node_modules\express\lib\router\index.js:47:12)
    at Layer.handle [as handle_request] (C:\Users\Mohamed Hany\Desktop\ادارة المهام\backend\node_modules\express\lib\router\layer.js:95:5)
    at trim_prefix (C:\Users\Mohamed Hany\Desktop\ادارة المهام\backend\node_modules\express\lib\router\index.js:328:13)
    at C:\Users\Mohamed Hany\Desktop\ادارة المهام\backend\node_modules\express\lib\router\index.js:286:9
    at Function.process_params (C:\Users\Mohamed Hany\Desktop\ادارة المهام\backend\node_modules\express\lib\router\index.js:346:12)
    at next (C:\Users\Mohamed Hany\Desktop\ادارة المهام\backend\node_modules\express\lib\router\index.js:280:10)
    at requestLogger (C:\Users\Mohamed Hany\Desktop\ادارة المهام\backend\src\middleware\requestLogger.ts:6:3)
    at Layer.handle [as handle_request] (C:\Users\Mohamed Hany\Desktop\ادارة المهام\backend\node_modules\express\lib\router\layer.js:95:5)
    at trim_prefix (C:\Users\Mohamed Hany\Desktop\ادارة المهام\backend\node_modules\express\lib\router\index.js:328:13)
    at C:\Users\Mohamed Hany\Desktop\ادارة المهام\backend\node_modules\express\lib\router\index.js:286:9
    at Function.process_params (C:\Users\Mohamed Hany\Desktop\ادارة المهام\backend\node_modules\express\lib\router\index.js:346:12)
    at next (C:\Users\Mohamed Hany\Desktop\ادارة المهام\backend\node_modules\express\lib\router\index.js:280:10)
    at urlencodedParser (C:\Users\Mohamed Hany\Desktop\ادارة المهام\backend\node_modules\body-parser\lib\types\urlencoded.js:91:7)
    at Layer.handle [as handle_request] (C:\Users\Mohamed Hany\Desktop\ادارة المهام\backend\node_modules\express\lib\router\layer.js:95:5)
    at trim_prefix (C:\Users\Mohamed Hany\Desktop\ادارة المهام\backend\node_modules\express\lib\router\index.js:328:13)
    at C:\Users\Mohamed Hany\Desktop\ادارة المهام\backend\node_modules\express\lib\router\index.js:286:9
    at Function.process_params (C:\Users\Mohamed Hany\Desktop\ادارة المهام\backend\node_modules\express\lib\router\index.js:346:12)
    at next (C:\Users\Mohamed Hany\Desktop\ادارة المهام\backend\node_modules\express\lib\router\index.js:280:10)
    at jsonParser (C:\Users\Mohamed Hany\Desktop\ادارة المهام\backend\node_modules\body-parser\lib\types\json.js:113:7)
    at Layer.handle [as handle_request] (C:\Users\Mohamed Hany\Desktop\ادارة المهام\backend\node_modules\express\lib\router\layer.js:95:5)
    at trim_prefix (C:\Users\Mohamed Hany\Desktop\ادارة المهام\backend\node_modules\express\lib\router\index.js:328:13)
[2026-05-12 21:31:19] error: Error: Invalid or expired token
    at authenticate (C:\Users\Mohamed Hany\Desktop\ادارة المهام\backend\src\middleware\auth.ts:51:12)
    at Layer.handle [as handle_request] (C:\Users\Mohamed Hany\Desktop\ادارة المهام\backend\node_modules\express\lib\router\layer.js:95:5)
    at trim_prefix (C:\Users\Mohamed Hany\Desktop\ادارة المهام\backend\node_modules\express\lib\router\index.js:328:13)
    at C:\Users\Mohamed Hany\Desktop\ادارة المهام\backend\node_modules\express\lib\router\index.js:286:9
    at Function.process_params (C:\Users\Mohamed Hany\Desktop\ادارة المهام\backend\node_modules\express\lib\router\index.js:346:12)
    at next (C:\Users\Mohamed Hany\Desktop\ادارة المهام\backend\node_modules\express\lib\router\index.js:280:10)
    at Function.handle (C:\Users\Mohamed Hany\Desktop\ادارة المهام\backend\node_modules\express\lib\router\index.js:175:3)
    at router (C:\Users\Mohamed Hany\Desktop\ادارة المهام\backend\node_modules\express\lib\router\index.js:47:12)
    at Layer.handle [as handle_request] (C:\Users\Mohamed Hany\Desktop\ادارة المهام\backend\node_modules\express\lib\router\layer.js:95:5)
    at trim_prefix (C:\Users\Mohamed Hany\Desktop\ادارة المهام\backend\node_modules\express\lib\router\index.js:328:13)
    at C:\Users\Mohamed Hany\Desktop\ادارة المهام\backend\node_modules\express\lib\router\index.js:286:9
    at Function.process_params (C:\Users\Mohamed Hany\Desktop\ادارة المهام\backend\node_modules\express\lib\router\index.js:346:12)
    at next (C:\Users\Mohamed Hany\Desktop\ادارة المهام\backend\node_modules\express\lib\router\index.js:280:10)
    at requestLogger (C:\Users\Mohamed Hany\Desktop\ادارة المهام\backend\src\middleware\requestLogger.ts:6:3)
    at Layer.handle [as handle_request] (C:\Users\Mohamed Hany\Desktop\ادارة المهام\backend\node_modules\express\lib\router\layer.js:95:5)
    at trim_prefix (C:\Users\Mohamed Hany\Desktop\ادارة المهام\backend\node_modules\express\lib\router\index.js:328:13)
    at C:\Users\Mohamed Hany\Desktop\ادارة المهام\backend\node_modules\express\lib\router\index.js:286:9
    at Function.process_params (C:\Users\Mohamed Hany\Desktop\ادارة المهام\backend\node_modules\express\lib\router\index.js:346:12)
    at next (C:\Users\Mohamed Hany\Desktop\ادارة المهام\backend\node_modules\express\lib\router\index.js:280:10)
    at urlencodedParser (C:\Users\Mohamed Hany\Desktop\ادارة المهام\backend\node_modules\body-parser\lib\types\urlencoded.js:91:7)
    at Layer.handle [as handle_request] (C:\Users\Mohamed Hany\Desktop\ادارة المهام\backend\node_modules\express\lib\router\layer.js:95:5)
    at trim_prefix (C:\Users\Mohamed Hany\Desktop\ادارة المهام\backend\node_modules\express\lib\router\index.js:328:13)
    at C:\Users\Mohamed Hany\Desktop\ادارة المهام\backend\node_modules\express\lib\router\index.js:286:9
    at Function.process_params (C:\Users\Mohamed Hany\Desktop\ادارة المهام\backend\node_modules\express\lib\router\index.js:346:12)
    at next (C:\Users\Mohamed Hany\Desktop\ادارة المهام\backend\node_modules\express\lib\router\index.js:280:10)
    at jsonParser (C:\Users\Mohamed Hany\Desktop\ادارة المهام\backend\node_modules\body-parser\lib\types\json.js:113:7)
    at Layer.handle [as handle_request] (C:\Users\Mohamed Hany\Desktop\ادارة المهام\backend\node_modules\express\lib\router\layer.js:95:5)
    at trim_prefix (C:\Users\Mohamed Hany\Desktop\ادارة المهام\backend\node_modules\express\lib\router\index.js:328:13)
[2026-05-12 21:37:27] error: Error: No token provided
    at authenticate (C:\Users\Mohamed Hany\Desktop\ادارة المهام\backend\src\middleware\auth.ts:24:13)
    at Layer.handle [as handle_request] (C:\Users\Mohamed Hany\Desktop\ادارة المهام\backend\node_modules\express\lib\router\layer.js:95:5)
    at trim_prefix (C:\Users\Mohamed Hany\Desktop\ادارة المهام\backend\node_modules\express\lib\router\index.js:328:13)
    at C:\Users\Mohamed Hany\Desktop\ادارة المهام\backend\node_modules\express\lib\router\index.js:286:9
    at Function.process_params (C:\Users\Mohamed Hany\Desktop\ادارة المهام\backend\node_modules\express\lib\router\index.js:346:12)
    at next (C:\Users\Mohamed Hany\Desktop\ادارة المهام\backend\node_modules\express\lib\router\index.js:280:10)
    at Function.handle (C:\Users\Mohamed Hany\Desktop\ادارة المهام\backend\node_modules\express\lib\router\index.js:175:3)
    at router (C:\Users\Mohamed Hany\Desktop\ادارة المهام\backend\node_modules\express\lib\router\index.js:47:12)
    at Layer.handle [as handle_request] (C:\Users\Mohamed Hany\Desktop\ادارة المهام\backend\node_modules\express\lib\router\layer.js:95:5)
    at trim_prefix (C:\Users\Mohamed Hany\Desktop\ادارة المهام\backend\node_modules\express\lib\router\index.js:328:13)
    at C:\Users\Mohamed Hany\Desktop\ادارة المهام\backend\node_modules\express\lib\router\index.js:286:9
    at Function.process_params (C:\Users\Mohamed Hany\Desktop\ادارة المهام\backend\node_modules\express\lib\router\index.js:346:12)
    at next (C:\Users\Mohamed Hany\Desktop\ادارة المهام\backend\node_modules\express\lib\router\index.js:280:10)
    at requestLogger (C:\Users\Mohamed Hany\Desktop\ادارة المهام\backend\src\middleware\requestLogger.ts:6:3)
    at Layer.handle [as handle_request] (C:\Users\Mohamed Hany\Desktop\ادارة المهام\backend\node_modules\express\lib\router\layer.js:95:5)
    at trim_prefix (C:\Users\Mohamed Hany\Desktop\ادارة المهام\backend\node_modules\express\lib\router\index.js:328:13)
    at C:\Users\Mohamed Hany\Desktop\ادارة المهام\backend\node_modules\express\lib\router\index.js:286:9
    at Function.process_params (C:\Users\Mohamed Hany\Desktop\ادارة المهام\backend\node_modules\express\lib\router\index.js:346:12)
    at next (C:\Users\Mohamed Hany\Desktop\ادارة المهام\backend\node_modules\express\lib\router\index.js:280:10)
    at urlencodedParser (C:\Users\Mohamed Hany\Desktop\ادارة المهام\backend\node_modules\body-parser\lib\types\urlencoded.js:91:7)
    at Layer.handle [as handle_request] (C:\Users\Mohamed Hany\Desktop\ادارة المهام\backend\node_modules\express\lib\router\layer.js:95:5)
    at trim_prefix (C:\Users\Mohamed Hany\Desktop\ادارة المهام\backend\node_modules\express\lib\router\index.js:328:13)
    at C:\Users\Mohamed Hany\Desktop\ادارة المهام\backend\node_modules\express\lib\router\index.js:286:9
    at Function.process_params (C:\Users\Mohamed Hany\Desktop\ادارة المهام\backend\node_modules\express\lib\router\index.js:346:12)
    at next (C:\Users\Mohamed Hany\Desktop\ادارة المهام\backend\node_modules\express\lib\router\index.js:280:10)
    at jsonParser (C:\Users\Mohamed Hany\Desktop\ادارة المهام\backend\node_modules\body-parser\lib\types\json.js:113:7)
    at Layer.handle [as handle_request] (C:\Users\Mohamed Hany\Desktop\ادارة المهام\backend\node_modules\express\lib\router\layer.js:95:5)
    at trim_prefix (C:\Users\Mohamed Hany\Desktop\ادارة المهام\backend\node_modules\express\lib\router\index.js:328:13)
[2026-05-12 21:46:53] error: Error: Invalid or expired token
    at authenticate (C:\Users\Mohamed Hany\Desktop\ادارة المهام\backend\src\middleware\auth.ts:51:12)
    at Layer.handle [as handle_request] (C:\Users\Mohamed Hany\Desktop\ادارة المهام\backend\node_modules\express\lib\router\layer.js:95:5)
    at trim_prefix (C:\Users\Mohamed Hany\Desktop\ادارة المهام\backend\node_modules\express\lib\router\index.js:328:13)
    at C:\Users\Mohamed Hany\Desktop\ادارة المهام\backend\node_modules\express\lib\router\index.js:286:9
    at Function.process_params (C:\Users\Mohamed Hany\Desktop\ادارة المهام\backend\node_modules\express\lib\router\index.js:346:12)
    at next (C:\Users\Mohamed Hany\Desktop\ادارة المهام\backend\node_modules\express\lib\router\index.js:280:10)
    at Function.handle (C:\Users\Mohamed Hany\Desktop\ادارة المهام\backend\node_modules\express\lib\router\index.js:175:3)
    at router (C:\Users\Mohamed Hany\Desktop\ادارة المهام\backend\node_modules\express\lib\router\index.js:47:12)
    at Layer.handle [as handle_request] (C:\Users\Mohamed Hany\Desktop\ادارة المهام\backend\node_modules\express\lib\router\layer.js:95:5)
    at trim_prefix (C:\Users\Mohamed Hany\Desktop\ادارة المهام\backend\node_modules\express\lib\router\index.js:328:13)
    at C:\Users\Mohamed Hany\Desktop\ادارة المهام\backend\node_modules\express\lib\router\index.js:286:9
    at Function.process_params (C:\Users\Mohamed Hany\Desktop\ادارة المهام\backend\node_modules\express\lib\router\index.js:346:12)
    at next (C:\Users\Mohamed Hany\Desktop\ادارة المهام\backend\node_modules\express\lib\router\index.js:280:10)
    at requestLogger (C:\Users\Mohamed Hany\Desktop\ادارة المهام\backend\src\middleware\requestLogger.ts:6:3)
    at Layer.handle [as handle_request] (C:\Users\Mohamed Hany\Desktop\ادارة المهام\backend\node_modules\express\lib\router\layer.js:95:5)
    at trim_prefix (C:\Users\Mohamed Hany\Desktop\ادارة المهام\backend\node_modules\express\lib\router\index.js:328:13)
    at C:\Users\Mohamed Hany\Desktop\ادارة المهام\backend\node_modules\express\lib\router\index.js:286:9
    at Function.process_params (C:\Users\Mohamed Hany\Desktop\ادارة المهام\backend\node_modules\express\lib\router\index.js:346:12)
    at next (C:\Users\Mohamed Hany\Desktop\ادارة المهام\backend\node_modules\express\lib\router\index.js:280:10)
    at urlencodedParser (C:\Users\Mohamed Hany\Desktop\ادارة المهام\backend\node_modules\body-parser\lib\types\urlencoded.js:91:7)
    at Layer.handle [as handle_request] (C:\Users\Mohamed Hany\Desktop\ادارة المهام\backend\node_modules\express\lib\router\layer.js:95:5)
    at trim_prefix (C:\Users\Mohamed Hany\Desktop\ادارة المهام\backend\node_modules\express\lib\router\index.js:328:13)
    at C:\Users\Mohamed Hany\Desktop\ادارة المهام\backend\node_modules\express\lib\router\index.js:286:9
    at Function.process_params (C:\Users\Mohamed Hany\Desktop\ادارة المهام\backend\node_modules\express\lib\router\index.js:346:12)
    at next (C:\Users\Mohamed Hany\Desktop\ادارة المهام\backend\node_modules\express\lib\router\index.js:280:10)
    at jsonParser (C:\Users\Mohamed Hany\Desktop\ادارة المهام\backend\node_modules\body-parser\lib\types\json.js:113:7)
    at Layer.handle [as handle_request] (C:\Users\Mohamed Hany\Desktop\ادارة المهام\backend\node_modules\express\lib\router\layer.js:95:5)
    at trim_prefix (C:\Users\Mohamed Hany\Desktop\ادارة المهام\backend\node_modules\express\lib\router\index.js:328:13)
[2026-05-12 21:47:26] error: Error: Invalid or expired token
    at authenticate (C:\Users\Mohamed Hany\Desktop\ادارة المهام\backend\src\middleware\auth.ts:51:12)
    at Layer.handle [as handle_request] (C:\Users\Mohamed Hany\Desktop\ادارة المهام\backend\node_modules\express\lib\router\layer.js:95:5)
    at trim_prefix (C:\Users\Mohamed Hany\Desktop\ادارة المهام\backend\node_modules\express\lib\router\index.js:328:13)
    at C:\Users\Mohamed Hany\Desktop\ادارة المهام\backend\node_modules\express\lib\router\index.js:286:9
    at Function.process_params (C:\Users\Mohamed Hany\Desktop\ادارة المهام\backend\node_modules\express\lib\router\index.js:346:12)
    at next (C:\Users\Mohamed Hany\Desktop\ادارة المهام\backend\node_modules\express\lib\router\index.js:280:10)
    at Function.handle (C:\Users\Mohamed Hany\Desktop\ادارة المهام\backend\node_modules\express\lib\router\index.js:175:3)
    at router (C:\Users\Mohamed Hany\Desktop\ادارة المهام\backend\node_modules\express\lib\router\index.js:47:12)
    at Layer.handle [as handle_request] (C:\Users\Mohamed Hany\Desktop\ادارة المهام\backend\node_modules\express\lib\router\layer.js:95:5)
    at trim_prefix (C:\Users\Mohamed Hany\Desktop\ادارة المهام\backend\node_modules\express\lib\router\index.js:328:13)
    at C:\Users\Mohamed Hany\Desktop\ادارة المهام\backend\node_modules\express\lib\router\index.js:286:9
    at Function.process_params (C:\Users\Mohamed Hany\Desktop\ادارة المهام\backend\node_modules\express\lib\router\index.js:346:12)
    at next (C:\Users\Mohamed Hany\Desktop\ادارة المهام\backend\node_modules\express\lib\router\index.js:280:10)
    at requestLogger (C:\Users\Mohamed Hany\Desktop\ادارة المهام\backend\src\middleware\requestLogger.ts:6:3)
    at Layer.handle [as handle_request] (C:\Users\Mohamed Hany\Desktop\ادارة المهام\backend\node_modules\express\lib\router\layer.js:95:5)
    at trim_prefix (C:\Users\Mohamed Hany\Desktop\ادارة المهام\backend\node_modules\express\lib\router\index.js:328:13)
    at C:\Users\Mohamed Hany\Desktop\ادارة المهام\backend\node_modules\express\lib\router\index.js:286:9
    at Function.process_params (C:\Users\Mohamed Hany\Desktop\ادارة المهام\backend\node_modules\express\lib\router\index.js:346:12)
    at next (C:\Users\Mohamed Hany\Desktop\ادارة المهام\backend\node_modules\express\lib\router\index.js:280:10)
    at urlencodedParser (C:\Users\Mohamed Hany\Desktop\ادارة المهام\backend\node_modules\body-parser\lib\types\urlencoded.js:91:7)
    at Layer.handle [as handle_request] (C:\Users\Mohamed Hany\Desktop\ادارة المهام\backend\node_modules\express\lib\router\layer.js:95:5)
    at trim_prefix (C:\Users\Mohamed Hany\Desktop\ادارة المهام\backend\node_modules\express\lib\router\index.js:328:13)
    at C:\Users\Mohamed Hany\Desktop\ادارة المهام\backend\node_modules\express\lib\router\index.js:286:9
    at Function.process_params (C:\Users\Mohamed Hany\Desktop\ادارة المهام\backend\node_modules\express\lib\router\index.js:346:12)
    at next (C:\Users\Mohamed Hany\Desktop\ادارة المهام\backend\node_modules\express\lib\router\index.js:280:10)
    at jsonParser (C:\Users\Mohamed Hany\Desktop\ادارة المهام\backend\node_modules\body-parser\lib\types\json.js:113:7)
    at Layer.handle [as handle_request] (C:\Users\Mohamed Hany\Desktop\ادارة المهام\backend\node_modules\express\lib\router\layer.js:95:5)
    at trim_prefix (C:\Users\Mohamed Hany\Desktop\ادارة المهام\backend\node_modules\express\lib\router\index.js:328:13)
[2026-05-12 21:47:26] error: Error: Invalid or expired token
    at authenticate (C:\Users\Mohamed Hany\Desktop\ادارة المهام\backend\src\middleware\auth.ts:51:12)
    at Layer.handle [as handle_request] (C:\Users\Mohamed Hany\Desktop\ادارة المهام\backend\node_modules\express\lib\router\layer.js:95:5)
    at trim_prefix (C:\Users\Mohamed Hany\Desktop\ادارة المهام\backend\node_modules\express\lib\router\index.js:328:13)
    at C:\Users\Mohamed Hany\Desktop\ادارة المهام\backend\node_modules\express\lib\router\index.js:286:9
    at Function.process_params (C:\Users\Mohamed Hany\Desktop\ادارة المهام\backend\node_modules\express\lib\router\index.js:346:12)
    at next (C:\Users\Mohamed Hany\Desktop\ادارة المهام\backend\node_modules\express\lib\router\index.js:280:10)
    at Function.handle (C:\Users\Mohamed Hany\Desktop\ادارة المهام\backend\node_modules\express\lib\router\index.js:175:3)
    at router (C:\Users\Mohamed Hany\Desktop\ادارة المهام\backend\node_modules\express\lib\router\index.js:47:12)
    at Layer.handle [as handle_request] (C:\Users\Mohamed Hany\Desktop\ادارة المهام\backend\node_modules\express\lib\router\layer.js:95:5)
    at trim_prefix (C:\Users\Mohamed Hany\Desktop\ادارة المهام\backend\node_modules\express\lib\router\index.js:328:13)
    at C:\Users\Mohamed Hany\Desktop\ادارة المهام\backend\node_modules\express\lib\router\index.js:286:9
    at Function.process_params (C:\Users\Mohamed Hany\Desktop\ادارة المهام\backend\node_modules\express\lib\router\index.js:346:12)
    at next (C:\Users\Mohamed Hany\Desktop\ادارة المهام\backend\node_modules\express\lib\router\index.js:280:10)
    at requestLogger (C:\Users\Mohamed Hany\Desktop\ادارة المهام\backend\src\middleware\requestLogger.ts:6:3)
    at Layer.handle [as handle_request] (C:\Users\Mohamed Hany\Desktop\ادارة المهام\backend\node_modules\express\lib\router\layer.js:95:5)
    at trim_prefix (C:\Users\Mohamed Hany\Desktop\ادارة المهام\backend\node_modules\express\lib\router\index.js:328:13)
    at C:\Users\Mohamed Hany\Desktop\ادارة المهام\backend\node_modules\express\lib\router\index.js:286:9
    at Function.process_params (C:\Users\Mohamed Hany\Desktop\ادارة المهام\backend\node_modules\express\lib\router\index.js:346:12)
    at next (C:\Users\Mohamed Hany\Desktop\ادارة المهام\backend\node_modules\express\lib\router\index.js:280:10)
    at urlencodedParser (C:\Users\Mohamed Hany\Desktop\ادارة المهام\backend\node_modules\body-parser\lib\types\urlencoded.js:91:7)
    at Layer.handle [as handle_request] (C:\Users\Mohamed Hany\Desktop\ادارة المهام\backend\node_modules\express\lib\router\layer.js:95:5)
    at trim_prefix (C:\Users\Mohamed Hany\Desktop\ادارة المهام\backend\node_modules\express\lib\router\index.js:328:13)
    at C:\Users\Mohamed Hany\Desktop\ادارة المهام\backend\node_modules\express\lib\router\index.js:286:9
    at Function.process_params (C:\Users\Mohamed Hany\Desktop\ادارة المهام\backend\node_modules\express\lib\router\index.js:346:12)
    at next (C:\Users\Mohamed Hany\Desktop\ادارة المهام\backend\node_modules\express\lib\router\index.js:280:10)
    at jsonParser (C:\Users\Mohamed Hany\Desktop\ادارة المهام\backend\node_modules\body-parser\lib\types\json.js:113:7)
    at Layer.handle [as handle_request] (C:\Users\Mohamed Hany\Desktop\ادارة المهام\backend\node_modules\express\lib\router\layer.js:95:5)
    at trim_prefix (C:\Users\Mohamed Hany\Desktop\ادارة المهام\backend\node_modules\express\lib\router\index.js:328:13)
[2026-05-12 21:47:26] error: Error: Invalid or expired token
    at authenticate (C:\Users\Mohamed Hany\Desktop\ادارة المهام\backend\src\middleware\auth.ts:51:12)
    at Layer.handle [as handle_request] (C:\Users\Mohamed Hany\Desktop\ادارة المهام\backend\node_modules\express\lib\router\layer.js:95:5)
    at trim_prefix (C:\Users\Mohamed Hany\Desktop\ادارة المهام\backend\node_modules\express\lib\router\index.js:328:13)
    at C:\Users\Mohamed Hany\Desktop\ادارة المهام\backend\node_modules\express\lib\router\index.js:286:9
    at Function.process_params (C:\Users\Mohamed Hany\Desktop\ادارة المهام\backend\node_modules\express\lib\router\index.js:346:12)
    at next (C:\Users\Mohamed Hany\Desktop\ادارة المهام\backend\node_modules\express\lib\router\index.js:280:10)
    at Function.handle (C:\Users\Mohamed Hany\Desktop\ادارة المهام\backend\node_modules\express\lib\router\index.js:175:3)
    at router (C:\Users\Mohamed Hany\Desktop\ادارة المهام\backend\node_modules\express\lib\router\index.js:47:12)
    at Layer.handle [as handle_request] (C:\Users\Mohamed Hany\Desktop\ادارة المهام\backend\node_modules\express\lib\router\layer.js:95:5)
    at trim_prefix (C:\Users\Mohamed Hany\Desktop\ادارة المهام\backend\node_modules\express\lib\router\index.js:328:13)
    at C:\Users\Mohamed Hany\Desktop\ادارة المهام\backend\node_modules\express\lib\router\index.js:286:9
    at Function.process_params (C:\Users\Mohamed Hany\Desktop\ادارة المهام\backend\node_modules\express\lib\router\index.js:346:12)
    at next (C:\Users\Mohamed Hany\Desktop\ادارة المهام\backend\node_modules\express\lib\router\index.js:280:10)
    at requestLogger (C:\Users\Mohamed Hany\Desktop\ادارة المهام\backend\src\middleware\requestLogger.ts:6:3)
    at Layer.handle [as handle_request] (C:\Users\Mohamed Hany\Desktop\ادارة المهام\backend\node_modules\express\lib\router\layer.js:95:5)
    at trim_prefix (C:\Users\Mohamed Hany\Desktop\ادارة المهام\backend\node_modules\express\lib\router\index.js:328:13)
    at C:\Users\Mohamed Hany\Desktop\ادارة المهام\backend\node_modules\express\lib\router\index.js:286:9
    at Function.process_params (C:\Users\Mohamed Hany\Desktop\ادارة المهام\backend\node_modules\express\lib\router\index.js:346:12)
    at next (C:\Users\Mohamed Hany\Desktop\ادارة المهام\backend\node_modules\express\lib\router\index.js:280:10)
    at urlencodedParser (C:\Users\Mohamed Hany\Desktop\ادارة المهام\backend\node_modules\body-parser\lib\types\urlencoded.js:91:7)
    at Layer.handle [as handle_request] (C:\Users\Mohamed Hany\Desktop\ادارة المهام\backend\node_modules\express\lib\router\layer.js:95:5)
    at trim_prefix (C:\Users\Mohamed Hany\Desktop\ادارة المهام\backend\node_modules\express\lib\router\index.js:328:13)
    at C:\Users\Mohamed Hany\Desktop\ادارة المهام\backend\node_modules\express\lib\router\index.js:286:9
    at Function.process_params (C:\Users\Mohamed Hany\Desktop\ادارة المهام\backend\node_modules\express\lib\router\index.js:346:12)
    at next (C:\Users\Mohamed Hany\Desktop\ادارة المهام\backend\node_modules\express\lib\router\index.js:280:10)
    at jsonParser (C:\Users\Mohamed Hany\Desktop\ادارة المهام\backend\node_modules\body-parser\lib\types\json.js:113:7)
    at Layer.handle [as handle_request] (C:\Users\Mohamed Hany\Desktop\ادارة المهام\backend\node_modules\express\lib\router\layer.js:95:5)
    at trim_prefix (C:\Users\Mohamed Hany\Desktop\ادارة المهام\backend\node_modules\express\lib\router\index.js:328:13)
[2026-05-12 21:47:26] error: Error: Invalid or expired token
    at authenticate (C:\Users\Mohamed Hany\Desktop\ادارة المهام\backend\src\middleware\auth.ts:51:12)
    at Layer.handle [as handle_request] (C:\Users\Mohamed Hany\Desktop\ادارة المهام\backend\node_modules\express\lib\router\layer.js:95:5)
    at trim_prefix (C:\Users\Mohamed Hany\Desktop\ادارة المهام\backend\node_modules\express\lib\router\index.js:328:13)
    at C:\Users\Mohamed Hany\Desktop\ادارة المهام\backend\node_modules\express\lib\router\index.js:286:9
    at Function.process_params (C:\Users\Mohamed Hany\Desktop\ادارة المهام\backend\node_modules\express\lib\router\index.js:346:12)
    at next (C:\Users\Mohamed Hany\Desktop\ادارة المهام\backend\node_modules\express\lib\router\index.js:280:10)
    at Function.handle (C:\Users\Mohamed Hany\Desktop\ادارة المهام\backend\node_modules\express\lib\router\index.js:175:3)
    at router (C:\Users\Mohamed Hany\Desktop\ادارة المهام\backend\node_modules\express\lib\router\index.js:47:12)
    at Layer.handle [as handle_request] (C:\Users\Mohamed Hany\Desktop\ادارة المهام\backend\node_modules\express\lib\router\layer.js:95:5)
    at trim_prefix (C:\Users\Mohamed Hany\Desktop\ادارة المهام\backend\node_modules\express\lib\router\index.js:328:13)
    at C:\Users\Mohamed Hany\Desktop\ادارة المهام\backend\node_modules\express\lib\router\index.js:286:9
    at Function.process_params (C:\Users\Mohamed Hany\Desktop\ادارة المهام\backend\node_modules\express\lib\router\index.js:346:12)
    at next (C:\Users\Mohamed Hany\Desktop\ادارة المهام\backend\node_modules\express\lib\router\index.js:280:10)
    at requestLogger (C:\Users\Mohamed Hany\Desktop\ادارة المهام\backend\src\middleware\requestLogger.ts:6:3)
    at Layer.handle [as handle_request] (C:\Users\Mohamed Hany\Desktop\ادارة المهام\backend\node_modules\express\lib\router\layer.js:95:5)
    at trim_prefix (C:\Users\Mohamed Hany\Desktop\ادارة المهام\backend\node_modules\express\lib\router\index.js:328:13)
    at C:\Users\Mohamed Hany\Desktop\ادارة المهام\backend\node_modules\express\lib\router\index.js:286:9
    at Function.process_params (C:\Users\Mohamed Hany\Desktop\ادارة المهام\backend\node_modules\express\lib\router\index.js:346:12)
    at next (C:\Users\Mohamed Hany\Desktop\ادارة المهام\backend\node_modules\express\lib\router\index.js:280:10)
    at urlencodedParser (C:\Users\Mohamed Hany\Desktop\ادارة المهام\backend\node_modules\body-parser\lib\types\urlencoded.js:91:7)
    at Layer.handle [as handle_request] (C:\Users\Mohamed Hany\Desktop\ادارة المهام\backend\node_modules\express\lib\router\layer.js:95:5)
    at trim_prefix (C:\Users\Mohamed Hany\Desktop\ادارة المهام\backend\node_modules\express\lib\router\index.js:328:13)
    at C:\Users\Mohamed Hany\Desktop\ادارة المهام\backend\node_modules\express\lib\router\index.js:286:9
    at Function.process_params (C:\Users\Mohamed Hany\Desktop\ادارة المهام\backend\node_modules\express\lib\router\index.js:346:12)
    at next (C:\Users\Mohamed Hany\Desktop\ادارة المهام\backend\node_modules\express\lib\router\index.js:280:10)
    at jsonParser (C:\Users\Mohamed Hany\Desktop\ادارة المهام\backend\node_modules\body-parser\lib\types\json.js:113:7)
    at Layer.handle [as handle_request] (C:\Users\Mohamed Hany\Desktop\ادارة المهام\backend\node_modules\express\lib\router\layer.js:95:5)
    at trim_prefix (C:\Users\Mohamed Hany\Desktop\ادارة المهام\backend\node_modules\express\lib\router\index.js:328:13)
[2026-05-12 21:47:26] error: Error: Invalid or expired token
    at authenticate (C:\Users\Mohamed Hany\Desktop\ادارة المهام\backend\src\middleware\auth.ts:51:12)
    at Layer.handle [as handle_request] (C:\Users\Mohamed Hany\Desktop\ادارة المهام\backend\node_modules\express\lib\router\layer.js:95:5)
    at trim_prefix (C:\Users\Mohamed Hany\Desktop\ادارة المهام\backend\node_modules\express\lib\router\index.js:328:13)
    at C:\Users\Mohamed Hany\Desktop\ادارة المهام\backend\node_modules\express\lib\router\index.js:286:9
    at Function.process_params (C:\Users\Mohamed Hany\Desktop\ادارة المهام\backend\node_modules\express\lib\router\index.js:346:12)
    at next (C:\Users\Mohamed Hany\Desktop\ادارة المهام\backend\node_modules\express\lib\router\index.js:280:10)
    at Function.handle (C:\Users\Mohamed Hany\Desktop\ادارة المهام\backend\node_modules\express\lib\router\index.js:175:3)
    at router (C:\Users\Mohamed Hany\Desktop\ادارة المهام\backend\node_modules\express\lib\router\index.js:47:12)
    at Layer.handle [as handle_request] (C:\Users\Mohamed Hany\Desktop\ادارة المهام\backend\node_modules\express\lib\router\layer.js:95:5)
    at trim_prefix (C:\Users\Mohamed Hany\Desktop\ادارة المهام\backend\node_modules\express\lib\router\index.js:328:13)
    at C:\Users\Mohamed Hany\Desktop\ادارة المهام\backend\node_modules\express\lib\router\index.js:286:9
    at Function.process_params (C:\Users\Mohamed Hany\Desktop\ادارة المهام\backend\node_modules\express\lib\router\index.js:346:12)
    at next (C:\Users\Mohamed Hany\Desktop\ادارة المهام\backend\node_modules\express\lib\router\index.js:280:10)
    at requestLogger (C:\Users\Mohamed Hany\Desktop\ادارة المهام\backend\src\middleware\requestLogger.ts:6:3)
    at Layer.handle [as handle_request] (C:\Users\Mohamed Hany\Desktop\ادارة المهام\backend\node_modules\express\lib\router\layer.js:95:5)
    at trim_prefix (C:\Users\Mohamed Hany\Desktop\ادارة المهام\backend\node_modules\express\lib\router\index.js:328:13)
    at C:\Users\Mohamed Hany\Desktop\ادارة المهام\backend\node_modules\express\lib\router\index.js:286:9
    at Function.process_params (C:\Users\Mohamed Hany\Desktop\ادارة المهام\backend\node_modules\express\lib\router\index.js:346:12)
    at next (C:\Users\Mohamed Hany\Desktop\ادارة المهام\backend\node_modules\express\lib\router\index.js:280:10)
    at urlencodedParser (C:\Users\Mohamed Hany\Desktop\ادارة المهام\backend\node_modules\body-parser\lib\types\urlencoded.js:91:7)
    at Layer.handle [as handle_request] (C:\Users\Mohamed Hany\Desktop\ادارة المهام\backend\node_modules\express\lib\router\layer.js:95:5)
    at trim_prefix (C:\Users\Mohamed Hany\Desktop\ادارة المهام\backend\node_modules\express\lib\router\index.js:328:13)
    at C:\Users\Mohamed Hany\Desktop\ادارة المهام\backend\node_modules\express\lib\router\index.js:286:9
    at Function.process_params (C:\Users\Mohamed Hany\Desktop\ادارة المهام\backend\node_modules\express\lib\router\index.js:346:12)
    at next (C:\Users\Mohamed Hany\Desktop\ادارة المهام\backend\node_modules\express\lib\router\index.js:280:10)
    at jsonParser (C:\Users\Mohamed Hany\Desktop\ادارة المهام\backend\node_modules\body-parser\lib\types\json.js:113:7)
    at Layer.handle [as handle_request] (C:\Users\Mohamed Hany\Desktop\ادارة المهام\backend\node_modules\express\lib\router\layer.js:95:5)
    at trim_prefix (C:\Users\Mohamed Hany\Desktop\ادارة المهام\backend\node_modules\express\lib\router\index.js:328:13)
[2026-05-12 21:47:26] error: Error: Invalid or expired token
    at authenticate (C:\Users\Mohamed Hany\Desktop\ادارة المهام\backend\src\middleware\auth.ts:51:12)
    at Layer.handle [as handle_request] (C:\Users\Mohamed Hany\Desktop\ادارة المهام\backend\node_modules\express\lib\router\layer.js:95:5)
    at trim_prefix (C:\Users\Mohamed Hany\Desktop\ادارة المهام\backend\node_modules\express\lib\router\index.js:328:13)
    at C:\Users\Mohamed Hany\Desktop\ادارة المهام\backend\node_modules\express\lib\router\index.js:286:9
    at Function.process_params (C:\Users\Mohamed Hany\Desktop\ادارة المهام\backend\node_modules\express\lib\router\index.js:346:12)
    at next (C:\Users\Mohamed Hany\Desktop\ادارة المهام\backend\node_modules\express\lib\router\index.js:280:10)
    at Function.handle (C:\Users\Mohamed Hany\Desktop\ادارة المهام\backend\node_modules\express\lib\router\index.js:175:3)
    at router (C:\Users\Mohamed Hany\Desktop\ادارة المهام\backend\node_modules\express\lib\router\index.js:47:12)
    at Layer.handle [as handle_request] (C:\Users\Mohamed Hany\Desktop\ادارة المهام\backend\node_modules\express\lib\router\layer.js:95:5)
    at trim_prefix (C:\Users\Mohamed Hany\Desktop\ادارة المهام\backend\node_modules\express\lib\router\index.js:328:13)
    at C:\Users\Mohamed Hany\Desktop\ادارة المهام\backend\node_modules\express\lib\router\index.js:286:9
    at Function.process_params (C:\Users\Mohamed Hany\Desktop\ادارة المهام\backend\node_modules\express\lib\router\index.js:346:12)
    at next (C:\Users\Mohamed Hany\Desktop\ادارة المهام\backend\node_modules\express\lib\router\index.js:280:10)
    at requestLogger (C:\Users\Mohamed Hany\Desktop\ادارة المهام\backend\src\middleware\requestLogger.ts:6:3)
    at Layer.handle [as handle_request] (C:\Users\Mohamed Hany\Desktop\ادارة المهام\backend\node_modules\express\lib\router\layer.js:95:5)
    at trim_prefix (C:\Users\Mohamed Hany\Desktop\ادارة المهام\backend\node_modules\express\lib\router\index.js:328:13)
    at C:\Users\Mohamed Hany\Desktop\ادارة المهام\backend\node_modules\express\lib\router\index.js:286:9
    at Function.process_params (C:\Users\Mohamed Hany\Desktop\ادارة المهام\backend\node_modules\express\lib\router\index.js:346:12)
    at next (C:\Users\Mohamed Hany\Desktop\ادارة المهام\backend\node_modules\express\lib\router\index.js:280:10)
    at urlencodedParser (C:\Users\Mohamed Hany\Desktop\ادارة المهام\backend\node_modules\body-parser\lib\types\urlencoded.js:91:7)
    at Layer.handle [as handle_request] (C:\Users\Mohamed Hany\Desktop\ادارة المهام\backend\node_modules\express\lib\router\layer.js:95:5)
    at trim_prefix (C:\Users\Mohamed Hany\Desktop\ادارة المهام\backend\node_modules\express\lib\router\index.js:328:13)
    at C:\Users\Mohamed Hany\Desktop\ادارة المهام\backend\node_modules\express\lib\router\index.js:286:9
    at Function.process_params (C:\Users\Mohamed Hany\Desktop\ادارة المهام\backend\node_modules\express\lib\router\index.js:346:12)
    at next (C:\Users\Mohamed Hany\Desktop\ادارة المهام\backend\node_modules\express\lib\router\index.js:280:10)
    at jsonParser (C:\Users\Mohamed Hany\Desktop\ادارة المهام\backend\node_modules\body-parser\lib\types\json.js:113:7)
    at Layer.handle [as handle_request] (C:\Users\Mohamed Hany\Desktop\ادارة المهام\backend\node_modules\express\lib\router\layer.js:95:5)
    at trim_prefix (C:\Users\Mohamed Hany\Desktop\ادارة المهام\backend\node_modules\express\lib\router\index.js:328:13)
[2026-05-12 21:50:56] error: Prisma error: 
Invalid `prisma.user.findUnique()` invocation in
C:\Users\Mohamed Hany\Desktop\ادارة المهام\backend\src\modules\users\user.service.ts:39:36

  36 },
  37 
  38 async getById(id: number) {
→ 39   const user = await prisma.user.findUnique({
         where: {
       +   id: Int
         },
         include: {
           role: true,
           department: true,
           manager: {
             select: {
               id: true,
               fullName: true,
               fullNameAr: true,
               employeeCode: true
             }
           },
           subordinates: {
             select: {
               id: true,
               fullName: true,
               fullNameAr: true,
               employeeCode: true
             }
           },
           tasksAssigned: {
             where: {
               status: {
                 not: "COMPLETED"
               }
             },
             include: {
               category: true
             },
             take: 10
           }
         }
       })

Argument `id` is missing.
[2026-05-12 21:50:56] error: PrismaClientValidationError: 
Invalid `prisma.user.findUnique()` invocation in
C:\Users\Mohamed Hany\Desktop\ادارة المهام\backend\src\modules\users\user.service.ts:39:36

  36 },
  37 
  38 async getById(id: number) {
→ 39   const user = await prisma.user.findUnique({
         where: {
       +   id: Int
         },
         include: {
           role: true,
           department: true,
           manager: {
             select: {
               id: true,
               fullName: true,
               fullNameAr: true,
               employeeCode: true
             }
           },
           subordinates: {
             select: {
               id: true,
               fullName: true,
               fullNameAr: true,
               employeeCode: true
             }
           },
           tasksAssigned: {
             where: {
               status: {
                 not: "COMPLETED"
               }
             },
             include: {
               category: true
             },
             take: 10
           }
         }
       })

Argument `id` is missing.
    at throwValidationException (C:\Users\Mohamed Hany\Desktop\ادارة المهام\backend\node_modules\@prisma\client\src\runtime\core\errorRendering\throwValidationException.ts:45:9)
    at ei.handleRequestError (C:\Users\Mohamed Hany\Desktop\ادارة المهام\backend\node_modules\@prisma\client\src\runtime\RequestHandler.ts:202:7)
    at ei.handleAndLogRequestError (C:\Users\Mohamed Hany\Desktop\ادارة المهام\backend\node_modules\@prisma\client\src\runtime\RequestHandler.ts:174:12)
    at ei.request (C:\Users\Mohamed Hany\Desktop\ادارة المهام\backend\node_modules\@prisma\client\src\runtime\RequestHandler.ts:143:12)
    at async a (C:\Users\Mohamed Hany\Desktop\ادارة المهام\backend\node_modules\@prisma\client\src\runtime\getPrismaClient.ts:833:24)
    at async Object.getById (C:\Users\Mohamed Hany\Desktop\ادارة المهام\backend\src\modules\users\user.service.ts:39:18)
    at async getById (C:\Users\Mohamed Hany\Desktop\ادارة المهام\backend\src\modules\users\user.controller.ts:33:20)
[2026-05-12 22:07:11] error: Error: Invalid or expired token
    at authenticate (C:\Users\Mohamed Hany\Desktop\ادارة المهام\backend\src\middleware\auth.ts:51:12)
    at Layer.handle [as handle_request] (C:\Users\Mohamed Hany\Desktop\ادارة المهام\backend\node_modules\express\lib\router\layer.js:95:5)
    at trim_prefix (C:\Users\Mohamed Hany\Desktop\ادارة المهام\backend\node_modules\express\lib\router\index.js:328:13)
    at C:\Users\Mohamed Hany\Desktop\ادارة المهام\backend\node_modules\express\lib\router\index.js:286:9
    at Function.process_params (C:\Users\Mohamed Hany\Desktop\ادارة المهام\backend\node_modules\express\lib\router\index.js:346:12)
    at next (C:\Users\Mohamed Hany\Desktop\ادارة المهام\backend\node_modules\express\lib\router\index.js:280:10)
    at Function.handle (C:\Users\Mohamed Hany\Desktop\ادارة المهام\backend\node_modules\express\lib\router\index.js:175:3)
    at router (C:\Users\Mohamed Hany\Desktop\ادارة المهام\backend\node_modules\express\lib\router\index.js:47:12)
    at Layer.handle [as handle_request] (C:\Users\Mohamed Hany\Desktop\ادارة المهام\backend\node_modules\express\lib\router\layer.js:95:5)
    at trim_prefix (C:\Users\Mohamed Hany\Desktop\ادارة المهام\backend\node_modules\express\lib\router\index.js:328:13)
    at C:\Users\Mohamed Hany\Desktop\ادارة المهام\backend\node_modules\express\lib\router\index.js:286:9
    at Function.process_params (C:\Users\Mohamed Hany\Desktop\ادارة المهام\backend\node_modules\express\lib\router\index.js:346:12)
    at next (C:\Users\Mohamed Hany\Desktop\ادارة المهام\backend\node_modules\express\lib\router\index.js:280:10)
    at requestLogger (C:\Users\Mohamed Hany\Desktop\ادارة المهام\backend\src\middleware\requestLogger.ts:6:3)
    at Layer.handle [as handle_request] (C:\Users\Mohamed Hany\Desktop\ادارة المهام\backend\node_modules\express\lib\router\layer.js:95:5)
    at trim_prefix (C:\Users\Mohamed Hany\Desktop\ادارة المهام\backend\node_modules\express\lib\router\index.js:328:13)
    at C:\Users\Mohamed Hany\Desktop\ادارة المهام\backend\node_modules\express\lib\router\index.js:286:9
    at Function.process_params (C:\Users\Mohamed Hany\Desktop\ادارة المهام\backend\node_modules\express\lib\router\index.js:346:12)
    at next (C:\Users\Mohamed Hany\Desktop\ادارة المهام\backend\node_modules\express\lib\router\index.js:280:10)
    at urlencodedParser (C:\Users\Mohamed Hany\Desktop\ادارة المهام\backend\node_modules\body-parser\lib\types\urlencoded.js:91:7)
    at Layer.handle [as handle_request] (C:\Users\Mohamed Hany\Desktop\ادارة المهام\backend\node_modules\express\lib\router\layer.js:95:5)
    at trim_prefix (C:\Users\Mohamed Hany\Desktop\ادارة المهام\backend\node_modules\express\lib\router\index.js:328:13)
    at C:\Users\Mohamed Hany\Desktop\ادارة المهام\backend\node_modules\express\lib\router\index.js:286:9
    at Function.process_params (C:\Users\Mohamed Hany\Desktop\ادارة المهام\backend\node_modules\express\lib\router\index.js:346:12)
    at next (C:\Users\Mohamed Hany\Desktop\ادارة المهام\backend\node_modules\express\lib\router\index.js:280:10)
    at jsonParser (C:\Users\Mohamed Hany\Desktop\ادارة المهام\backend\node_modules\body-parser\lib\types\json.js:113:7)
    at Layer.handle [as handle_request] (C:\Users\Mohamed Hany\Desktop\ادارة المهام\backend\node_modules\express\lib\router\layer.js:95:5)
    at trim_prefix (C:\Users\Mohamed Hany\Desktop\ادارة المهام\backend\node_modules\express\lib\router\index.js:328:13)
[2026-05-12 22:07:11] error: Error: Invalid or expired token
    at authenticate (C:\Users\Mohamed Hany\Desktop\ادارة المهام\backend\src\middleware\auth.ts:51:12)
    at Layer.handle [as handle_request] (C:\Users\Mohamed Hany\Desktop\ادارة المهام\backend\node_modules\express\lib\router\layer.js:95:5)
    at trim_prefix (C:\Users\Mohamed Hany\Desktop\ادارة المهام\backend\node_modules\express\lib\router\index.js:328:13)
    at C:\Users\Mohamed Hany\Desktop\ادارة المهام\backend\node_modules\express\lib\router\index.js:286:9
    at Function.process_params (C:\Users\Mohamed Hany\Desktop\ادارة المهام\backend\node_modules\express\lib\router\index.js:346:12)
    at next (C:\Users\Mohamed Hany\Desktop\ادارة المهام\backend\node_modules\express\lib\router\index.js:280:10)
    at Function.handle (C:\Users\Mohamed Hany\Desktop\ادارة المهام\backend\node_modules\express\lib\router\index.js:175:3)
    at router (C:\Users\Mohamed Hany\Desktop\ادارة المهام\backend\node_modules\express\lib\router\index.js:47:12)
    at Layer.handle [as handle_request] (C:\Users\Mohamed Hany\Desktop\ادارة المهام\backend\node_modules\express\lib\router\layer.js:95:5)
    at trim_prefix (C:\Users\Mohamed Hany\Desktop\ادارة المهام\backend\node_modules\express\lib\router\index.js:328:13)
    at C:\Users\Mohamed Hany\Desktop\ادارة المهام\backend\node_modules\express\lib\router\index.js:286:9
    at Function.process_params (C:\Users\Mohamed Hany\Desktop\ادارة المهام\backend\node_modules\express\lib\router\index.js:346:12)
    at next (C:\Users\Mohamed Hany\Desktop\ادارة المهام\backend\node_modules\express\lib\router\index.js:280:10)
    at requestLogger (C:\Users\Mohamed Hany\Desktop\ادارة المهام\backend\src\middleware\requestLogger.ts:6:3)
    at Layer.handle [as handle_request] (C:\Users\Mohamed Hany\Desktop\ادارة المهام\backend\node_modules\express\lib\router\layer.js:95:5)
    at trim_prefix (C:\Users\Mohamed Hany\Desktop\ادارة المهام\backend\node_modules\express\lib\router\index.js:328:13)
    at C:\Users\Mohamed Hany\Desktop\ادارة المهام\backend\node_modules\express\lib\router\index.js:286:9
    at Function.process_params (C:\Users\Mohamed Hany\Desktop\ادارة المهام\backend\node_modules\express\lib\router\index.js:346:12)
    at next (C:\Users\Mohamed Hany\Desktop\ادارة المهام\backend\node_modules\express\lib\router\index.js:280:10)
    at urlencodedParser (C:\Users\Mohamed Hany\Desktop\ادارة المهام\backend\node_modules\body-parser\lib\types\urlencoded.js:91:7)
    at Layer.handle [as handle_request] (C:\Users\Mohamed Hany\Desktop\ادارة المهام\backend\node_modules\express\lib\router\layer.js:95:5)
    at trim_prefix (C:\Users\Mohamed Hany\Desktop\ادارة المهام\backend\node_modules\express\lib\router\index.js:328:13)
    at C:\Users\Mohamed Hany\Desktop\ادارة المهام\backend\node_modules\express\lib\router\index.js:286:9
    at Function.process_params (C:\Users\Mohamed Hany\Desktop\ادارة المهام\backend\node_modules\express\lib\router\index.js:346:12)
    at next (C:\Users\Mohamed Hany\Desktop\ادارة المهام\backend\node_modules\express\lib\router\index.js:280:10)
    at jsonParser (C:\Users\Mohamed Hany\Desktop\ادارة المهام\backend\node_modules\body-parser\lib\types\json.js:113:7)
    at Layer.handle [as handle_request] (C:\Users\Mohamed Hany\Desktop\ادارة المهام\backend\node_modules\express\lib\router\layer.js:95:5)
    at trim_prefix (C:\Users\Mohamed Hany\Desktop\ادارة المهام\backend\node_modules\express\lib\router\index.js:328:13)
[2026-05-12 22:07:11] error: Error: Invalid or expired token
    at authenticate (C:\Users\Mohamed Hany\Desktop\ادارة المهام\backend\src\middleware\auth.ts:51:12)
    at Layer.handle [as handle_request] (C:\Users\Mohamed Hany\Desktop\ادارة المهام\backend\node_modules\express\lib\router\layer.js:95:5)
    at trim_prefix (C:\Users\Mohamed Hany\Desktop\ادارة المهام\backend\node_modules\express\lib\router\index.js:328:13)
    at C:\Users\Mohamed Hany\Desktop\ادارة المهام\backend\node_modules\express\lib\router\index.js:286:9
    at Function.process_params (C:\Users\Mohamed Hany\Desktop\ادارة المهام\backend\node_modules\express\lib\router\index.js:346:12)
    at next (C:\Users\Mohamed Hany\Desktop\ادارة المهام\backend\node_modules\express\lib\router\index.js:280:10)
    at Function.handle (C:\Users\Mohamed Hany\Desktop\ادارة المهام\backend\node_modules\express\lib\router\index.js:175:3)
    at router (C:\Users\Mohamed Hany\Desktop\ادارة المهام\backend\node_modules\express\lib\router\index.js:47:12)
    at Layer.handle [as handle_request] (C:\Users\Mohamed Hany\Desktop\ادارة المهام\backend\node_modules\express\lib\router\layer.js:95:5)
    at trim_prefix (C:\Users\Mohamed Hany\Desktop\ادارة المهام\backend\node_modules\express\lib\router\index.js:328:13)
    at C:\Users\Mohamed Hany\Desktop\ادارة المهام\backend\node_modules\express\lib\router\index.js:286:9
    at Function.process_params (C:\Users\Mohamed Hany\Desktop\ادارة المهام\backend\node_modules\express\lib\router\index.js:346:12)
    at next (C:\Users\Mohamed Hany\Desktop\ادارة المهام\backend\node_modules\express\lib\router\index.js:280:10)
    at requestLogger (C:\Users\Mohamed Hany\Desktop\ادارة المهام\backend\src\middleware\requestLogger.ts:6:3)
    at Layer.handle [as handle_request] (C:\Users\Mohamed Hany\Desktop\ادارة المهام\backend\node_modules\express\lib\router\layer.js:95:5)
    at trim_prefix (C:\Users\Mohamed Hany\Desktop\ادارة المهام\backend\node_modules\express\lib\router\index.js:328:13)
    at C:\Users\Mohamed Hany\Desktop\ادارة المهام\backend\node_modules\express\lib\router\index.js:286:9
    at Function.process_params (C:\Users\Mohamed Hany\Desktop\ادارة المهام\backend\node_modules\express\lib\router\index.js:346:12)
    at next (C:\Users\Mohamed Hany\Desktop\ادارة المهام\backend\node_modules\express\lib\router\index.js:280:10)
    at urlencodedParser (C:\Users\Mohamed Hany\Desktop\ادارة المهام\backend\node_modules\body-parser\lib\types\urlencoded.js:91:7)
    at Layer.handle [as handle_request] (C:\Users\Mohamed Hany\Desktop\ادارة المهام\backend\node_modules\express\lib\router\layer.js:95:5)
    at trim_prefix (C:\Users\Mohamed Hany\Desktop\ادارة المهام\backend\node_modules\express\lib\router\index.js:328:13)
    at C:\Users\Mohamed Hany\Desktop\ادارة المهام\backend\node_modules\express\lib\router\index.js:286:9
    at Function.process_params (C:\Users\Mohamed Hany\Desktop\ادارة المهام\backend\node_modules\express\lib\router\index.js:346:12)
    at next (C:\Users\Mohamed Hany\Desktop\ادارة المهام\backend\node_modules\express\lib\router\index.js:280:10)
    at jsonParser (C:\Users\Mohamed Hany\Desktop\ادارة المهام\backend\node_modules\body-parser\lib\types\json.js:113:7)
    at Layer.handle [as handle_request] (C:\Users\Mohamed Hany\Desktop\ادارة المهام\backend\node_modules\express\lib\router\layer.js:95:5)
    at trim_prefix (C:\Users\Mohamed Hany\Desktop\ادارة المهام\backend\node_modules\express\lib\router\index.js:328:13)
[2026-05-12 22:07:11] error: Error: Invalid or expired token
    at authenticate (C:\Users\Mohamed Hany\Desktop\ادارة المهام\backend\src\middleware\auth.ts:51:12)
    at Layer.handle [as handle_request] (C:\Users\Mohamed Hany\Desktop\ادارة المهام\backend\node_modules\express\lib\router\layer.js:95:5)
    at trim_prefix (C:\Users\Mohamed Hany\Desktop\ادارة المهام\backend\node_modules\express\lib\router\index.js:328:13)
    at C:\Users\Mohamed Hany\Desktop\ادارة المهام\backend\node_modules\express\lib\router\index.js:286:9
    at Function.process_params (C:\Users\Mohamed Hany\Desktop\ادارة المهام\backend\node_modules\express\lib\router\index.js:346:12)
    at next (C:\Users\Mohamed Hany\Desktop\ادارة المهام\backend\node_modules\express\lib\router\index.js:280:10)
    at Function.handle (C:\Users\Mohamed Hany\Desktop\ادارة المهام\backend\node_modules\express\lib\router\index.js:175:3)
    at router (C:\Users\Mohamed Hany\Desktop\ادارة المهام\backend\node_modules\express\lib\router\index.js:47:12)
    at Layer.handle [as handle_request] (C:\Users\Mohamed Hany\Desktop\ادارة المهام\backend\node_modules\express\lib\router\layer.js:95:5)
    at trim_prefix (C:\Users\Mohamed Hany\Desktop\ادارة المهام\backend\node_modules\express\lib\router\index.js:328:13)
    at C:\Users\Mohamed Hany\Desktop\ادارة المهام\backend\node_modules\express\lib\router\index.js:286:9
    at Function.process_params (C:\Users\Mohamed Hany\Desktop\ادارة المهام\backend\node_modules\express\lib\router\index.js:346:12)
    at next (C:\Users\Mohamed Hany\Desktop\ادارة المهام\backend\node_modules\express\lib\router\index.js:280:10)
    at requestLogger (C:\Users\Mohamed Hany\Desktop\ادارة المهام\backend\src\middleware\requestLogger.ts:6:3)
    at Layer.handle [as handle_request] (C:\Users\Mohamed Hany\Desktop\ادارة المهام\backend\node_modules\express\lib\router\layer.js:95:5)
    at trim_prefix (C:\Users\Mohamed Hany\Desktop\ادارة المهام\backend\node_modules\express\lib\router\index.js:328:13)
    at C:\Users\Mohamed Hany\Desktop\ادارة المهام\backend\node_modules\express\lib\router\index.js:286:9
    at Function.process_params (C:\Users\Mohamed Hany\Desktop\ادارة المهام\backend\node_modules\express\lib\router\index.js:346:12)
    at next (C:\Users\Mohamed Hany\Desktop\ادارة المهام\backend\node_modules\express\lib\router\index.js:280:10)
    at urlencodedParser (C:\Users\Mohamed Hany\Desktop\ادارة المهام\backend\node_modules\body-parser\lib\types\urlencoded.js:91:7)
    at Layer.handle [as handle_request] (C:\Users\Mohamed Hany\Desktop\ادارة المهام\backend\node_modules\express\lib\router\layer.js:95:5)
    at trim_prefix (C:\Users\Mohamed Hany\Desktop\ادارة المهام\backend\node_modules\express\lib\router\index.js:328:13)
    at C:\Users\Mohamed Hany\Desktop\ادارة المهام\backend\node_modules\express\lib\router\index.js:286:9
    at Function.process_params (C:\Users\Mohamed Hany\Desktop\ادارة المهام\backend\node_modules\express\lib\router\index.js:346:12)
    at next (C:\Users\Mohamed Hany\Desktop\ادارة المهام\backend\node_modules\express\lib\router\index.js:280:10)
    at jsonParser (C:\Users\Mohamed Hany\Desktop\ادارة المهام\backend\node_modules\body-parser\lib\types\json.js:113:7)
    at Layer.handle [as handle_request] (C:\Users\Mohamed Hany\Desktop\ادارة المهام\backend\node_modules\express\lib\router\layer.js:95:5)
    at trim_prefix (C:\Users\Mohamed Hany\Desktop\ادارة المهام\backend\node_modules\express\lib\router\index.js:328:13)
[2026-05-12 22:07:11] error: Error: Invalid or expired token
    at authenticate (C:\Users\Mohamed Hany\Desktop\ادارة المهام\backend\src\middleware\auth.ts:51:12)
    at Layer.handle [as handle_request] (C:\Users\Mohamed Hany\Desktop\ادارة المهام\backend\node_modules\express\lib\router\layer.js:95:5)
    at trim_prefix (C:\Users\Mohamed Hany\Desktop\ادارة المهام\backend\node_modules\express\lib\router\index.js:328:13)
    at C:\Users\Mohamed Hany\Desktop\ادارة المهام\backend\node_modules\express\lib\router\index.js:286:9
    at Function.process_params (C:\Users\Mohamed Hany\Desktop\ادارة المهام\backend\node_modules\express\lib\router\index.js:346:12)
    at next (C:\Users\Mohamed Hany\Desktop\ادارة المهام\backend\node_modules\express\lib\router\index.js:280:10)
    at Function.handle (C:\Users\Mohamed Hany\Desktop\ادارة المهام\backend\node_modules\express\lib\router\index.js:175:3)
    at router (C:\Users\Mohamed Hany\Desktop\ادارة المهام\backend\node_modules\express\lib\router\index.js:47:12)
    at Layer.handle [as handle_request] (C:\Users\Mohamed Hany\Desktop\ادارة المهام\backend\node_modules\express\lib\router\layer.js:95:5)
    at trim_prefix (C:\Users\Mohamed Hany\Desktop\ادارة المهام\backend\node_modules\express\lib\router\index.js:328:13)
    at C:\Users\Mohamed Hany\Desktop\ادارة المهام\backend\node_modules\express\lib\router\index.js:286:9
    at Function.process_params (C:\Users\Mohamed Hany\Desktop\ادارة المهام\backend\node_modules\express\lib\router\index.js:346:12)
    at next (C:\Users\Mohamed Hany\Desktop\ادارة المهام\backend\node_modules\express\lib\router\index.js:280:10)
    at requestLogger (C:\Users\Mohamed Hany\Desktop\ادارة المهام\backend\src\middleware\requestLogger.ts:6:3)
    at Layer.handle [as handle_request] (C:\Users\Mohamed Hany\Desktop\ادارة المهام\backend\node_modules\express\lib\router\layer.js:95:5)
    at trim_prefix (C:\Users\Mohamed Hany\Desktop\ادارة المهام\backend\node_modules\express\lib\router\index.js:328:13)
    at C:\Users\Mohamed Hany\Desktop\ادارة المهام\backend\node_modules\express\lib\router\index.js:286:9
    at Function.process_params (C:\Users\Mohamed Hany\Desktop\ادارة المهام\backend\node_modules\express\lib\router\index.js:346:12)
    at next (C:\Users\Mohamed Hany\Desktop\ادارة المهام\backend\node_modules\express\lib\router\index.js:280:10)
    at urlencodedParser (C:\Users\Mohamed Hany\Desktop\ادارة المهام\backend\node_modules\body-parser\lib\types\urlencoded.js:91:7)
    at Layer.handle [as handle_request] (C:\Users\Mohamed Hany\Desktop\ادارة المهام\backend\node_modules\express\lib\router\layer.js:95:5)
    at trim_prefix (C:\Users\Mohamed Hany\Desktop\ادارة المهام\backend\node_modules\express\lib\router\index.js:328:13)
    at C:\Users\Mohamed Hany\Desktop\ادارة المهام\backend\node_modules\express\lib\router\index.js:286:9
    at Function.process_params (C:\Users\Mohamed Hany\Desktop\ادارة المهام\backend\node_modules\express\lib\router\index.js:346:12)
    at next (C:\Users\Mohamed Hany\Desktop\ادارة المهام\backend\node_modules\express\lib\router\index.js:280:10)
    at jsonParser (C:\Users\Mohamed Hany\Desktop\ادارة المهام\backend\node_modules\body-parser\lib\types\json.js:113:7)
    at Layer.handle [as handle_request] (C:\Users\Mohamed Hany\Desktop\ادارة المهام\backend\node_modules\express\lib\router\layer.js:95:5)
    at trim_prefix (C:\Users\Mohamed Hany\Desktop\ادارة المهام\backend\node_modules\express\lib\router\index.js:328:13)
[2026-05-12 22:07:11] error: Error: Invalid or expired token
    at authenticate (C:\Users\Mohamed Hany\Desktop\ادارة المهام\backend\src\middleware\auth.ts:51:12)
    at Layer.handle [as handle_request] (C:\Users\Mohamed Hany\Desktop\ادارة المهام\backend\node_modules\express\lib\router\layer.js:95:5)
    at trim_prefix (C:\Users\Mohamed Hany\Desktop\ادارة المهام\backend\node_modules\express\lib\router\index.js:328:13)
    at C:\Users\Mohamed Hany\Desktop\ادارة المهام\backend\node_modules\express\lib\router\index.js:286:9
    at Function.process_params (C:\Users\Mohamed Hany\Desktop\ادارة المهام\backend\node_modules\express\lib\router\index.js:346:12)
    at next (C:\Users\Mohamed Hany\Desktop\ادارة المهام\backend\node_modules\express\lib\router\index.js:280:10)
    at Function.handle (C:\Users\Mohamed Hany\Desktop\ادارة المهام\backend\node_modules\express\lib\router\index.js:175:3)
    at router (C:\Users\Mohamed Hany\Desktop\ادارة المهام\backend\node_modules\express\lib\router\index.js:47:12)
    at Layer.handle [as handle_request] (C:\Users\Mohamed Hany\Desktop\ادارة المهام\backend\node_modules\express\lib\router\layer.js:95:5)
    at trim_prefix (C:\Users\Mohamed Hany\Desktop\ادارة المهام\backend\node_modules\express\lib\router\index.js:328:13)
    at C:\Users\Mohamed Hany\Desktop\ادارة المهام\backend\node_modules\express\lib\router\index.js:286:9
    at Function.process_params (C:\Users\Mohamed Hany\Desktop\ادارة المهام\backend\node_modules\express\lib\router\index.js:346:12)
    at next (C:\Users\Mohamed Hany\Desktop\ادارة المهام\backend\node_modules\express\lib\router\index.js:280:10)
    at requestLogger (C:\Users\Mohamed Hany\Desktop\ادارة المهام\backend\src\middleware\requestLogger.ts:6:3)
    at Layer.handle [as handle_request] (C:\Users\Mohamed Hany\Desktop\ادارة المهام\backend\node_modules\express\lib\router\layer.js:95:5)
    at trim_prefix (C:\Users\Mohamed Hany\Desktop\ادارة المهام\backend\node_modules\express\lib\router\index.js:328:13)
    at C:\Users\Mohamed Hany\Desktop\ادارة المهام\backend\node_modules\express\lib\router\index.js:286:9
    at Function.process_params (C:\Users\Mohamed Hany\Desktop\ادارة المهام\backend\node_modules\express\lib\router\index.js:346:12)
    at next (C:\Users\Mohamed Hany\Desktop\ادارة المهام\backend\node_modules\express\lib\router\index.js:280:10)
    at urlencodedParser (C:\Users\Mohamed Hany\Desktop\ادارة المهام\backend\node_modules\body-parser\lib\types\urlencoded.js:91:7)
    at Layer.handle [as handle_request] (C:\Users\Mohamed Hany\Desktop\ادارة المهام\backend\node_modules\express\lib\router\layer.js:95:5)
    at trim_prefix (C:\Users\Mohamed Hany\Desktop\ادارة المهام\backend\node_modules\express\lib\router\index.js:328:13)
    at C:\Users\Mohamed Hany\Desktop\ادارة المهام\backend\node_modules\express\lib\router\index.js:286:9
    at Function.process_params (C:\Users\Mohamed Hany\Desktop\ادارة المهام\backend\node_modules\express\lib\router\index.js:346:12)
    at next (C:\Users\Mohamed Hany\Desktop\ادارة المهام\backend\node_modules\express\lib\router\index.js:280:10)
    at jsonParser (C:\Users\Mohamed Hany\Desktop\ادارة المهام\backend\node_modules\body-parser\lib\types\json.js:113:7)
    at Layer.handle [as handle_request] (C:\Users\Mohamed Hany\Desktop\ادارة المهام\backend\node_modules\express\lib\router\layer.js:95:5)
    at trim_prefix (C:\Users\Mohamed Hany\Desktop\ادارة المهام\backend\node_modules\express\lib\router\index.js:328:13)
[2026-05-12 22:37:48] error: Error: Invalid or expired token
    at authenticate (C:\Users\Mohamed Hany\Desktop\ادارة المهام\backend\src\middleware\auth.ts:51:12)
    at Layer.handle [as handle_request] (C:\Users\Mohamed Hany\Desktop\ادارة المهام\backend\node_modules\express\lib\router\layer.js:95:5)
    at trim_prefix (C:\Users\Mohamed Hany\Desktop\ادارة المهام\backend\node_modules\express\lib\router\index.js:328:13)
    at C:\Users\Mohamed Hany\Desktop\ادارة المهام\backend\node_modules\express\lib\router\index.js:286:9
    at Function.process_params (C:\Users\Mohamed Hany\Desktop\ادارة المهام\backend\node_modules\express\lib\router\index.js:346:12)
    at next (C:\Users\Mohamed Hany\Desktop\ادارة المهام\backend\node_modules\express\lib\router\index.js:280:10)
    at Function.handle (C:\Users\Mohamed Hany\Desktop\ادارة المهام\backend\node_modules\express\lib\router\index.js:175:3)
    at router (C:\Users\Mohamed Hany\Desktop\ادارة المهام\backend\node_modules\express\lib\router\index.js:47:12)
    at Layer.handle [as handle_request] (C:\Users\Mohamed Hany\Desktop\ادارة المهام\backend\node_modules\express\lib\router\layer.js:95:5)
    at trim_prefix (C:\Users\Mohamed Hany\Desktop\ادارة المهام\backend\node_modules\express\lib\router\index.js:328:13)
    at C:\Users\Mohamed Hany\Desktop\ادارة المهام\backend\node_modules\express\lib\router\index.js:286:9
    at Function.process_params (C:\Users\Mohamed Hany\Desktop\ادارة المهام\backend\node_modules\express\lib\router\index.js:346:12)
    at next (C:\Users\Mohamed Hany\Desktop\ادارة المهام\backend\node_modules\express\lib\router\index.js:280:10)
    at requestLogger (C:\Users\Mohamed Hany\Desktop\ادارة المهام\backend\src\middleware\requestLogger.ts:6:3)
    at Layer.handle [as handle_request] (C:\Users\Mohamed Hany\Desktop\ادارة المهام\backend\node_modules\express\lib\router\layer.js:95:5)
    at trim_prefix (C:\Users\Mohamed Hany\Desktop\ادارة المهام\backend\node_modules\express\lib\router\index.js:328:13)
    at C:\Users\Mohamed Hany\Desktop\ادارة المهام\backend\node_modules\express\lib\router\index.js:286:9
    at Function.process_params (C:\Users\Mohamed Hany\Desktop\ادارة المهام\backend\node_modules\express\lib\router\index.js:346:12)
    at next (C:\Users\Mohamed Hany\Desktop\ادارة المهام\backend\node_modules\express\lib\router\index.js:280:10)
    at urlencodedParser (C:\Users\Mohamed Hany\Desktop\ادارة المهام\backend\node_modules\body-parser\lib\types\urlencoded.js:91:7)
    at Layer.handle [as handle_request] (C:\Users\Mohamed Hany\Desktop\ادارة المهام\backend\node_modules\express\lib\router\layer.js:95:5)
    at trim_prefix (C:\Users\Mohamed Hany\Desktop\ادارة المهام\backend\node_modules\express\lib\router\index.js:328:13)
    at C:\Users\Mohamed Hany\Desktop\ادارة المهام\backend\node_modules\express\lib\router\index.js:286:9
    at Function.process_params (C:\Users\Mohamed Hany\Desktop\ادارة المهام\backend\node_modules\express\lib\router\index.js:346:12)
    at next (C:\Users\Mohamed Hany\Desktop\ادارة المهام\backend\node_modules\express\lib\router\index.js:280:10)
    at jsonParser (C:\Users\Mohamed Hany\Desktop\ادارة المهام\backend\node_modules\body-parser\lib\types\json.js:113:7)
    at Layer.handle [as handle_request] (C:\Users\Mohamed Hany\Desktop\ادارة المهام\backend\node_modules\express\lib\router\layer.js:95:5)
    at trim_prefix (C:\Users\Mohamed Hany\Desktop\ادارة المهام\backend\node_modules\express\lib\router\index.js:328:13)
[2026-05-12 22:37:48] error: Error: Invalid or expired token
    at authenticate (C:\Users\Mohamed Hany\Desktop\ادارة المهام\backend\src\middleware\auth.ts:51:12)
    at Layer.handle [as handle_request] (C:\Users\Mohamed Hany\Desktop\ادارة المهام\backend\node_modules\express\lib\router\layer.js:95:5)
    at trim_prefix (C:\Users\Mohamed Hany\Desktop\ادارة المهام\backend\node_modules\express\lib\router\index.js:328:13)
    at C:\Users\Mohamed Hany\Desktop\ادارة المهام\backend\node_modules\express\lib\router\index.js:286:9
    at Function.process_params (C:\Users\Mohamed Hany\Desktop\ادارة المهام\backend\node_modules\express\lib\router\index.js:346:12)
    at next (C:\Users\Mohamed Hany\Desktop\ادارة المهام\backend\node_modules\express\lib\router\index.js:280:10)
    at Function.handle (C:\Users\Mohamed Hany\Desktop\ادارة المهام\backend\node_modules\express\lib\router\index.js:175:3)
    at router (C:\Users\Mohamed Hany\Desktop\ادارة المهام\backend\node_modules\express\lib\router\index.js:47:12)
    at Layer.handle [as handle_request] (C:\Users\Mohamed Hany\Desktop\ادارة المهام\backend\node_modules\express\lib\router\layer.js:95:5)
    at trim_prefix (C:\Users\Mohamed Hany\Desktop\ادارة المهام\backend\node_modules\express\lib\router\index.js:328:13)
    at C:\Users\Mohamed Hany\Desktop\ادارة المهام\backend\node_modules\express\lib\router\index.js:286:9
    at Function.process_params (C:\Users\Mohamed Hany\Desktop\ادارة المهام\backend\node_modules\express\lib\router\index.js:346:12)
    at next (C:\Users\Mohamed Hany\Desktop\ادارة المهام\backend\node_modules\express\lib\router\index.js:280:10)
    at requestLogger (C:\Users\Mohamed Hany\Desktop\ادارة المهام\backend\src\middleware\requestLogger.ts:6:3)
    at Layer.handle [as handle_request] (C:\Users\Mohamed Hany\Desktop\ادارة المهام\backend\node_modules\express\lib\router\layer.js:95:5)
    at trim_prefix (C:\Users\Mohamed Hany\Desktop\ادارة المهام\backend\node_modules\express\lib\router\index.js:328:13)
    at C:\Users\Mohamed Hany\Desktop\ادارة المهام\backend\node_modules\express\lib\router\index.js:286:9
    at Function.process_params (C:\Users\Mohamed Hany\Desktop\ادارة المهام\backend\node_modules\express\lib\router\index.js:346:12)
    at next (C:\Users\Mohamed Hany\Desktop\ادارة المهام\backend\node_modules\express\lib\router\index.js:280:10)
    at urlencodedParser (C:\Users\Mohamed Hany\Desktop\ادارة المهام\backend\node_modules\body-parser\lib\types\urlencoded.js:91:7)
    at Layer.handle [as handle_request] (C:\Users\Mohamed Hany\Desktop\ادارة المهام\backend\node_modules\express\lib\router\layer.js:95:5)
    at trim_prefix (C:\Users\Mohamed Hany\Desktop\ادارة المهام\backend\node_modules\express\lib\router\index.js:328:13)
    at C:\Users\Mohamed Hany\Desktop\ادارة المهام\backend\node_modules\express\lib\router\index.js:286:9
    at Function.process_params (C:\Users\Mohamed Hany\Desktop\ادارة المهام\backend\node_modules\express\lib\router\index.js:346:12)
    at next (C:\Users\Mohamed Hany\Desktop\ادارة المهام\backend\node_modules\express\lib\router\index.js:280:10)
    at jsonParser (C:\Users\Mohamed Hany\Desktop\ادارة المهام\backend\node_modules\body-parser\lib\types\json.js:113:7)
    at Layer.handle [as handle_request] (C:\Users\Mohamed Hany\Desktop\ادارة المهام\backend\node_modules\express\lib\router\layer.js:95:5)
    at trim_prefix (C:\Users\Mohamed Hany\Desktop\ادارة المهام\backend\node_modules\express\lib\router\index.js:328:13)
[2026-05-12 22:37:48] error: Error: Invalid or expired token
    at authenticate (C:\Users\Mohamed Hany\Desktop\ادارة المهام\backend\src\middleware\auth.ts:51:12)
    at Layer.handle [as handle_request] (C:\Users\Mohamed Hany\Desktop\ادارة المهام\backend\node_modules\express\lib\router\layer.js:95:5)
    at trim_prefix (C:\Users\Mohamed Hany\Desktop\ادارة المهام\backend\node_modules\express\lib\router\index.js:328:13)
    at C:\Users\Mohamed Hany\Desktop\ادارة المهام\backend\node_modules\express\lib\router\index.js:286:9
    at Function.process_params (C:\Users\Mohamed Hany\Desktop\ادارة المهام\backend\node_modules\express\lib\router\index.js:346:12)
    at next (C:\Users\Mohamed Hany\Desktop\ادارة المهام\backend\node_modules\express\lib\router\index.js:280:10)
    at Function.handle (C:\Users\Mohamed Hany\Desktop\ادارة المهام\backend\node_modules\express\lib\router\index.js:175:3)
    at router (C:\Users\Mohamed Hany\Desktop\ادارة المهام\backend\node_modules\express\lib\router\index.js:47:12)
    at Layer.handle [as handle_request] (C:\Users\Mohamed Hany\Desktop\ادارة المهام\backend\node_modules\express\lib\router\layer.js:95:5)
    at trim_prefix (C:\Users\Mohamed Hany\Desktop\ادارة المهام\backend\node_modules\express\lib\router\index.js:328:13)
    at C:\Users\Mohamed Hany\Desktop\ادارة المهام\backend\node_modules\express\lib\router\index.js:286:9
    at Function.process_params (C:\Users\Mohamed Hany\Desktop\ادارة المهام\backend\node_modules\express\lib\router\index.js:346:12)
    at next (C:\Users\Mohamed Hany\Desktop\ادارة المهام\backend\node_modules\express\lib\router\index.js:280:10)
    at requestLogger (C:\Users\Mohamed Hany\Desktop\ادارة المهام\backend\src\middleware\requestLogger.ts:6:3)
    at Layer.handle [as handle_request] (C:\Users\Mohamed Hany\Desktop\ادارة المهام\backend\node_modules\express\lib\router\layer.js:95:5)
    at trim_prefix (C:\Users\Mohamed Hany\Desktop\ادارة المهام\backend\node_modules\express\lib\router\index.js:328:13)
    at C:\Users\Mohamed Hany\Desktop\ادارة المهام\backend\node_modules\express\lib\router\index.js:286:9
    at Function.process_params (C:\Users\Mohamed Hany\Desktop\ادارة المهام\backend\node_modules\express\lib\router\index.js:346:12)
    at next (C:\Users\Mohamed Hany\Desktop\ادارة المهام\backend\node_modules\express\lib\router\index.js:280:10)
    at urlencodedParser (C:\Users\Mohamed Hany\Desktop\ادارة المهام\backend\node_modules\body-parser\lib\types\urlencoded.js:91:7)
    at Layer.handle [as handle_request] (C:\Users\Mohamed Hany\Desktop\ادارة المهام\backend\node_modules\express\lib\router\layer.js:95:5)
    at trim_prefix (C:\Users\Mohamed Hany\Desktop\ادارة المهام\backend\node_modules\express\lib\router\index.js:328:13)
    at C:\Users\Mohamed Hany\Desktop\ادارة المهام\backend\node_modules\express\lib\router\index.js:286:9
    at Function.process_params (C:\Users\Mohamed Hany\Desktop\ادارة المهام\backend\node_modules\express\lib\router\index.js:346:12)
    at next (C:\Users\Mohamed Hany\Desktop\ادارة المهام\backend\node_modules\express\lib\router\index.js:280:10)
    at jsonParser (C:\Users\Mohamed Hany\Desktop\ادارة المهام\backend\node_modules\body-parser\lib\types\json.js:113:7)
    at Layer.handle [as handle_request] (C:\Users\Mohamed Hany\Desktop\ادارة المهام\backend\node_modules\express\lib\router\layer.js:95:5)
    at trim_prefix (C:\Users\Mohamed Hany\Desktop\ادارة المهام\backend\node_modules\express\lib\router\index.js:328:13)
[2026-05-12 22:37:48] error: Error: Invalid or expired token
    at authenticate (C:\Users\Mohamed Hany\Desktop\ادارة المهام\backend\src\middleware\auth.ts:51:12)
    at Layer.handle [as handle_request] (C:\Users\Mohamed Hany\Desktop\ادارة المهام\backend\node_modules\express\lib\router\layer.js:95:5)
    at trim_prefix (C:\Users\Mohamed Hany\Desktop\ادارة المهام\backend\node_modules\express\lib\router\index.js:328:13)
    at C:\Users\Mohamed Hany\Desktop\ادارة المهام\backend\node_modules\express\lib\router\index.js:286:9
    at Function.process_params (C:\Users\Mohamed Hany\Desktop\ادارة المهام\backend\node_modules\express\lib\router\index.js:346:12)
    at next (C:\Users\Mohamed Hany\Desktop\ادارة المهام\backend\node_modules\express\lib\router\index.js:280:10)
    at Function.handle (C:\Users\Mohamed Hany\Desktop\ادارة المهام\backend\node_modules\express\lib\router\index.js:175:3)
    at router (C:\Users\Mohamed Hany\Desktop\ادارة المهام\backend\node_modules\express\lib\router\index.js:47:12)
    at Layer.handle [as handle_request] (C:\Users\Mohamed Hany\Desktop\ادارة المهام\backend\node_modules\express\lib\router\layer.js:95:5)
    at trim_prefix (C:\Users\Mohamed Hany\Desktop\ادارة المهام\backend\node_modules\express\lib\router\index.js:328:13)
    at C:\Users\Mohamed Hany\Desktop\ادارة المهام\backend\node_modules\express\lib\router\index.js:286:9
    at Function.process_params (C:\Users\Mohamed Hany\Desktop\ادارة المهام\backend\node_modules\express\lib\router\index.js:346:12)
    at next (C:\Users\Mohamed Hany\Desktop\ادارة المهام\backend\node_modules\express\lib\router\index.js:280:10)
    at requestLogger (C:\Users\Mohamed Hany\Desktop\ادارة المهام\backend\src\middleware\requestLogger.ts:6:3)
    at Layer.handle [as handle_request] (C:\Users\Mohamed Hany\Desktop\ادارة المهام\backend\node_modules\express\lib\router\layer.js:95:5)
    at trim_prefix (C:\Users\Mohamed Hany\Desktop\ادارة المهام\backend\node_modules\express\lib\router\index.js:328:13)
    at C:\Users\Mohamed Hany\Desktop\ادارة المهام\backend\node_modules\express\lib\router\index.js:286:9
    at Function.process_params (C:\Users\Mohamed Hany\Desktop\ادارة المهام\backend\node_modules\express\lib\router\index.js:346:12)
    at next (C:\Users\Mohamed Hany\Desktop\ادارة المهام\backend\node_modules\express\lib\router\index.js:280:10)
    at urlencodedParser (C:\Users\Mohamed Hany\Desktop\ادارة المهام\backend\node_modules\body-parser\lib\types\urlencoded.js:91:7)
    at Layer.handle [as handle_request] (C:\Users\Mohamed Hany\Desktop\ادارة المهام\backend\node_modules\express\lib\router\layer.js:95:5)
    at trim_prefix (C:\Users\Mohamed Hany\Desktop\ادارة المهام\backend\node_modules\express\lib\router\index.js:328:13)
    at C:\Users\Mohamed Hany\Desktop\ادارة المهام\backend\node_modules\express\lib\router\index.js:286:9
    at Function.process_params (C:\Users\Mohamed Hany\Desktop\ادارة المهام\backend\node_modules\express\lib\router\index.js:346:12)
    at next (C:\Users\Mohamed Hany\Desktop\ادارة المهام\backend\node_modules\express\lib\router\index.js:280:10)
    at jsonParser (C:\Users\Mohamed Hany\Desktop\ادارة المهام\backend\node_modules\body-parser\lib\types\json.js:113:7)
    at Layer.handle [as handle_request] (C:\Users\Mohamed Hany\Desktop\ادارة المهام\backend\node_modules\express\lib\router\layer.js:95:5)
    at trim_prefix (C:\Users\Mohamed Hany\Desktop\ادارة المهام\backend\node_modules\express\lib\router\index.js:328:13)
[2026-05-12 22:37:48] error: Error: Invalid or expired token
    at authenticate (C:\Users\Mohamed Hany\Desktop\ادارة المهام\backend\src\middleware\auth.ts:51:12)
    at Layer.handle [as handle_request] (C:\Users\Mohamed Hany\Desktop\ادارة المهام\backend\node_modules\express\lib\router\layer.js:95:5)
    at trim_prefix (C:\Users\Mohamed Hany\Desktop\ادارة المهام\backend\node_modules\express\lib\router\index.js:328:13)
    at C:\Users\Mohamed Hany\Desktop\ادارة المهام\backend\node_modules\express\lib\router\index.js:286:9
    at Function.process_params (C:\Users\Mohamed Hany\Desktop\ادارة المهام\backend\node_modules\express\lib\router\index.js:346:12)
    at next (C:\Users\Mohamed Hany\Desktop\ادارة المهام\backend\node_modules\express\lib\router\index.js:280:10)
    at Function.handle (C:\Users\Mohamed Hany\Desktop\ادارة المهام\backend\node_modules\express\lib\router\index.js:175:3)
    at router (C:\Users\Mohamed Hany\Desktop\ادارة المهام\backend\node_modules\express\lib\router\index.js:47:12)
    at Layer.handle [as handle_request] (C:\Users\Mohamed Hany\Desktop\ادارة المهام\backend\node_modules\express\lib\router\layer.js:95:5)
    at trim_prefix (C:\Users\Mohamed Hany\Desktop\ادارة المهام\backend\node_modules\express\lib\router\index.js:328:13)
    at C:\Users\Mohamed Hany\Desktop\ادارة المهام\backend\node_modules\express\lib\router\index.js:286:9
    at Function.process_params (C:\Users\Mohamed Hany\Desktop\ادارة المهام\backend\node_modules\express\lib\router\index.js:346:12)
    at next (C:\Users\Mohamed Hany\Desktop\ادارة المهام\backend\node_modules\express\lib\router\index.js:280:10)
    at requestLogger (C:\Users\Mohamed Hany\Desktop\ادارة المهام\backend\src\middleware\requestLogger.ts:6:3)
    at Layer.handle [as handle_request] (C:\Users\Mohamed Hany\Desktop\ادارة المهام\backend\node_modules\express\lib\router\layer.js:95:5)
    at trim_prefix (C:\Users\Mohamed Hany\Desktop\ادارة المهام\backend\node_modules\express\lib\router\index.js:328:13)
    at C:\Users\Mohamed Hany\Desktop\ادارة المهام\backend\node_modules\express\lib\router\index.js:286:9
    at Function.process_params (C:\Users\Mohamed Hany\Desktop\ادارة المهام\backend\node_modules\express\lib\router\index.js:346:12)
    at next (C:\Users\Mohamed Hany\Desktop\ادارة المهام\backend\node_modules\express\lib\router\index.js:280:10)
    at urlencodedParser (C:\Users\Mohamed Hany\Desktop\ادارة المهام\backend\node_modules\body-parser\lib\types\urlencoded.js:91:7)
    at Layer.handle [as handle_request] (C:\Users\Mohamed Hany\Desktop\ادارة المهام\backend\node_modules\express\lib\router\layer.js:95:5)
    at trim_prefix (C:\Users\Mohamed Hany\Desktop\ادارة المهام\backend\node_modules\express\lib\router\index.js:328:13)
    at C:\Users\Mohamed Hany\Desktop\ادارة المهام\backend\node_modules\express\lib\router\index.js:286:9
    at Function.process_params (C:\Users\Mohamed Hany\Desktop\ادارة المهام\backend\node_modules\express\lib\router\index.js:346:12)
    at next (C:\Users\Mohamed Hany\Desktop\ادارة المهام\backend\node_modules\express\lib\router\index.js:280:10)
    at jsonParser (C:\Users\Mohamed Hany\Desktop\ادارة المهام\backend\node_modules\body-parser\lib\types\json.js:113:7)
    at Layer.handle [as handle_request] (C:\Users\Mohamed Hany\Desktop\ادارة المهام\backend\node_modules\express\lib\router\layer.js:95:5)
    at trim_prefix (C:\Users\Mohamed Hany\Desktop\ادارة المهام\backend\node_modules\express\lib\router\index.js:328:13)
[2026-05-12 22:37:48] error: Error: Invalid or expired token
    at authenticate (C:\Users\Mohamed Hany\Desktop\ادارة المهام\backend\src\middleware\auth.ts:51:12)
    at Layer.handle [as handle_request] (C:\Users\Mohamed Hany\Desktop\ادارة المهام\backend\node_modules\express\lib\router\layer.js:95:5)
    at trim_prefix (C:\Users\Mohamed Hany\Desktop\ادارة المهام\backend\node_modules\express\lib\router\index.js:328:13)
    at C:\Users\Mohamed Hany\Desktop\ادارة المهام\backend\node_modules\express\lib\router\index.js:286:9
    at Function.process_params (C:\Users\Mohamed Hany\Desktop\ادارة المهام\backend\node_modules\express\lib\router\index.js:346:12)
    at next (C:\Users\Mohamed Hany\Desktop\ادارة المهام\backend\node_modules\express\lib\router\index.js:280:10)
    at Function.handle (C:\Users\Mohamed Hany\Desktop\ادارة المهام\backend\node_modules\express\lib\router\index.js:175:3)
    at router (C:\Users\Mohamed Hany\Desktop\ادارة المهام\backend\node_modules\express\lib\router\index.js:47:12)
    at Layer.handle [as handle_request] (C:\Users\Mohamed Hany\Desktop\ادارة المهام\backend\node_modules\express\lib\router\layer.js:95:5)
    at trim_prefix (C:\Users\Mohamed Hany\Desktop\ادارة المهام\backend\node_modules\express\lib\router\index.js:328:13)
    at C:\Users\Mohamed Hany\Desktop\ادارة المهام\backend\node_modules\express\lib\router\index.js:286:9
    at Function.process_params (C:\Users\Mohamed Hany\Desktop\ادارة المهام\backend\node_modules\express\lib\router\index.js:346:12)
    at next (C:\Users\Mohamed Hany\Desktop\ادارة المهام\backend\node_modules\express\lib\router\index.js:280:10)
    at requestLogger (C:\Users\Mohamed Hany\Desktop\ادارة المهام\backend\src\middleware\requestLogger.ts:6:3)
    at Layer.handle [as handle_request] (C:\Users\Mohamed Hany\Desktop\ادارة المهام\backend\node_modules\express\lib\router\layer.js:95:5)
    at trim_prefix (C:\Users\Mohamed Hany\Desktop\ادارة المهام\backend\node_modules\express\lib\router\index.js:328:13)
    at C:\Users\Mohamed Hany\Desktop\ادارة المهام\backend\node_modules\express\lib\router\index.js:286:9
    at Function.process_params (C:\Users\Mohamed Hany\Desktop\ادارة المهام\backend\node_modules\express\lib\router\index.js:346:12)
    at next (C:\Users\Mohamed Hany\Desktop\ادارة المهام\backend\node_modules\express\lib\router\index.js:280:10)
    at urlencodedParser (C:\Users\Mohamed Hany\Desktop\ادارة المهام\backend\node_modules\body-parser\lib\types\urlencoded.js:91:7)
    at Layer.handle [as handle_request] (C:\Users\Mohamed Hany\Desktop\ادارة المهام\backend\node_modules\express\lib\router\layer.js:95:5)
    at trim_prefix (C:\Users\Mohamed Hany\Desktop\ادارة المهام\backend\node_modules\express\lib\router\index.js:328:13)
    at C:\Users\Mohamed Hany\Desktop\ادارة المهام\backend\node_modules\express\lib\router\index.js:286:9
    at Function.process_params (C:\Users\Mohamed Hany\Desktop\ادارة المهام\backend\node_modules\express\lib\router\index.js:346:12)
    at next (C:\Users\Mohamed Hany\Desktop\ادارة المهام\backend\node_modules\express\lib\router\index.js:280:10)
    at jsonParser (C:\Users\Mohamed Hany\Desktop\ادارة المهام\backend\node_modules\body-parser\lib\types\json.js:113:7)
    at Layer.handle [as handle_request] (C:\Users\Mohamed Hany\Desktop\ادارة المهام\backend\node_modules\express\lib\router\layer.js:95:5)
    at trim_prefix (C:\Users\Mohamed Hany\Desktop\ادارة المهام\backend\node_modules\express\lib\router\index.js:328:13)
[2026-05-13 00:51:57] error: Error: Invalid or expired token
    at authenticate (C:\Users\Mohamed Hany\Desktop\ادارة المهام\backend\src\middleware\auth.ts:51:12)
    at Layer.handle [as handle_request] (C:\Users\Mohamed Hany\Desktop\ادارة المهام\backend\node_modules\express\lib\router\layer.js:95:5)
    at trim_prefix (C:\Users\Mohamed Hany\Desktop\ادارة المهام\backend\node_modules\express\lib\router\index.js:328:13)
    at C:\Users\Mohamed Hany\Desktop\ادارة المهام\backend\node_modules\express\lib\router\index.js:286:9
    at Function.process_params (C:\Users\Mohamed Hany\Desktop\ادارة المهام\backend\node_modules\express\lib\router\index.js:346:12)
    at next (C:\Users\Mohamed Hany\Desktop\ادارة المهام\backend\node_modules\express\lib\router\index.js:280:10)
    at Function.handle (C:\Users\Mohamed Hany\Desktop\ادارة المهام\backend\node_modules\express\lib\router\index.js:175:3)
    at router (C:\Users\Mohamed Hany\Desktop\ادارة المهام\backend\node_modules\express\lib\router\index.js:47:12)
    at Layer.handle [as handle_request] (C:\Users\Mohamed Hany\Desktop\ادارة المهام\backend\node_modules\express\lib\router\layer.js:95:5)
    at trim_prefix (C:\Users\Mohamed Hany\Desktop\ادارة المهام\backend\node_modules\express\lib\router\index.js:328:13)
    at C:\Users\Mohamed Hany\Desktop\ادارة المهام\backend\node_modules\express\lib\router\index.js:286:9
    at Function.process_params (C:\Users\Mohamed Hany\Desktop\ادارة المهام\backend\node_modules\express\lib\router\index.js:346:12)
    at next (C:\Users\Mohamed Hany\Desktop\ادارة المهام\backend\node_modules\express\lib\router\index.js:280:10)
    at requestLogger (C:\Users\Mohamed Hany\Desktop\ادارة المهام\backend\src\middleware\requestLogger.ts:6:3)
    at Layer.handle [as handle_request] (C:\Users\Mohamed Hany\Desktop\ادارة المهام\backend\node_modules\express\lib\router\layer.js:95:5)
    at trim_prefix (C:\Users\Mohamed Hany\Desktop\ادارة المهام\backend\node_modules\express\lib\router\index.js:328:13)
    at C:\Users\Mohamed Hany\Desktop\ادارة المهام\backend\node_modules\express\lib\router\index.js:286:9
    at Function.process_params (C:\Users\Mohamed Hany\Desktop\ادارة المهام\backend\node_modules\express\lib\router\index.js:346:12)
    at next (C:\Users\Mohamed Hany\Desktop\ادارة المهام\backend\node_modules\express\lib\router\index.js:280:10)
    at urlencodedParser (C:\Users\Mohamed Hany\Desktop\ادارة المهام\backend\node_modules\body-parser\lib\types\urlencoded.js:91:7)
    at Layer.handle [as handle_request] (C:\Users\Mohamed Hany\Desktop\ادارة المهام\backend\node_modules\express\lib\router\layer.js:95:5)
    at trim_prefix (C:\Users\Mohamed Hany\Desktop\ادارة المهام\backend\node_modules\express\lib\router\index.js:328:13)
    at C:\Users\Mohamed Hany\Desktop\ادارة المهام\backend\node_modules\express\lib\router\index.js:286:9
    at Function.process_params (C:\Users\Mohamed Hany\Desktop\ادارة المهام\backend\node_modules\express\lib\router\index.js:346:12)
    at next (C:\Users\Mohamed Hany\Desktop\ادارة المهام\backend\node_modules\express\lib\router\index.js:280:10)
    at jsonParser (C:\Users\Mohamed Hany\Desktop\ادارة المهام\backend\node_modules\body-parser\lib\types\json.js:113:7)
    at Layer.handle [as handle_request] (C:\Users\Mohamed Hany\Desktop\ادارة المهام\backend\node_modules\express\lib\router\layer.js:95:5)
    at trim_prefix (C:\Users\Mohamed Hany\Desktop\ادارة المهام\backend\node_modules\express\lib\router\index.js:328:13)
[2026-05-13 00:51:57] error: Error: Invalid or expired token
    at authenticate (C:\Users\Mohamed Hany\Desktop\ادارة المهام\backend\src\middleware\auth.ts:51:12)
    at Layer.handle [as handle_request] (C:\Users\Mohamed Hany\Desktop\ادارة المهام\backend\node_modules\express\lib\router\layer.js:95:5)
    at trim_prefix (C:\Users\Mohamed Hany\Desktop\ادارة المهام\backend\node_modules\express\lib\router\index.js:328:13)
    at C:\Users\Mohamed Hany\Desktop\ادارة المهام\backend\node_modules\express\lib\router\index.js:286:9
    at Function.process_params (C:\Users\Mohamed Hany\Desktop\ادارة المهام\backend\node_modules\express\lib\router\index.js:346:12)
    at next (C:\Users\Mohamed Hany\Desktop\ادارة المهام\backend\node_modules\express\lib\router\index.js:280:10)
    at Function.handle (C:\Users\Mohamed Hany\Desktop\ادارة المهام\backend\node_modules\express\lib\router\index.js:175:3)
    at router (C:\Users\Mohamed Hany\Desktop\ادارة المهام\backend\node_modules\express\lib\router\index.js:47:12)
    at Layer.handle [as handle_request] (C:\Users\Mohamed Hany\Desktop\ادارة المهام\backend\node_modules\express\lib\router\layer.js:95:5)
    at trim_prefix (C:\Users\Mohamed Hany\Desktop\ادارة المهام\backend\node_modules\express\lib\router\index.js:328:13)
    at C:\Users\Mohamed Hany\Desktop\ادارة المهام\backend\node_modules\express\lib\router\index.js:286:9
    at Function.process_params (C:\Users\Mohamed Hany\Desktop\ادارة المهام\backend\node_modules\express\lib\router\index.js:346:12)
    at next (C:\Users\Mohamed Hany\Desktop\ادارة المهام\backend\node_modules\express\lib\router\index.js:280:10)
    at requestLogger (C:\Users\Mohamed Hany\Desktop\ادارة المهام\backend\src\middleware\requestLogger.ts:6:3)
    at Layer.handle [as handle_request] (C:\Users\Mohamed Hany\Desktop\ادارة المهام\backend\node_modules\express\lib\router\layer.js:95:5)
    at trim_prefix (C:\Users\Mohamed Hany\Desktop\ادارة المهام\backend\node_modules\express\lib\router\index.js:328:13)
    at C:\Users\Mohamed Hany\Desktop\ادارة المهام\backend\node_modules\express\lib\router\index.js:286:9
    at Function.process_params (C:\Users\Mohamed Hany\Desktop\ادارة المهام\backend\node_modules\express\lib\router\index.js:346:12)
    at next (C:\Users\Mohamed Hany\Desktop\ادارة المهام\backend\node_modules\express\lib\router\index.js:280:10)
    at urlencodedParser (C:\Users\Mohamed Hany\Desktop\ادارة المهام\backend\node_modules\body-parser\lib\types\urlencoded.js:91:7)
    at Layer.handle [as handle_request] (C:\Users\Mohamed Hany\Desktop\ادارة المهام\backend\node_modules\express\lib\router\layer.js:95:5)
    at trim_prefix (C:\Users\Mohamed Hany\Desktop\ادارة المهام\backend\node_modules\express\lib\router\index.js:328:13)
    at C:\Users\Mohamed Hany\Desktop\ادارة المهام\backend\node_modules\express\lib\router\index.js:286:9
    at Function.process_params (C:\Users\Mohamed Hany\Desktop\ادارة المهام\backend\node_modules\express\lib\router\index.js:346:12)
    at next (C:\Users\Mohamed Hany\Desktop\ادارة المهام\backend\node_modules\express\lib\router\index.js:280:10)
    at jsonParser (C:\Users\Mohamed Hany\Desktop\ادارة المهام\backend\node_modules\body-parser\lib\types\json.js:113:7)
    at Layer.handle [as handle_request] (C:\Users\Mohamed Hany\Desktop\ادارة المهام\backend\node_modules\express\lib\router\layer.js:95:5)
    at trim_prefix (C:\Users\Mohamed Hany\Desktop\ادارة المهام\backend\node_modules\express\lib\router\index.js:328:13)
[2026-05-13 00:51:57] error: Error: Invalid or expired token
    at authenticate (C:\Users\Mohamed Hany\Desktop\ادارة المهام\backend\src\middleware\auth.ts:51:12)
    at Layer.handle [as handle_request] (C:\Users\Mohamed Hany\Desktop\ادارة المهام\backend\node_modules\express\lib\router\layer.js:95:5)
    at trim_prefix (C:\Users\Mohamed Hany\Desktop\ادارة المهام\backend\node_modules\express\lib\router\index.js:328:13)
    at C:\Users\Mohamed Hany\Desktop\ادارة المهام\backend\node_modules\express\lib\router\index.js:286:9
    at Function.process_params (C:\Users\Mohamed Hany\Desktop\ادارة المهام\backend\node_modules\express\lib\router\index.js:346:12)
    at next (C:\Users\Mohamed Hany\Desktop\ادارة المهام\backend\node_modules\express\lib\router\index.js:280:10)
    at Function.handle (C:\Users\Mohamed Hany\Desktop\ادارة المهام\backend\node_modules\express\lib\router\index.js:175:3)
    at router (C:\Users\Mohamed Hany\Desktop\ادارة المهام\backend\node_modules\express\lib\router\index.js:47:12)
    at Layer.handle [as handle_request] (C:\Users\Mohamed Hany\Desktop\ادارة المهام\backend\node_modules\express\lib\router\layer.js:95:5)
    at trim_prefix (C:\Users\Mohamed Hany\Desktop\ادارة المهام\backend\node_modules\express\lib\router\index.js:328:13)
    at C:\Users\Mohamed Hany\Desktop\ادارة المهام\backend\node_modules\express\lib\router\index.js:286:9
    at Function.process_params (C:\Users\Mohamed Hany\Desktop\ادارة المهام\backend\node_modules\express\lib\router\index.js:346:12)
    at next (C:\Users\Mohamed Hany\Desktop\ادارة المهام\backend\node_modules\express\lib\router\index.js:280:10)
    at requestLogger (C:\Users\Mohamed Hany\Desktop\ادارة المهام\backend\src\middleware\requestLogger.ts:6:3)
    at Layer.handle [as handle_request] (C:\Users\Mohamed Hany\Desktop\ادارة المهام\backend\node_modules\express\lib\router\layer.js:95:5)
    at trim_prefix (C:\Users\Mohamed Hany\Desktop\ادارة المهام\backend\node_modules\express\lib\router\index.js:328:13)
    at C:\Users\Mohamed Hany\Desktop\ادارة المهام\backend\node_modules\express\lib\router\index.js:286:9
    at Function.process_params (C:\Users\Mohamed Hany\Desktop\ادارة المهام\backend\node_modules\express\lib\router\index.js:346:12)
    at next (C:\Users\Mohamed Hany\Desktop\ادارة المهام\backend\node_modules\express\lib\router\index.js:280:10)
    at urlencodedParser (C:\Users\Mohamed Hany\Desktop\ادارة المهام\backend\node_modules\body-parser\lib\types\urlencoded.js:91:7)
    at Layer.handle [as handle_request] (C:\Users\Mohamed Hany\Desktop\ادارة المهام\backend\node_modules\express\lib\router\layer.js:95:5)
    at trim_prefix (C:\Users\Mohamed Hany\Desktop\ادارة المهام\backend\node_modules\express\lib\router\index.js:328:13)
    at C:\Users\Mohamed Hany\Desktop\ادارة المهام\backend\node_modules\express\lib\router\index.js:286:9
    at Function.process_params (C:\Users\Mohamed Hany\Desktop\ادارة المهام\backend\node_modules\express\lib\router\index.js:346:12)
    at next (C:\Users\Mohamed Hany\Desktop\ادارة المهام\backend\node_modules\express\lib\router\index.js:280:10)
    at jsonParser (C:\Users\Mohamed Hany\Desktop\ادارة المهام\backend\node_modules\body-parser\lib\types\json.js:113:7)
    at Layer.handle [as handle_request] (C:\Users\Mohamed Hany\Desktop\ادارة المهام\backend\node_modules\express\lib\router\layer.js:95:5)
    at trim_prefix (C:\Users\Mohamed Hany\Desktop\ادارة المهام\backend\node_modules\express\lib\router\index.js:328:13)
[2026-05-13 00:51:57] error: Error: Invalid or expired token
    at authenticate (C:\Users\Mohamed Hany\Desktop\ادارة المهام\backend\src\middleware\auth.ts:51:12)
    at Layer.handle [as handle_request] (C:\Users\Mohamed Hany\Desktop\ادارة المهام\backend\node_modules\express\lib\router\layer.js:95:5)
    at trim_prefix (C:\Users\Mohamed Hany\Desktop\ادارة المهام\backend\node_modules\express\lib\router\index.js:328:13)
    at C:\Users\Mohamed Hany\Desktop\ادارة المهام\backend\node_modules\express\lib\router\index.js:286:9
    at Function.process_params (C:\Users\Mohamed Hany\Desktop\ادارة المهام\backend\node_modules\express\lib\router\index.js:346:12)
    at next (C:\Users\Mohamed Hany\Desktop\ادارة المهام\backend\node_modules\express\lib\router\index.js:280:10)
    at Function.handle (C:\Users\Mohamed Hany\Desktop\ادارة المهام\backend\node_modules\express\lib\router\index.js:175:3)
    at router (C:\Users\Mohamed Hany\Desktop\ادارة المهام\backend\node_modules\express\lib\router\index.js:47:12)
    at Layer.handle [as handle_request] (C:\Users\Mohamed Hany\Desktop\ادارة المهام\backend\node_modules\express\lib\router\layer.js:95:5)
    at trim_prefix (C:\Users\Mohamed Hany\Desktop\ادارة المهام\backend\node_modules\express\lib\router\index.js:328:13)
    at C:\Users\Mohamed Hany\Desktop\ادارة المهام\backend\node_modules\express\lib\router\index.js:286:9
    at Function.process_params (C:\Users\Mohamed Hany\Desktop\ادارة المهام\backend\node_modules\express\lib\router\index.js:346:12)
    at next (C:\Users\Mohamed Hany\Desktop\ادارة المهام\backend\node_modules\express\lib\router\index.js:280:10)
    at requestLogger (C:\Users\Mohamed Hany\Desktop\ادارة المهام\backend\src\middleware\requestLogger.ts:6:3)
    at Layer.handle [as handle_request] (C:\Users\Mohamed Hany\Desktop\ادارة المهام\backend\node_modules\express\lib\router\layer.js:95:5)
    at trim_prefix (C:\Users\Mohamed Hany\Desktop\ادارة المهام\backend\node_modules\express\lib\router\index.js:328:13)
    at C:\Users\Mohamed Hany\Desktop\ادارة المهام\backend\node_modules\express\lib\router\index.js:286:9
    at Function.process_params (C:\Users\Mohamed Hany\Desktop\ادارة المهام\backend\node_modules\express\lib\router\index.js:346:12)
    at next (C:\Users\Mohamed Hany\Desktop\ادارة المهام\backend\node_modules\express\lib\router\index.js:280:10)
    at urlencodedParser (C:\Users\Mohamed Hany\Desktop\ادارة المهام\backend\node_modules\body-parser\lib\types\urlencoded.js:91:7)
    at Layer.handle [as handle_request] (C:\Users\Mohamed Hany\Desktop\ادارة المهام\backend\node_modules\express\lib\router\layer.js:95:5)
    at trim_prefix (C:\Users\Mohamed Hany\Desktop\ادارة المهام\backend\node_modules\express\lib\router\index.js:328:13)
    at C:\Users\Mohamed Hany\Desktop\ادارة المهام\backend\node_modules\express\lib\router\index.js:286:9
    at Function.process_params (C:\Users\Mohamed Hany\Desktop\ادارة المهام\backend\node_modules\express\lib\router\index.js:346:12)
    at next (C:\Users\Mohamed Hany\Desktop\ادارة المهام\backend\node_modules\express\lib\router\index.js:280:10)
    at jsonParser (C:\Users\Mohamed Hany\Desktop\ادارة المهام\backend\node_modules\body-parser\lib\types\json.js:113:7)
    at Layer.handle [as handle_request] (C:\Users\Mohamed Hany\Desktop\ادارة المهام\backend\node_modules\express\lib\router\layer.js:95:5)
    at trim_prefix (C:\Users\Mohamed Hany\Desktop\ادارة المهام\backend\node_modules\express\lib\router\index.js:328:13)
[2026-05-13 00:51:57] error: Error: Invalid or expired token
    at authenticate (C:\Users\Mohamed Hany\Desktop\ادارة المهام\backend\src\middleware\auth.ts:51:12)
    at Layer.handle [as handle_request] (C:\Users\Mohamed Hany\Desktop\ادارة المهام\backend\node_modules\express\lib\router\layer.js:95:5)
    at trim_prefix (C:\Users\Mohamed Hany\Desktop\ادارة المهام\backend\node_modules\express\lib\router\index.js:328:13)
    at C:\Users\Mohamed Hany\Desktop\ادارة المهام\backend\node_modules\express\lib\router\index.js:286:9
    at Function.process_params (C:\Users\Mohamed Hany\Desktop\ادارة المهام\backend\node_modules\express\lib\router\index.js:346:12)
    at next (C:\Users\Mohamed Hany\Desktop\ادارة المهام\backend\node_modules\express\lib\router\index.js:280:10)
    at Function.handle (C:\Users\Mohamed Hany\Desktop\ادارة المهام\backend\node_modules\express\lib\router\index.js:175:3)
    at router (C:\Users\Mohamed Hany\Desktop\ادارة المهام\backend\node_modules\express\lib\router\index.js:47:12)
    at Layer.handle [as handle_request] (C:\Users\Mohamed Hany\Desktop\ادارة المهام\backend\node_modules\express\lib\router\layer.js:95:5)
    at trim_prefix (C:\Users\Mohamed Hany\Desktop\ادارة المهام\backend\node_modules\express\lib\router\index.js:328:13)
    at C:\Users\Mohamed Hany\Desktop\ادارة المهام\backend\node_modules\express\lib\router\index.js:286:9
    at Function.process_params (C:\Users\Mohamed Hany\Desktop\ادارة المهام\backend\node_modules\express\lib\router\index.js:346:12)
    at next (C:\Users\Mohamed Hany\Desktop\ادارة المهام\backend\node_modules\express\lib\router\index.js:280:10)
    at requestLogger (C:\Users\Mohamed Hany\Desktop\ادارة المهام\backend\src\middleware\requestLogger.ts:6:3)
    at Layer.handle [as handle_request] (C:\Users\Mohamed Hany\Desktop\ادارة المهام\backend\node_modules\express\lib\router\layer.js:95:5)
    at trim_prefix (C:\Users\Mohamed Hany\Desktop\ادارة المهام\backend\node_modules\express\lib\router\index.js:328:13)
    at C:\Users\Mohamed Hany\Desktop\ادارة المهام\backend\node_modules\express\lib\router\index.js:286:9
    at Function.process_params (C:\Users\Mohamed Hany\Desktop\ادارة المهام\backend\node_modules\express\lib\router\index.js:346:12)
    at next (C:\Users\Mohamed Hany\Desktop\ادارة المهام\backend\node_modules\express\lib\router\index.js:280:10)
    at urlencodedParser (C:\Users\Mohamed Hany\Desktop\ادارة المهام\backend\node_modules\body-parser\lib\types\urlencoded.js:91:7)
    at Layer.handle [as handle_request] (C:\Users\Mohamed Hany\Desktop\ادارة المهام\backend\node_modules\express\lib\router\layer.js:95:5)
    at trim_prefix (C:\Users\Mohamed Hany\Desktop\ادارة المهام\backend\node_modules\express\lib\router\index.js:328:13)
    at C:\Users\Mohamed Hany\Desktop\ادارة المهام\backend\node_modules\express\lib\router\index.js:286:9
    at Function.process_params (C:\Users\Mohamed Hany\Desktop\ادارة المهام\backend\node_modules\express\lib\router\index.js:346:12)
    at next (C:\Users\Mohamed Hany\Desktop\ادارة المهام\backend\node_modules\express\lib\router\index.js:280:10)
    at jsonParser (C:\Users\Mohamed Hany\Desktop\ادارة المهام\backend\node_modules\body-parser\lib\types\json.js:113:7)
    at Layer.handle [as handle_request] (C:\Users\Mohamed Hany\Desktop\ادارة المهام\backend\node_modules\express\lib\router\layer.js:95:5)
    at trim_prefix (C:\Users\Mohamed Hany\Desktop\ادارة المهام\backend\node_modules\express\lib\router\index.js:328:13)
[2026-05-13 00:51:57] error: Error: Invalid or expired token
    at authenticate (C:\Users\Mohamed Hany\Desktop\ادارة المهام\backend\src\middleware\auth.ts:51:12)
    at Layer.handle [as handle_request] (C:\Users\Mohamed Hany\Desktop\ادارة المهام\backend\node_modules\express\lib\router\layer.js:95:5)
    at trim_prefix (C:\Users\Mohamed Hany\Desktop\ادارة المهام\backend\node_modules\express\lib\router\index.js:328:13)
    at C:\Users\Mohamed Hany\Desktop\ادارة المهام\backend\node_modules\express\lib\router\index.js:286:9
    at Function.process_params (C:\Users\Mohamed Hany\Desktop\ادارة المهام\backend\node_modules\express\lib\router\index.js:346:12)
    at next (C:\Users\Mohamed Hany\Desktop\ادارة المهام\backend\node_modules\express\lib\router\index.js:280:10)
    at Function.handle (C:\Users\Mohamed Hany\Desktop\ادارة المهام\backend\node_modules\express\lib\router\index.js:175:3)
    at router (C:\Users\Mohamed Hany\Desktop\ادارة المهام\backend\node_modules\express\lib\router\index.js:47:12)
    at Layer.handle [as handle_request] (C:\Users\Mohamed Hany\Desktop\ادارة المهام\backend\node_modules\express\lib\router\layer.js:95:5)
    at trim_prefix (C:\Users\Mohamed Hany\Desktop\ادارة المهام\backend\node_modules\express\lib\router\index.js:328:13)
    at C:\Users\Mohamed Hany\Desktop\ادارة المهام\backend\node_modules\express\lib\router\index.js:286:9
    at Function.process_params (C:\Users\Mohamed Hany\Desktop\ادارة المهام\backend\node_modules\express\lib\router\index.js:346:12)
    at next (C:\Users\Mohamed Hany\Desktop\ادارة المهام\backend\node_modules\express\lib\router\index.js:280:10)
    at requestLogger (C:\Users\Mohamed Hany\Desktop\ادارة المهام\backend\src\middleware\requestLogger.ts:6:3)
    at Layer.handle [as handle_request] (C:\Users\Mohamed Hany\Desktop\ادارة المهام\backend\node_modules\express\lib\router\layer.js:95:5)
    at trim_prefix (C:\Users\Mohamed Hany\Desktop\ادارة المهام\backend\node_modules\express\lib\router\index.js:328:13)
    at C:\Users\Mohamed Hany\Desktop\ادارة المهام\backend\node_modules\express\lib\router\index.js:286:9
    at Function.process_params (C:\Users\Mohamed Hany\Desktop\ادارة المهام\backend\node_modules\express\lib\router\index.js:346:12)
    at next (C:\Users\Mohamed Hany\Desktop\ادارة المهام\backend\node_modules\express\lib\router\index.js:280:10)
    at urlencodedParser (C:\Users\Mohamed Hany\Desktop\ادارة المهام\backend\node_modules\body-parser\lib\types\urlencoded.js:91:7)
    at Layer.handle [as handle_request] (C:\Users\Mohamed Hany\Desktop\ادارة المهام\backend\node_modules\express\lib\router\layer.js:95:5)
    at trim_prefix (C:\Users\Mohamed Hany\Desktop\ادارة المهام\backend\node_modules\express\lib\router\index.js:328:13)
    at C:\Users\Mohamed Hany\Desktop\ادارة المهام\backend\node_modules\express\lib\router\index.js:286:9
    at Function.process_params (C:\Users\Mohamed Hany\Desktop\ادارة المهام\backend\node_modules\express\lib\router\index.js:346:12)
    at next (C:\Users\Mohamed Hany\Desktop\ادارة المهام\backend\node_modules\express\lib\router\index.js:280:10)
    at jsonParser (C:\Users\Mohamed Hany\Desktop\ادارة المهام\backend\node_modules\body-parser\lib\types\json.js:113:7)
    at Layer.handle [as handle_request] (C:\Users\Mohamed Hany\Desktop\ادارة المهام\backend\node_modules\express\lib\router\layer.js:95:5)
    at trim_prefix (C:\Users\Mohamed Hany\Desktop\ادارة المهام\backend\node_modules\express\lib\router\index.js:328:13)
